id,market_and_exchange_names,report_date_as_yyyy_mm_dd,yyyy_report_week_ww,contract_market_name,cftc_contract_market_code,cftc_market_code,cftc_region_code,cftc_commodity_code,commodity_name,open_interest_all,dealer_positions_long_all,dealer_positions_short_all,dealer_positions_spread_all,asset_mgr_positions_long,asset_mgr_positions_short,asset_mgr_positions_spread,lev_money_positions_long,lev_money_positions_short,lev_money_positions_spread,other_rept_positions_long,other_rept_positions_short,other_rept_positions_spread,tot_rept_positions_long_all,tot_rept_positions_short,nonrept_positions_long_all,nonrept_positions_short_all,pct_of_open_interest_all,pct_of_oi_dealer_long_all,pct_of_oi_dealer_short_all,pct_of_oi_dealer_spread_all,pct_of_oi_asset_mgr_long,pct_of_oi_asset_mgr_short,pct_of_oi_asset_mgr_spread,pct_of_oi_lev_money_long,pct_of_oi_lev_money_short,pct_of_oi_lev_money_spread,pct_of_oi_other_rept_long,pct_of_oi_other_rept_short,pct_of_oi_other_rept_spread,pct_of_oi_tot_rept_long_all,pct_of_oi_tot_rept_short,pct_of_oi_nonrept_long_all,pct_of_oi_nonrept_short_all,traders_tot_all,traders_asset_mgr_short_all,traders_asset_mgr_spread,traders_lev_money_long_all,traders_lev_money_short_all,traders_other_rept_long_all,traders_other_rept_spread,traders_tot_rept_long_all,traders_tot_rept_short_all,conc_gross_le_4_tdr_long,conc_gross_le_4_tdr_short,conc_gross_le_8_tdr_long,conc_gross_le_8_tdr_short,conc_net_le_4_tdr_long_all,conc_net_le_4_tdr_short_all,conc_net_le_8_tdr_long_all,conc_net_le_8_tdr_short_all,contract_units,cftc_subgroup_code,commodity,commodity_subgroup_name,commodity_group_name,futonly_or_combined,change_in_open_interest_all,change_in_dealer_long_all,change_in_dealer_short_all,change_in_dealer_spread_all,change_in_asset_mgr_long,change_in_asset_mgr_short,change_in_asset_mgr_spread,change_in_lev_money_long,change_in_lev_money_short,change_in_lev_money_spread,change_in_other_rept_long,change_in_other_rept_short,change_in_other_rept_spread,change_in_tot_rept_long_all,change_in_tot_rept_short,change_in_nonrept_long_all,change_in_nonrept_short_all,traders_dealer_long_all,traders_dealer_spread_all,traders_dealer_short_all,traders_asset_mgr_long_all,traders_lev_money_spread,traders_other_rept_short
0608291170E1F,VIX FUTURES - CBOE FUTURES EXCHANGE,2006-08-29T00:00:00.000,2006 Report Week 35,VIX FUTURES,1170E1,E,CHI,117,VOLATILITY/VARIANCE INDEX,43376,858,28584,1644,18000,0,0,17104,9928,709,0,1535,0,38315,42400,5061,976,100.0,2.0,65.9,3.8,41.5,0.0,0.0,39.4,22.9,1.6,0.0,3.5,0.0,88.3,97.7,11.7,2.3,20,0,0,7,4,0,0,16,9,76.6,89.1,83.1,96.8,75.9,85.4,80.8,92.3,'($1000 X INDEX)',F90,VOLATILITY/VARIANCE INDEX,OTHER FINANCIAL INSTRUMENTS,FINANCIAL INSTRUMENTS,FutOnly,,,,,,,,,,,,,,,,,,,,,,,
0609051170E1F,VIX FUTURES - CBOE FUTURES EXCHANGE,2006-09-05T00:00:00.000,2006 Report Week 36,VIX FUTURES,1170E1,E,CHI,117,VOLATILITY/VARIANCE INDEX,45702,2274,29717,2070,17150,0,0,17252,9966,1057,0,1535,564,40367,44909,5335,793,100.0,5.0,65.0,4.5,37.5,0.0,0.0,37.7,21.8,2.3,0.0,3.4,1.2,88.3,98.3,11.7,1.7,21,0,0,6,4,0,,16,10,73.5,89.2,81.8,96.5,72.3,83.6,78.2,90.2,'($1000 X INDEX)',F90,VOLATILITY/VARIANCE INDEX,OTHER FINANCIAL INSTRUMENTS,FINANCIAL INSTRUMENTS,FutOnly,2326,1416,1133,426,-850,0,0,148,38,348,0,0,564,2052,2509,274,-183,4,,,,,
0609121170E1F,VIX FUTURES - CBOE FUTURES EXCHANGE,2006-09-12T00:00:00.000,2006 Report Week 37,VIX FUTURES,1170E1,E,CHI,117,VOLATILITY/VARIANCE INDEX,46956,2474,30403,2225,18202,0,0,17228,9784,1286,0,1286,564,41979,45548,4977,1408,100.0,5.3,64.7,4.7,38.8,0.0,0.0,36.7,20.8,2.7,0.0,2.7,1.2,89.4,97.0,10.6,3.0,21,0,0,6,4,0,,17,10,74.5,88.3,82.8,95.3,73.0,82.1,78.9,88.3,'($1000 X INDEX)',F90,VOLATILITY/VARIANCE INDEX,OTHER FINANCIAL INSTRUMENTS,FINANCIAL INSTRUMENTS,FutOnly,1254,200,686,155,1052,0,0,-24,-182,229,0,-249,0,1612,639,-358,615,4,,,,,
0609191170E1F,VIX FUTURES - CBOE FUTURES EXCHANGE,2006-09-19T00:00:00.000,2006 Report Week 38,VIX FUTURES,1170E1,E,CHI,117,VOLATILITY/VARIANCE INDEX,49654,2539,31064,2226,18504,0,0,17767,10223,2057,0,1444,575,43668,47589,5986,2065,100.0,5.1,62.6,4.5,37.3,0.0,0.0,35.8,20.6,4.1,0.0,2.9,1.2,87.9,95.8,12.1,4.2,22,0,0,6,4,0,,20,10,70.3,86.7,79.3,94.2,69.4,79.7,75.7,86.1,'($1000 X INDEX)',F90,VOLATILITY/VARIANCE INDEX,OTHER FINANCIAL INSTRUMENTS,FINANCIAL INSTRUMENTS,FutOnly,2698,65,661,1,302,0,0,539,439,771,0,158,11,1689,2041,1009,657,4,,,,,
0609261170E1F,VIX FUTURES - CBOE FUTURES EXCHANGE,2006-09-26T00:00:00.000,2006 Report Week 39,VIX FUTURES,1170E1,E,CHI,117,VOLATILITY/VARIANCE INDEX,53755,2447,34048,3148,23555,0,0,17042,11300,1258,0,1543,627,48077,51924,5678,1831,100.0,4.6,63.3,5.9,43.8,0.0,0.0,31.7,21.0,2.3,0.0,2.9,1.2,89.4,96.6,10.6,3.4,22,0,0,5,5,0,,18,11,75.4,86.4,82.7,94.7,72.7,79.6,78.0,87.1,'($1000 X INDEX)',F90,VOLATILITY/VARIANCE INDEX,OTHER FINANCIAL INSTRUMENTS,FINANCIAL INSTRUMENTS,FutOnly,4101,-92,2984,922,5051,0,0,-725,1077,-799,0,99,52,4409,4335,-308,-234,4,,,,,
0610031170E1F,VIX FUTURES - CBOE FUTURES EXCHANGE,2006-10-03T00:00:00.000,2006 Report Week 40,VIX FUTURES,1170E1,E,CHI,117,VOLATILITY/VARIANCE INDEX,55929,2442,34404,2488,23700,0,0,17811,11764,617,222,1662,627,47907,51562,8022,4367,100.0,4.4,61.5,4.4,42.4,0.0,0.0,31.8,21.0,1.1,0.4,3.0,1.1,85.7,92.2,14.3,7.8,24,0,0,6,5,,,19,11,71.9,81.4,79.3,90.4,70.1,76.5,75.9,85.2,'($1000 X INDEX)',F90,VOLATILITY/VARIANCE INDEX,OTHER FINANCIAL INSTRUMENTS,FINANCIAL INSTRUMENTS,FutOnly,2174,-5,356,-660,145,0,0,769,464,-641,222,119,0,-170,-362,2344,2536,4,,,,,
0610101170E1F,VIX FUTURES - CBOE FUTURES EXCHANGE,2006-10-10T00:00:00.000,2006 Report Week 41,VIX FUTURES,1170E1,E,CHI,117,VOLATILITY/VARIANCE INDEX,57977,2503,31891,5044,19800,0,0,17665,11495,1892,387,1531,627,47918,52480,10059,5497,100.0,4.3,55.0,8.7,34.2,0.0,0.0,30.5,19.8,3.3,0.7,2.6,1.1,82.7,90.5,17.3,9.5,26,0,0,6,7,,,20,13,66.3,77.1,74.3,87.8,60.6,66.9,66.2,76.2,'($1000 X INDEX)',F90,VOLATILITY/VARIANCE INDEX,OTHER FINANCIAL INSTRUMENTS,FINANCIAL INSTRUMENTS,FutOnly,2048,61,-2513,2556,-3900,0,0,-146,-269,1275,165,-131,0,11,918,2037,1130,4,,,,,
0610171170E1F,VIX FUTURES - CBOE FUTURES EXCHANGE,2006-10-17T00:00:00.000,2006 Report Week 42,VIX FUTURES,1170E1,E,CHI,117,VOLATILITY/VARIANCE INDEX,54409,2581,30315,2659,17674,0,0,17233,10697,2786,387,1789,697,44017,48943,10392,5466,100.0,4.7,55.7,4.9,32.5,0.0,0.0,31.7,19.7,5.1,0.7,3.3,1.3,80.9,90.0,19.1,10.0,26,0,0,5,7,,,22,13,61.7,74.6,70.7,86.7,60.4,66.8,66.4,77.3,'($1000 X INDEX)',F90,VOLATILITY/VARIANCE INDEX,OTHER FINANCIAL INSTRUMENTS,FINANCIAL INSTRUMENTS,FutOnly,-3568,78,-1576,-2385,-2126,0,0,-432,-798,894,0,258,70,-3901,-3537,333,-31,5,4,,,,
0610241170E1F,VIX FUTURES - CBOE FUTURES EXCHANGE,2006-10-24T00:00:00.000,2006 Report Week 43,VIX FUTURES,1170E1,E,CHI,117,VOLATILITY/VARIANCE INDEX,50271,2601,29650,2030,17900,0,0,17472,10814,2502,24,1761,710,43239,47467,7032,2804,100.0,5.2,59.0,4.0,35.6,0.0,0.0,34.8,21.5,5.0,0.0,3.5,1.4,86.0,94.4,14.0,5.6,27,0,0,6,7,,,20,14,65.4,76.7,75.1,89.9,64.4,70.4,71.9,82.0,'($1000 X INDEX)',F90,VOLATILITY/VARIANCE INDEX,OTHER FINANCIAL INSTRUMENTS,FINANCIAL INSTRUMENTS,FutOnly,-4138,20,-665,-629,226,0,0,239,117,-284,-363,-28,13,-778,-1476,-3360,-2662,5,,,,,
0610311170E1F,VIX FUTURES - CBOE FUTURES EXCHANGE,2006-10-31T00:00:00.000,2006 Report Week 44,VIX FUTURES,1170E1,E,CHI,117,VOLATILITY/VARIANCE INDEX,47115,2726,26486,1957,11788,0,0,18806,9324,3110,85,1784,794,39266,43455,7849,3660,100.0,5.8,56.2,4.2,25.0,0.0,0.0,39.9,19.8,6.6,0.2,3.8,1.7,83.3,92.2,16.7,7.8,28,0,0,7,7,,,22,14,58.7,73.3,69.7,87.2,57.1,65.2,65.8,77.3,'($1000 X INDEX)',F90,VOLATILITY/VARIANCE INDEX,OTHER FINANCIAL INSTRUMENTS,FINANCIAL INSTRUMENTS,FutOnly,-3156,125,-3164,-73,-6112,0,0,1334,-1490,608,61,23,84,-3973,-4012,817,856,5,4,,,,
0611071170E1F,VIX FUTURES - CBOE FUTURES EXCHANGE,2006-11-07T00:00:00.000,2006 Report Week 45,VIX FUTURES,1170E1,E,CHI,117,VOLATILITY/VARIANCE INDEX,45390,2654,25499,2228,6767,0,0,20050,9040,3247,74,1865,713,35733,42592,9657,2798,100.0,5.8,56.2,4.9,14.9,0.0,0.0,44.2,19.9,7.2,0.2,4.1,1.6,78.7,93.8,21.3,6.2,30,0,0,9,7,,,24,15,50.9,73.3,62.5,87.7,49.1,65.3,59.3,77.6,'($1000 X INDEX)',F90,VOLATILITY/VARIANCE INDEX,OTHER FINANCIAL INSTRUMENTS,FINANCIAL INSTRUMENTS,FutOnly,-1725,-72,-987,271,-5021,0,0,1244,-284,137,-11,81,-81,-3533,-863,1808,-862,5,4,4,,,
0611141170E1F,VIX FUTURES - CBOE FUTURES EXCHANGE,2006-11-14T00:00:00.000,2006 Report Week 46,VIX FUTURES,1170E1,E,CHI,117,VOLATILITY/VARIANCE INDEX,49627,2914,25112,2987,7910,0,0,21290,10503,3231,0,1584,346,38678,43763,10949,5864,100.0,5.9,50.6,6.0,15.9,0.0,0.0,42.9,21.2,6.5,0.0,3.2,0.7,77.9,88.2,22.1,11.8,31,0,0,10,8,0,,24,15,48.4,71.8,59.9,83.3,45.6,63.1,56.1,72.2,'($1000 X INDEX)',F90,VOLATILITY/VARIANCE INDEX,OTHER FINANCIAL INSTRUMENTS,FINANCIAL INSTRUMENTS,FutOnly,4237,260,-387,759,1143,0,0,1240,1463,-16,-74,-281,-367,2945,1171,1292,3066,5,4,4,,,
0611211170E1F,VIX FUTURES - CBOE FUTURES EXCHANGE,2006-11-21T00:00:00.000,2006 Report Week 47,VIX FUTURES,1170E1,E,CHI,117,VOLATILITY/VARIANCE INDEX,34767,2225,14767,2093,7300,0,0,16462,12289,755,0,1939,0,28835,31843,5932,2924,100.0,6.4,42.5,6.0,21.0,0.0,0.0,47.3,35.3,2.2,0.0,5.6,0.0,82.9,91.6,17.1,8.4,27,0,0,7,6,0,0,20,12,59.6,73.7,71.4,87.1,59.6,68.0,68.6,80.2,'($1000 X INDEX)',F90,VOLATILITY/VARIANCE INDEX,OTHER FINANCIAL INSTRUMENTS,FINANCIAL INSTRUMENTS,FutOnly,-14860,-689,-10345,-894,-610,0,0,-4828,1786,-2476,0,355,-346,-9843,-11920,-5017,-2940,4,4,5,4,,
0611281170E1F,VIX FUTURES - CBOE FUTURES EXCHANGE,2006-11-28T00:00:00.000,2006 Report Week 48,VIX FUTURES,1170E1,E,CHI,117,VOLATILITY/VARIANCE INDEX,37441,2275,15873,2553,7300,0,0,16610,12584,639,0,1754,99,29476,33502,7965,3939,100.0,6.1,42.4,6.8,19.5,0.0,0.0,44.4,33.6,1.7,0.0,4.7,0.3,78.7,89.5,21.3,10.5,27,0,0,7,6,0,,21,12,55.6,70.8,67.6,84.8,55.6,65.8,64.0,77.5,'($1000 X INDEX)',F90,VOLATILITY/VARIANCE INDEX,OTHER FINANCIAL INSTRUMENTS,FINANCIAL INSTRUMENTS,FutOnly,2674,50,1106,460,0,0,0,148,295,-116,0,-185,99,641,1659,2033,1015,4,4,5,4,,
0612051170E1F,VIX FUTURES - CBOE FUTURES EXCHANGE,2006-12-05T00:00:00.000,2006 Report Week 49,VIX FUTURES,1170E1,E,CHI,117,VOLATILITY/VARIANCE INDEX,39246,2234,16398,3478,7108,0,0,17027,13275,1119,0,1665,160,31126,36095,8120,3151,100.0,5.7,41.8,8.9,18.1,0.0,0.0,43.4,33.8,2.9,0.0,4.2,0.4,79.3,92.0,20.7,8.0,28,0,0,8,6,0,,22,12,53.5,72.8,65.1,87.3,53.2,65.6,61.2,77.0,'($1000 X INDEX)',F90,VOLATILITY/VARIANCE INDEX,OTHER FINANCIAL INSTRUMENTS,FINANCIAL INSTRUMENTS,FutOnly,1805,-41,525,925,-192,0,0,417,691,480,0,-89,61,1650,2593,155,-788,4,4,5,4,,
0612121170E1F,VIX FUTURES - CBOE FUTURES EXCHANGE,2006-12-12T00:00:00.000,2006 Report Week 50,VIX FUTURES,1170E1,E,CHI,117,VOLATILITY/VARIANCE INDEX,40895,2055,17198,3217,6031,0,0,17906,12981,2259,0,1323,204,31672,37182,9223,3713,100.0,5.0,42.1,7.9,14.7,0.0,0.0,43.8,31.7,5.5,0.0,3.2,0.5,77.4,90.9,22.6,9.1,29,0,0,9,6,0,,25,12,51.0,73.2,63.4,86.7,49.6,64.7,56.8,74.6,'($1000 X INDEX)',F90,VOLATILITY/VARIANCE INDEX,OTHER FINANCIAL INSTRUMENTS,FINANCIAL INSTRUMENTS,FutOnly,1649,-179,800,-261,-1077,0,0,879,-294,1140,0,-342,44,546,1087,1103,562,4,5,5,4,,
0612191170E1F,VIX FUTURES - CBOE FUTURES EXCHANGE,2006-12-19T00:00:00.000,2006 Report Week 51,VIX FUTURES,1170E1,E,CHI,117,VOLATILITY/VARIANCE INDEX,36684,1257,14499,3038,1807,0,0,19254,10848,1859,0,988,382,27597,31614,9087,5070,100.0,3.4,39.5,8.3,4.9,0.0,0.0,52.5,29.6,5.1,0.0,2.7,1.0,75.2,86.2,24.8,13.8,24,0,0,8,5,0,,20,11,50.8,73.5,64.6,83.7,49.2,64.4,55.7,70.8,'($1000 X INDEX)',F90,VOLATILITY/VARIANCE INDEX,OTHER FINANCIAL INSTRUMENTS,FINANCIAL INSTRUMENTS,FutOnly,-4211,-798,-2699,-179,-4224,0,0,1348,-2133,-400,0,-335,178,-4075,-5568,-136,1357,5,4,,,,
0701031170E1F,VIX FUTURES - CBOE FUTURES EXCHANGE,2007-01-03T00:00:00.000,2007 Report Week 01,VIX FUTURES,1170E1,E,CHI,117,VOLATILITY/VARIANCE INDEX,34191,1957,15189,2877,1161,0,0,18752,10559,1565,0,918,412,26724,31520,7467,2671,100.0,5.7,44.4,8.4,3.4,0.0,0.0,54.8,30.9,4.6,0.0,2.7,1.2,78.2,92.2,21.8,7.8,23,0,0,7,6,0,,17,12,53.9,79.4,68.1,89.4,52.0,71.3,59.7,76.7,'($1000 X INDEX)',F90,VOLATILITY/VARIANCE INDEX,OTHER FINANCIAL INSTRUMENTS,FINANCIAL INSTRUMENTS,FutOnly,-2493,700,690,-161,-646,0,0,-502,-289,-294,0,-70,30,-873,-94,-1620,-2399,5,4,,,,
0701091170E1F,VIX FUTURES - CBOE FUTURES EXCHANGE,2007-01-09T00:00:00.000,2007 Report Week 02,VIX FUTURES,1170E1,E,CHI,117,VOLATILITY/VARIANCE INDEX,34130,1771,15555,3044,1313,0,0,19307,10589,990,0,883,412,26837,31473,7293,2657,100.0,5.2,45.6,8.9,3.8,0.0,0.0,56.6,31.0,2.9,0.0,2.6,1.2,78.6,92.2,21.4,7.8,22,0,0,8,6,0,,16,10,54.5,80.9,68.3,90.7,52.7,72.8,60.9,78.5,'($1000 X INDEX)',F90,VOLATILITY/VARIANCE INDEX,OTHER FINANCIAL INSTRUMENTS,FINANCIAL INSTRUMENTS,FutOnly,-61,-186,366,167,152,0,0,555,30,-575,0,-35,0,113,-47,-174,-14,4,,,,,
0701161170E1F,VIX FUTURES - CBOE FUTURES EXCHANGE,2007-01-16T00:00:00.000,2007 Report Week 03,VIX FUTURES,1170E1,E,CHI,117,VOLATILITY/VARIANCE INDEX,38528,1416,16345,4101,1398,0,0,18909,10212,1211,1452,1210,445,28932,33524,9596,5004,100.0,3.7,42.4,10.6,3.6,0.0,0.0,49.1,26.5,3.1,3.8,3.1,1.2,75.1,87.0,24.9,13.0,24,0,0,8,6,,,20,11,48.9,74.6,61.9,84.3,46.5,66.3,56.0,71.1,'($1000 X INDEX)',F90,VOLATILITY/VARIANCE INDEX,OTHER FINANCIAL INSTRUMENTS,FINANCIAL INSTRUMENTS,FutOnly,4398,-355,790,1057,85,0,0,-398,-377,221,1452,327,33,2095,2051,2303,2347,,,,,,
0701231170E1F,VIX FUTURES - CBOE FUTURES EXCHANGE,2007-01-23T00:00:00.000,2007 Report Week 04,VIX FUTURES,1170E1,E,CHI,117,VOLATILITY/VARIANCE INDEX,35584,1454,15646,4227,1700,0,0,18177,9540,1120,1523,1194,355,28556,32082,7028,3502,100.0,4.1,44.0,11.9,4.8,0.0,0.0,51.1,26.8,3.1,4.3,3.4,1.0,80.2,90.2,19.8,9.8,24,0,0,7,6,,,19,12,52.6,75.6,65.9,87.9,50.9,67.1,59.7,73.4,'($1000 X INDEX)',F90,VOLATILITY/VARIANCE INDEX,OTHER FINANCIAL INSTRUMENTS,FINANCIAL INSTRUMENTS,FutOnly,-2944,38,-699,126,302,0,0,-732,-672,-91,71,-16,-90,-376,-1442,-2568,-1502,,4,,,,
0701301170E1F,VIX FUTURES - CBOE FUTURES EXCHANGE,2007-01-30T00:00:00.000,2007 Report Week 05,VIX FUTURES,1170E1,E,CHI,117,VOLATILITY/VARIANCE INDEX,34944,1431,14758,3597,1700,0,0,18541,8855,1449,1438,1171,467,28623,30297,6321,4647,100.0,4.1,42.2,10.3,4.9,0.0,0.0,53.1,25.3,4.1,4.1,3.4,1.3,81.9,86.7,18.1,13.3,23,0,0,7,5,,,19,11,53.0,72.3,67.3,84.8,52.9,64.4,61.8,70.8,'($1000 X INDEX)',F90,VOLATILITY/VARIANCE INDEX,OTHER FINANCIAL INSTRUMENTS,FINANCIAL INSTRUMENTS,FutOnly,-640,-23,-888,-630,0,0,0,364,-685,329,-85,-23,112,67,-1785,-707,1145,,4,,,,
0702061170E1F,VIX FUTURES - CBOE FUTURES EXCHANGE,2007-02-06T00:00:00.000,2007 Report Week 06,VIX FUTURES,1170E1,E,CHI,117,VOLATILITY/VARIANCE INDEX,39150,2446,17704,3696,1957,0,0,19663,9672,997,1407,1531,342,30508,33942,8642,5208,100.0,6.2,45.2,9.4,5.0,0.0,0.0,50.2,24.7,2.5,3.6,3.9,0.9,77.9,86.7,22.1,13.3,25,0,0,7,5,,,20,16,51.0,70.6,63.6,83.0,50.9,64.8,61.0,71.8,'($1000 X INDEX)',F90,VOLATILITY/VARIANCE INDEX,OTHER FINANCIAL INSTRUMENTS,FINANCIAL INSTRUMENTS,FutOnly,4206,1015,2946,99,257,0,0,1122,817,-452,-31,360,-125,1885,3645,2321,561,,5,5,,,
0702131170E1F,VIX FUTURES - CBOE FUTURES EXCHANGE,2007-02-13T00:00:00.000,2007 Report Week 07,VIX FUTURES,1170E1,E,CHI,117,VOLATILITY/VARIANCE INDEX,39866,1397,18132,4117,1328,0,0,21600,8523,1225,254,929,395,30316,33321,9550,6545,100.0,3.5,45.5,10.3,3.3,0.0,0.0,54.2,21.4,3.1,0.6,2.3,1.0,76.0,83.6,24.0,16.4,25,0,0,9,5,,,22,12,51.1,66.4,63.1,79.3,50.2,59.1,57.6,68.2,'($1000 X INDEX)',F90,VOLATILITY/VARIANCE INDEX,OTHER FINANCIAL INSTRUMENTS,FINANCIAL INSTRUMENTS,FutOnly,716,-1049,428,421,-629,0,0,1937,-1149,228,-1153,-602,53,-192,-621,908,1337,,5,4,,,
0702201170E1F,VIX FUTURES - CBOE FUTURES EXCHANGE,2007-02-20T00:00:00.000,2007 Report Week 08,VIX FUTURES,1170E1,E,CHI,117,VOLATILITY/VARIANCE INDEX,32486,1150,15692,3155,1784,0,215,18839,8206,627,517,999,99,26386,28993,6100,3493,100.0,3.5,48.3,9.7,5.5,0.0,0.7,58.0,25.3,1.9,1.6,3.1,0.3,81.2,89.2,18.8,10.8,22,0,,7,4,,,19,10,58.9,76.6,71.1,88.6,58.6,70.5,63.9,76.6,'($1000 X INDEX)',F90,VOLATILITY/VARIANCE INDEX,OTHER FINANCIAL INSTRUMENTS,FINANCIAL INSTRUMENTS,FutOnly,-7380,-247,-2440,-962,456,0,215,-2761,-317,-598,263,70,-296,-3930,-4328,-3450,-3052,,,,,,
0702271170E1F,VIX FUTURES - CBOE FUTURES EXCHANGE,2007-02-27T00:00:00.000,2007 Report Week 09,VIX FUTURES,1170E1,E,CHI,117,VOLATILITY/VARIANCE INDEX,36116,768,16532,3808,1984,150,215,19432,7900,851,217,745,241,27516,30442,8600,5674,100.0,2.1,45.8,10.5,5.5,0.4,0.6,53.8,21.9,2.4,0.6,2.1,0.7,76.2,84.3,23.8,15.7,23,,,7,4,,,21,10,54.3,69.8,65.8,81.8,53.2,63.3,58.9,69.5,'($1000 X INDEX)',F90,VOLATILITY/VARIANCE INDEX,OTHER FINANCIAL INSTRUMENTS,FINANCIAL INSTRUMENTS,FutOnly,3630,-382,840,653,200,150,0,593,-306,224,-300,-254,142,1130,1449,2500,2181,,4,4,,,
0703061170E1F,VIX FUTURES - CBOE FUTURES EXCHANGE,2007-03-06T00:00:00.000,2007 Report Week 10,VIX FUTURES,1170E1,E,CHI,117,VOLATILITY/VARIANCE INDEX,38748,612,17653,3426,1399,0,0,19102,5416,2453,179,499,702,27873,30149,10875,8599,100.0,1.6,45.6,8.8,3.6,0.0,0.0,49.3,14.0,6.3,0.5,1.3,1.8,71.9,77.8,28.1,22.2,22,0,0,8,5,,,20,14,49.8,63.3,60.7,74.4,48.4,57.4,52.7,60.6,'($1000 X INDEX)',F90,VOLATILITY/VARIANCE INDEX,OTHER FINANCIAL INSTRUMENTS,FINANCIAL INSTRUMENTS,FutOnly,2632,-156,1121,-382,-585,-150,-215,-330,-2484,1602,-38,-246,461,357,-293,2275,2925,,5,4,,5,
0703131170E1F,VIX FUTURES - CBOE FUTURES EXCHANGE,2007-03-13T00:00:00.000,2007 Report Week 11,VIX FUTURES,1170E1,E,CHI,117,VOLATILITY/VARIANCE INDEX,37055,837,18513,4362,1520,0,0,19821,5976,2553,290,242,756,30139,32402,6916,4653,100.0,2.3,50.0,11.8,4.1,0.0,0.0,53.5,16.1,6.9,0.8,0.7,2.0,81.3,87.4,18.7,12.6,24,0,0,9,4,,,21,15,53.9,70.2,68.0,82.6,52.0,62.7,56.5,66.3,'($1000 X INDEX)',F90,VOLATILITY/VARIANCE INDEX,OTHER FINANCIAL INSTRUMENTS,FINANCIAL INSTRUMENTS,FutOnly,-1693,225,860,936,121,0,0,719,560,100,111,-257,54,2266,2253,-3959,-3946,,6,5,,4,
0703201170E1F,VIX FUTURES - CBOE FUTURES EXCHANGE,2007-03-20T00:00:00.000,2007 Report Week 12,VIX FUTURES,1170E1,E,CHI,117,VOLATILITY/VARIANCE INDEX,45055,864,22942,4282,8975,0,0,19702,8956,2683,241,235,1196,37943,40294,7112,4761,100.0,1.9,50.9,9.5,19.9,0.0,0.0,43.7,19.9,6.0,0.5,0.5,2.7,84.2,89.4,15.8,10.6,26,0,0,8,5,,,23,15,57.7,73.1,69.7,85.0,57.1,65.1,62.9,70.3,'($1000 X INDEX)',F90,VOLATILITY/VARIANCE INDEX,OTHER FINANCIAL INSTRUMENTS,FINANCIAL INSTRUMENTS,FutOnly,8000,27,4429,-80,7455,0,0,-119,2980,130,-49,-7,440,7804,7892,196,108,,5,4,,4,
0703271170E1F,VIX FUTURES - CBOE FUTURES EXCHANGE,2007-03-27T00:00:00.000,2007 Report Week 13,VIX FUTURES,1170E1,E,CHI,117,VOLATILITY/VARIANCE INDEX,41374,801,21490,3490,9005,0,0,19536,9973,1117,282,447,1078,35309,37595,6065,3779,100.0,1.9,51.9,8.4,21.8,0.0,0.0,47.2,24.1,2.7,0.7,1.1,2.6,85.3,90.9,14.7,9.1,26,0,0,8,5,,,23,15,62.0,73.1,73.0,86.1,61.9,67.7,68.0,76.0,'($1000 X INDEX)',F90,VOLATILITY/VARIANCE INDEX,OTHER FINANCIAL INSTRUMENTS,FINANCIAL INSTRUMENTS,FutOnly,-3681,-63,-1452,-792,30,0,0,-166,1017,-1566,41,212,-118,-2634,-2699,-1047,-982,,6,4,,,
0704031170E1F,VIX FUTURES - CBOE FUTURES EXCHANGE,2007-04-03T00:00:00.000,2007 Report Week 14,VIX FUTURES,1170E1,E,CHI,117,VOLATILITY/VARIANCE INDEX,42319,740,22332,3660,9005,0,0,19387,9685,1363,226,313,856,35237,38209,7082,4110,100.0,1.7,52.8,8.6,21.3,0.0,0.0,45.8,22.9,3.2,0.5,0.7,2.0,83.3,90.3,16.7,9.7,26,0,0,8,4,,,23,15,61.0,72.8,71.5,85.4,60.9,67.3,66.6,75.1,'($1000 X INDEX)',F90,VOLATILITY/VARIANCE INDEX,OTHER FINANCIAL INSTRUMENTS,FINANCIAL INSTRUMENTS,FutOnly,945,-61,842,170,0,0,0,-149,-288,246,-56,-134,-222,-72,614,1017,331,,6,6,,4,
0704101170E1F,VIX FUTURES - CBOE FUTURES EXCHANGE,2007-04-10T00:00:00.000,2007 Report Week 15,VIX FUTURES,1170E1,E,CHI,117,VOLATILITY/VARIANCE INDEX,45726,358,20513,7316,8605,0,0,19078,10182,1106,210,317,975,37648,40409,8078,5317,100.0,0.8,44.9,16.0,18.8,0.0,0.0,41.7,22.3,2.4,0.5,0.7,2.1,82.3,88.4,17.7,11.6,26,0,0,8,5,,,24,15,61.1,69.8,71.2,82.3,55.3,57.5,59.7,66.5,'($1000 X INDEX)',F90,VOLATILITY/VARIANCE INDEX,OTHER FINANCIAL INSTRUMENTS,FINANCIAL INSTRUMENTS,FutOnly,3407,-382,-1819,3656,-400,0,0,-309,497,-257,-16,4,119,2411,2200,996,1207,,7,6,,4,
0704171170E1F,VIX FUTURES - CBOE FUTURES EXCHANGE,2007-04-17T00:00:00.000,2007 Report Week 16,VIX FUTURES,1170E1,E,CHI,117,VOLATILITY/VARIANCE INDEX,46313,1066,15469,10589,2015,0,0,19520,9827,939,210,360,744,35083,37928,11230,8385,100.0,2.3,33.4,22.9,4.4,0.0,0.0,42.1,21.2,2.0,0.5,0.8,1.6,75.8,81.9,24.2,18.1,30,0,0,9,5,,,27,17,53.6,62.4,63.1,74.7,41.9,46.7,45.6,52.8,'($1000 X INDEX)',F90,VOLATILITY/VARIANCE INDEX,OTHER FINANCIAL INSTRUMENTS,FINANCIAL INSTRUMENTS,FutOnly,587,708,-5044,3273,-6590,0,0,442,-355,-167,0,43,-231,-2565,-2481,3152,3068,4,7,7,,5,
0704241170E1F,VIX FUTURES - CBOE FUTURES EXCHANGE,2007-04-24T00:00:00.000,2007 Report Week 17,VIX FUTURES,1170E1,E,CHI,117,VOLATILITY/VARIANCE INDEX,37795,200,14482,7904,1845,0,0,19385,9858,611,223,703,356,30524,33914,7271,3881,100.0,0.5,38.3,20.9,4.9,0.0,0.0,51.3,26.1,1.6,0.6,1.9,0.9,80.8,89.7,19.2,10.3,27,0,0,8,7,,,23,15,63.2,70.5,71.8,83.8,51.4,54.1,55.1,64.3,'($1000 X INDEX)',F90,VOLATILITY/VARIANCE INDEX,OTHER FINANCIAL INSTRUMENTS,FINANCIAL INSTRUMENTS,FutOnly,-8518,-866,-987,-2685,-170,0,0,-135,31,-328,13,343,-388,-4559,-4014,-3959,-4504,,6,5,,,
0705011170E1F,VIX FUTURES - CBOE FUTURES EXCHANGE,2007-05-01T00:00:00.000,2007 Report Week 18,VIX FUTURES,1170E1,E,CHI,117,VOLATILITY/VARIANCE INDEX,41002,1077,15507,8909,1897,0,0,19729,10646,413,445,840,445,32915,36760,8087,4242,100.0,2.6,37.8,21.7,4.6,0.0,0.0,48.1,26.0,1.0,1.1,2.0,1.1,80.3,89.7,19.7,10.3,33,0,0,9,9,,,27,20,59.5,66.3,69.4,80.1,47.9,50.8,53.2,60.9,'($1000 X INDEX)',F90,VOLATILITY/VARIANCE INDEX,OTHER FINANCIAL INSTRUMENTS,FINANCIAL INSTRUMENTS,FutOnly,3207,877,1025,1005,52,0,0,344,788,-198,222,137,89,2391,2846,816,361,,7,6,,4,
0705081170E1F,VIX FUTURES - CBOE FUTURES EXCHANGE,2007-05-08T00:00:00.000,2007 Report Week 19,VIX FUTURES,1170E1,E,CHI,117,VOLATILITY/VARIANCE INDEX,48453,1291,16559,10736,1915,0,0,19839,10998,1036,1664,827,220,36701,40376,11752,8077,100.0,2.7,34.2,22.2,4.0,0.0,0.0,40.9,22.7,2.1,3.4,1.7,0.5,75.7,83.3,24.3,16.7,35,0,0,9,9,,,29,19,54.6,57.1,63.8,72.6,41.6,39.9,46.7,52.5,'($1000 X INDEX)',F90,VOLATILITY/VARIANCE INDEX,OTHER FINANCIAL INSTRUMENTS,FINANCIAL INSTRUMENTS,FutOnly,7451,214,1052,1827,18,0,0,110,352,623,1219,-13,-225,3786,3616,3665,3835,,6,6,,5,
0705151170E1F,VIX FUTURES - CBOE FUTURES EXCHANGE,2007-05-15T00:00:00.000,2007 Report Week 20,VIX FUTURES,1170E1,E,CHI,117,VOLATILITY/VARIANCE INDEX,55705,2046,18157,12210,2079,0,0,19944,11201,1234,2345,785,119,39977,43706,15728,11999,100.0,3.7,32.6,21.9,3.7,0.0,0.0,35.8,20.1,2.2,4.2,1.4,0.2,71.8,78.5,28.2,21.5,39,0,0,10,9,5,,31,24,49.7,52.2,59.7,67.5,37.2,36.7,42.1,48.2,'($1000 X INDEX)',F90,VOLATILITY/VARIANCE INDEX,OTHER FINANCIAL INSTRUMENTS,FINANCIAL INSTRUMENTS,FutOnly,7252,755,1598,1474,164,0,0,105,203,198,681,-42,-101,3276,3330,3976,3922,5,9,8,,4,
0705221170E1F,VIX FUTURES - CBOE FUTURES EXCHANGE,2007-05-22T00:00:00.000,2007 Report Week 21,VIX FUTURES,1170E1,E,CHI,117,VOLATILITY/VARIANCE INDEX,51613,2044,16025,12700,1850,0,0,18141,11561,1292,2288,852,38,38353,42468,13260,9145,100.0,4.0,31.0,24.6,3.6,0.0,0.0,35.1,22.4,2.5,4.4,1.7,0.1,74.3,82.3,25.7,17.7,37,0,0,8,9,4,,29,19,53.9,50.1,64.4,68.4,37.4,31.7,42.4,47.9,'($1000 X INDEX)',F90,VOLATILITY/VARIANCE INDEX,OTHER FINANCIAL INSTRUMENTS,FINANCIAL INSTRUMENTS,FutOnly,-4092,-2,-2132,490,-229,0,0,-1803,360,58,-57,67,-81,-1624,-1238,-2468,-2854,5,6,8,,4,
0705291170E1F,VIX FUTURES - CBOE FUTURES EXCHANGE,2007-05-29T00:00:00.000,2007 Report Week 22,VIX FUTURES,1170E1,E,CHI,117,VOLATILITY/VARIANCE INDEX,42577,2307,17666,7863,1885,0,0,19682,11345,1265,2233,801,117,35352,39057,7225,3520,100.0,5.4,41.5,18.5,4.4,0.0,0.0,46.2,26.6,3.0,5.2,1.9,0.3,83.0,91.7,17.0,8.3,38,0,0,9,9,4,,30,19,54.1,52.3,66.7,75.9,45.7,41.3,53.6,61.6,'($1000 X INDEX)',F90,VOLATILITY/VARIANCE INDEX,OTHER FINANCIAL INSTRUMENTS,FINANCIAL INSTRUMENTS,FutOnly,-9036,263,1641,-4837,35,0,0,1541,-216,-27,-55,-51,79,-3001,-3411,-6035,-5625,5,6,8,,4,
0706051170E1F,VIX FUTURES - CBOE FUTURES EXCHANGE,2007-06-05T00:00:00.000,2007 Report Week 23,VIX FUTURES,1170E1,E,CHI,117,VOLATILITY/VARIANCE INDEX,42818,2497,19593,6816,1867,0,0,22297,11869,1307,2211,683,193,37188,40461,5630,2357,100.0,5.8,45.8,15.9,4.4,0.0,0.0,52.1,27.7,3.1,5.2,1.6,0.5,86.9,94.5,13.1,5.5,41,0,0,12,7,4,,34,20,52.1,51.1,65.9,75.7,47.3,44.0,56.1,65.0,'($1000 X INDEX)',F90,VOLATILITY/VARIANCE INDEX,OTHER FINANCIAL INSTRUMENTS,FINANCIAL INSTRUMENTS,FutOnly,241,190,1927,-1047,-18,0,0,2615,524,42,-22,-118,76,1836,1404,-1595,-1163,6,8,9,,4,
0706121170E1F,VIX FUTURES - CBOE FUTURES EXCHANGE,2007-06-12T00:00:00.000,2007 Report Week 24,VIX FUTURES,1170E1,E,CHI,117,VOLATILITY/VARIANCE INDEX,48002,2269,20112,7223,1745,0,0,24478,13309,717,1923,506,345,38700,42212,9302,5790,100.0,4.7,41.9,15.0,3.6,0.0,0.0,51.0,27.7,1.5,4.0,1.1,0.7,80.6,87.9,19.4,12.1,38,0,0,12,6,,,32,22,50.1,47.5,62.2,72.0,45.1,41.1,52.5,61.5,'($1000 X INDEX)',F90,VOLATILITY/VARIANCE INDEX,OTHER FINANCIAL INSTRUMENTS,FINANCIAL INSTRUMENTS,FutOnly,5184,-228,519,407,-122,0,0,2181,1440,-590,-288,-177,152,1512,1751,3672,3433,6,8,9,,7,
0706191170E1F,VIX FUTURES - CBOE FUTURES EXCHANGE,2007-06-19T00:00:00.000,2007 Report Week 25,VIX FUTURES,1170E1,E,CHI,117,VOLATILITY/VARIANCE INDEX,49534,2167,20056,7821,2921,0,0,23478,12666,1893,1933,494,374,40587,43304,8947,6230,100.0,4.4,40.5,15.8,5.9,0.0,0.0,47.4,25.6,3.8,3.9,1.0,0.8,81.9,87.4,18.1,12.6,38,0,0,11,7,,,31,21,50.3,45.7,63.3,71.0,45.4,40.7,51.8,59.8,'($1000 X INDEX)',F90,VOLATILITY/VARIANCE INDEX,OTHER FINANCIAL INSTRUMENTS,FINANCIAL INSTRUMENTS,FutOnly,1532,-102,-56,598,1176,0,0,-1000,-643,1176,10,-12,29,1887,1092,-355,440,6,7,8,,6,
0706261170E1F,VIX FUTURES - CBOE FUTURES EXCHANGE,2007-06-26T00:00:00.000,2007 Report Week 26,VIX FUTURES,1170E1,E,CHI,117,VOLATILITY/VARIANCE INDEX,49542,1196,18653,7723,1961,0,0,23623,12231,1632,969,203,637,37741,41079,11801,8463,100.0,2.4,37.7,15.6,4.0,0.0,0.0,47.7,24.7,3.3,2.0,0.4,1.3,76.2,82.9,23.8,17.1,36,0,0,11,6,4,,32,18,50.1,46.7,59.9,68.0,41.9,40.2,48.3,56.6,'($1000 X INDEX)',F90,VOLATILITY/VARIANCE INDEX,OTHER FINANCIAL INSTRUMENTS,FINANCIAL INSTRUMENTS,FutOnly,8,-971,-1403,-98,-960,0,0,145,-435,-261,-964,-291,263,-2846,-2225,2854,2233,4,7,8,,5,
0707031170E1F,VIX FUTURES - CBOE FUTURES EXCHANGE,2007-07-03T00:00:00.000,2007 Report Week 27,VIX FUTURES,1170E1,E,CHI,117,VOLATILITY/VARIANCE INDEX,49924,1665,17641,9624,1961,0,0,25070,14160,1217,833,179,769,41139,43590,8785,6334,100.0,3.3,35.3,19.3,3.9,0.0,0.0,50.2,28.4,2.4,1.7,0.4,1.5,82.4,87.3,17.6,12.7,38,0,0,11,6,4,,33,19,54.7,48.4,65.4,69.6,43.9,41.3,50.8,55.7,'($1000 X INDEX)',F90,VOLATILITY/VARIANCE INDEX,OTHER FINANCIAL INSTRUMENTS,FINANCIAL INSTRUMENTS,FutOnly,382,469,-1012,1901,0,0,0,1447,1929,-415,-136,-24,132,3398,2511,-3016,-2129,7,8,7,,4,
0707101170E1F,VIX FUTURES - CBOE FUTURES EXCHANGE,2007-07-10T00:00:00.000,2007 Report Week 28,VIX FUTURES,1170E1,E,CHI,117,VOLATILITY/VARIANCE INDEX,55619,1887,17837,10483,2066,0,0,26436,15466,2839,532,169,529,44772,47323,10847,8296,100.0,3.4,32.1,18.8,3.7,0.0,0.0,47.5,27.8,5.1,1.0,0.3,1.0,80.5,85.1,19.5,14.9,37,0,0,14,6,,,31,21,52.3,46.1,63.0,66.1,40.0,40.7,46.7,54.7,'($1000 X INDEX)',F90,VOLATILITY/VARIANCE INDEX,OTHER FINANCIAL INSTRUMENTS,FINANCIAL INSTRUMENTS,FutOnly,5695,222,196,859,105,0,0,1366,1306,1622,-301,-10,-240,3633,3733,2062,1962,5,6,6,,7,
0707171170E1F,VIX FUTURES - CBOE FUTURES EXCHANGE,2007-07-17T00:00:00.000,2007 Report Week 29,VIX FUTURES,1170E1,E,CHI,117,VOLATILITY/VARIANCE INDEX,61073,5608,20110,9221,2297,0,0,27416,17345,3511,898,314,1108,50059,51609,11014,9464,100.0,9.2,32.9,15.1,3.8,0.0,0.0,44.9,28.4,5.7,1.5,0.5,1.8,82.0,84.5,18.0,15.5,40,0,0,12,7,,,34,21,54.4,43.3,65.4,62.3,44.6,40.2,50.7,54.7,'($1000 X INDEX)',F90,VOLATILITY/VARIANCE INDEX,OTHER FINANCIAL INSTRUMENTS,FINANCIAL INSTRUMENTS,FutOnly,5454,3721,2273,-1262,231,0,0,980,1879,672,366,145,579,5287,4286,167,1168,8,7,5,,5,
0707241170E1F,VIX FUTURES - CBOE FUTURES EXCHANGE,2007-07-24T00:00:00.000,2007 Report Week 30,VIX FUTURES,1170E1,E,CHI,117,VOLATILITY/VARIANCE INDEX,63478,1887,20511,11848,1937,0,0,32729,18133,3713,906,403,1047,54067,55655,9411,7823,100.0,3.0,32.3,18.7,3.1,0.0,0.0,51.6,28.6,5.8,1.4,0.6,1.6,85.2,87.7,14.8,12.3,41,0,0,9,9,4,,33,24,56.1,48.9,69.3,67.2,45.8,41.9,52.3,54.7,'($1000 X INDEX)',F90,VOLATILITY/VARIANCE INDEX,OTHER FINANCIAL INSTRUMENTS,FINANCIAL INSTRUMENTS,FutOnly,2405,-3721,401,2627,-360,0,0,5313,788,202,8,89,-61,4008,4046,-1603,-1641,6,7,9,,6,
0707311170E1F,VIX FUTURES - CBOE FUTURES EXCHANGE,2007-07-31T00:00:00.000,2007 Report Week 31,VIX FUTURES,1170E1,E,CHI,117,VOLATILITY/VARIANCE INDEX,70351,5721,20809,10944,1925,226,0,32787,19887,2841,738,606,697,55653,56010,14698,14341,100.0,8.1,29.6,15.6,2.7,0.3,0.0,46.6,28.3,4.0,1.0,0.9,1.0,79.1,79.6,20.9,20.4,40,,0,9,10,,,30,25,54.2,43.9,65.8,62.2,45.1,41.6,53.3,52.6,'($1000 X INDEX)',F90,VOLATILITY/VARIANCE INDEX,OTHER FINANCIAL INSTRUMENTS,FINANCIAL INSTRUMENTS,FutOnly,6873,3834,298,-904,-12,226,0,58,1754,-872,-168,203,-350,1586,355,5287,6518,9,7,5,,6,
0708071170E1F,VIX FUTURES - CBOE FUTURES EXCHANGE,2007-08-07T00:00:00.000,2007 Report Week 32,VIX FUTURES,1170E1,E,CHI,117,VOLATILITY/VARIANCE INDEX,81959,15154,27557,9716,1933,226,0,30807,18378,11621,477,507,560,70268,68565,11691,13394,100.0,18.5,33.6,11.9,2.4,0.3,0.0,37.6,22.4,14.2,0.6,0.6,0.7,85.7,83.7,14.3,16.3,40,,0,10,13,,,30,29,65.5,47.2,75.3,67.0,49.9,43.8,54.5,51.9,'($1000 X INDEX)',F90,VOLATILITY/VARIANCE INDEX,OTHER FINANCIAL INSTRUMENTS,FINANCIAL INSTRUMENTS,FutOnly,11608,9433,6748,-1228,8,0,0,-1980,-1509,8780,-261,-99,-137,14615,12555,-3007,-947,8,8,4,,9,
0708141170E1F,VIX FUTURES - CBOE FUTURES EXCHANGE,2007-08-14T00:00:00.000,2007 Report Week 33,VIX FUTURES,1170E1,E,CHI,117,VOLATILITY/VARIANCE INDEX,84569,16743,29337,11990,1450,0,0,32573,18604,12980,478,864,299,76513,74074,8056,10495,100.0,19.8,34.7,14.2,1.7,0.0,0.0,38.5,22.0,15.3,0.6,1.0,0.4,90.5,87.6,9.5,12.4,44,0,0,10,14,,,34,31,65.3,49.3,74.6,66.7,51.8,42.3,56.3,51.2,'($1000 X INDEX)',F90,VOLATILITY/VARIANCE INDEX,OTHER FINANCIAL INSTRUMENTS,FINANCIAL INSTRUMENTS,FutOnly,2610,1589,1780,2274,-483,-226,0,1766,226,1359,1,357,-261,6245,5509,-3635,-2899,6,12,7,,8,
0708211170E1F,VIX FUTURES - CBOE FUTURES EXCHANGE,2007-08-21T00:00:00.000,2007 Report Week 34,VIX FUTURES,1170E1,E,CHI,117,VOLATILITY/VARIANCE INDEX,84509,10702,28745,13121,869,0,0,37186,18487,13281,493,761,696,76348,75091,8161,9418,100.0,12.7,34.0,15.5,1.0,0.0,0.0,44.0,21.9,15.7,0.6,0.9,0.8,90.3,88.9,9.7,11.1,48,0,0,11,15,,,35,35,58.1,47.6,71.1,66.3,44.9,40.5,52.4,49.1,'($1000 X INDEX)',F90,VOLATILITY/VARIANCE INDEX,OTHER FINANCIAL INSTRUMENTS,FINANCIAL INSTRUMENTS,FutOnly,-60,-6041,-592,1131,-581,0,0,4613,-117,301,15,-103,397,-165,1017,105,-1077,6,11,8,,9,
0708281170E1F,VIX FUTURES - CBOE FUTURES EXCHANGE,2007-08-28T00:00:00.000,2007 Report Week 35,VIX FUTURES,1170E1,E,CHI,117,VOLATILITY/VARIANCE INDEX,62933,4044,20284,12105,791,0,0,30253,15195,9348,488,1026,468,57497,58426,5436,4507,100.0,6.4,32.2,19.2,1.3,0.0,0.0,48.1,24.1,14.9,0.8,1.6,0.7,91.4,92.8,8.6,7.2,37,0,0,8,10,,,28,27,69.4,54.6,78.7,73.0,50.5,43.6,53.8,52.8,'($1000 X INDEX)',F90,VOLATILITY/VARIANCE INDEX,OTHER FINANCIAL INSTRUMENTS,FINANCIAL INSTRUMENTS,FutOnly,-21576,-6658,-8461,-1016,-78,0,0,-6933,-3292,-3933,-5,265,-228,-18851,-16665,-2725,-4911,5,10,6,,6,
0709041170E1F,VIX FUTURES - CBOE FUTURES EXCHANGE,2007-09-04T00:00:00.000,2007 Report Week 36,VIX FUTURES,1170E1,E,CHI,117,VOLATILITY/VARIANCE INDEX,64514,5947,21312,10205,1029,0,0,30001,15485,9426,688,1053,480,57776,57961,6738,6553,100.0,9.2,33.0,15.8,1.6,0.0,0.0,46.5,24.0,14.6,1.1,1.6,0.7,89.6,89.8,10.4,10.2,35,0,0,7,10,,,25,26,67.5,56.5,77.1,74.6,50.0,45.6,54.4,53.7,'($1000 X INDEX)',F90,VOLATILITY/VARIANCE INDEX,OTHER FINANCIAL INSTRUMENTS,FINANCIAL INSTRUMENTS,FutOnly,1581,1903,1028,-1900,238,0,0,-252,290,78,200,27,12,279,-465,1302,2046,5,7,5,,7,
0709111170E1F,VIX FUTURES - CBOE FUTURES EXCHANGE,2007-09-11T00:00:00.000,2007 Report Week 37,VIX FUTURES,1170E1,E,CHI,117,VOLATILITY/VARIANCE INDEX,69634,7177,21861,11375,1029,0,0,30760,16484,10655,706,1278,485,62187,62138,7447,7496,100.0,10.3,31.4,16.3,1.5,0.0,0.0,44.2,23.7,15.3,1.0,1.8,0.7,89.3,89.2,10.7,10.8,38,0,0,7,10,,,29,28,62.7,56.1,71.9,71.7,46.5,44.1,52.3,52.1,'($1000 X INDEX)',F90,VOLATILITY/VARIANCE INDEX,OTHER FINANCIAL INSTRUMENTS,FINANCIAL INSTRUMENTS,FutOnly,5120,1230,549,1170,0,0,0,759,999,1229,18,225,5,4411,4177,709,943,8,9,4,,8,
0709181170E1F,VIX FUTURES - CBOE FUTURES EXCHANGE,2007-09-18T00:00:00.000,2007 Report Week 38,VIX FUTURES,1170E1,E,CHI,117,VOLATILITY/VARIANCE INDEX,71878,6930,23079,11202,1029,0,0,30604,14244,10896,716,1738,499,61876,61658,10002,10220,100.0,9.6,32.1,15.6,1.4,0.0,0.0,42.6,19.8,15.2,1.0,2.4,0.7,86.1,85.8,13.9,14.2,39,0,0,6,11,,,30,29,59.8,53.6,69.4,68.0,44.4,42.5,50.7,48.9,'($1000 X INDEX)',F90,VOLATILITY/VARIANCE INDEX,OTHER FINANCIAL INSTRUMENTS,FINANCIAL INSTRUMENTS,FutOnly,2244,-247,1218,-173,0,0,0,-156,-2240,241,10,460,14,-311,-480,2555,2724,6,9,5,,9,
0709251170E1F,VIX FUTURES - CBOE FUTURES EXCHANGE,2007-09-25T00:00:00.000,2007 Report Week 39,VIX FUTURES,1170E1,E,CHI,117,VOLATILITY/VARIANCE INDEX,68704,7758,30276,8951,1023,0,0,32781,13028,10092,1024,1006,106,61735,63459,6969,5245,100.0,11.3,44.1,13.0,1.5,0.0,0.0,47.7,19.0,14.7,1.5,1.5,0.2,89.9,92.4,10.1,7.6,36,0,0,8,9,4,,29,25,63.9,62.1,75.2,76.5,50.8,54.2,56.8,61.2,'($1000 X INDEX)',F90,VOLATILITY/VARIANCE INDEX,OTHER FINANCIAL INSTRUMENTS,FINANCIAL INSTRUMENTS,FutOnly,-3174,828,7197,-2251,-6,0,0,2177,-1216,-804,308,-732,-393,-141,1801,-3033,-4975,6,8,5,,8,
0710021170E1F,VIX FUTURES - CBOE FUTURES EXCHANGE,2007-10-02T00:00:00.000,2007 Report Week 40,VIX FUTURES,1170E1,E,CHI,117,VOLATILITY/VARIANCE INDEX,76269,9599,36041,9091,1022,0,0,35719,13047,10880,949,1719,60,67320,70838,8949,5431,100.0,12.6,47.3,11.9,1.3,0.0,0.0,46.8,17.1,14.3,1.2,2.3,0.1,88.3,92.9,11.7,7.1,42,0,0,12,10,,,33,28,59.6,60.7,71.1,76.6,47.9,54.3,54.6,62.0,'($1000 X INDEX)',F90,VOLATILITY/VARIANCE INDEX,OTHER FINANCIAL INSTRUMENTS,FINANCIAL INSTRUMENTS,FutOnly,7565,1841,5765,140,-1,0,0,2938,19,788,-75,713,-46,5585,7379,1980,186,7,8,5,,10,
0710091170E1F,VIX FUTURES - CBOE FUTURES EXCHANGE,2007-10-09T00:00:00.000,2007 Report Week 41,VIX FUTURES,1170E1,E,CHI,117,VOLATILITY/VARIANCE INDEX,79984,10615,37630,9790,1079,0,0,37155,14611,11468,954,860,50,71111,74409,8873,5575,100.0,13.3,47.0,12.2,1.3,0.0,0.0,46.5,18.3,14.3,1.2,1.1,0.1,88.9,93.0,11.1,7.0,45,0,0,13,11,,,36,27,56.8,61.6,69.9,78.1,46.6,55.0,53.7,61.4,'($1000 X INDEX)',F90,VOLATILITY/VARIANCE INDEX,OTHER FINANCIAL INSTRUMENTS,FINANCIAL INSTRUMENTS,FutOnly,3715,1016,1589,699,57,0,0,1436,1564,588,5,-859,-10,3791,3571,-76,144,8,9,5,,8,
0710161170E1F,VIX FUTURES - CBOE FUTURES EXCHANGE,2007-10-16T00:00:00.000,2007 Report Week 42,VIX FUTURES,1170E1,E,CHI,117,VOLATILITY/VARIANCE INDEX,86208,10029,36658,13631,1079,0,0,37088,14626,10358,1004,369,106,73295,75748,12913,10460,100.0,11.6,42.5,15.8,1.3,0.0,0.0,43.0,17.0,12.0,1.2,0.4,0.1,85.0,87.9,15.0,12.1,40,0,0,11,9,,,33,23,59.9,58.3,71.9,77.5,46.2,52.8,51.1,57.4,'($1000 X INDEX)',F90,VOLATILITY/VARIANCE INDEX,OTHER FINANCIAL INSTRUMENTS,FINANCIAL INSTRUMENTS,FutOnly,6224,-586,-972,3841,0,0,0,-67,15,-1110,50,-491,56,2184,1339,4040,4885,7,7,5,,8,
0710231170E1F,VIX FUTURES - CBOE FUTURES EXCHANGE,2007-10-23T00:00:00.000,2007 Report Week 43,VIX FUTURES,1170E1,E,CHI,117,VOLATILITY/VARIANCE INDEX,73597,4116,30818,12906,1279,0,213,35507,14645,8120,1004,247,148,63293,67097,10304,6500,100.0,5.6,41.9,17.5,1.7,0.0,0.3,48.2,19.9,11.0,1.4,0.3,0.2,86.0,91.2,14.0,8.8,38,0,,8,11,,,32,24,60.0,58.6,72.1,78.1,46.4,51.2,51.0,59.5,'($1000 X INDEX)',F90,VOLATILITY/VARIANCE INDEX,OTHER FINANCIAL INSTRUMENTS,FINANCIAL INSTRUMENTS,FutOnly,-12611,-5913,-5840,-725,200,0,213,-1581,19,-2238,0,-122,42,-10002,-8651,-2609,-3960,6,8,4,,8,
0710301170E1F,VIX FUTURES - CBOE FUTURES EXCHANGE,2007-10-30T00:00:00.000,2007 Report Week 44,VIX FUTURES,1170E1,E,CHI,117,VOLATILITY/VARIANCE INDEX,73898,3977,31541,14334,1279,206,0,36699,14594,7802,1004,322,384,65479,69183,8419,4715,100.0,5.4,42.7,19.4,1.7,0.3,0.0,49.7,19.7,10.6,1.4,0.4,0.5,88.6,93.6,11.4,6.4,39,,0,10,9,,,32,26,59.3,61.1,73.1,81.1,47.7,53.1,51.7,60.5,'($1000 X INDEX)',F90,VOLATILITY/VARIANCE INDEX,OTHER FINANCIAL INSTRUMENTS,FINANCIAL INSTRUMENTS,FutOnly,301,-139,723,1428,0,206,-213,1192,-51,-318,0,75,236,2186,2086,-1885,-1785,6,8,4,,9,
0711061170E1F,VIX FUTURES - CBOE FUTURES EXCHANGE,2007-11-06T00:00:00.000,2007 Report Week 45,VIX FUTURES,1170E1,E,CHI,117,VOLATILITY/VARIANCE INDEX,77811,10626,36933,11060,1279,0,206,36559,15364,7315,1212,310,412,68669,71600,9142,6211,100.0,13.7,47.5,14.2,1.6,0.0,0.3,47.0,19.7,9.4,1.6,0.4,0.5,88.3,92.0,11.7,8.0,40,0,,10,8,4,,33,27,60.4,62.7,73.1,80.0,52.9,56.9,57.5,65.4,'($1000 X INDEX)',F90,VOLATILITY/VARIANCE INDEX,OTHER FINANCIAL INSTRUMENTS,FINANCIAL INSTRUMENTS,FutOnly,3913,6649,5392,-3274,0,-206,206,-140,770,-487,208,-12,28,3190,2417,723,1496,6,9,5,,8,
0711131170E1F,VIX FUTURES - CBOE FUTURES EXCHANGE,2007-11-13T00:00:00.000,2007 Report Week 46,VIX FUTURES,1170E1,E,CHI,117,VOLATILITY/VARIANCE INDEX,81912,16536,38883,10849,1279,0,0,36012,16076,6702,1219,400,571,73168,73481,8744,8431,100.0,20.2,47.5,13.2,1.6,0.0,0.0,44.0,19.6,8.2,1.5,0.5,0.7,89.3,89.7,10.7,10.3,34,0,0,8,8,,,26,24,66.9,63.8,77.8,78.2,58.5,58.2,62.5,65.2,'($1000 X INDEX)',F90,VOLATILITY/VARIANCE INDEX,OTHER FINANCIAL INSTRUMENTS,FINANCIAL INSTRUMENTS,FutOnly,4101,5910,1950,-211,0,0,-206,-547,712,-613,7,90,159,4499,1881,-398,2220,5,8,6,,7,
0711201170E1F,VIX FUTURES - CBOE FUTURES EXCHANGE,2007-11-20T00:00:00.000,2007 Report Week 47,VIX FUTURES,1170E1,E,CHI,117,VOLATILITY/VARIANCE INDEX,91566,17043,37978,15979,1279,760,0,37019,18396,7816,1721,401,376,81233,81706,10333,9860,100.0,18.6,41.5,17.5,1.4,0.8,0.0,40.4,20.1,8.5,1.9,0.4,0.4,88.7,89.2,11.3,10.8,37,,0,6,10,4,,29,29,65.6,61.8,76.5,74.7,54.5,51.9,59.4,57.6,'($1000 X INDEX)',F90,VOLATILITY/VARIANCE INDEX,OTHER FINANCIAL INSTRUMENTS,FINANCIAL INSTRUMENTS,FutOnly,9654,507,-905,5130,0,760,0,1007,2320,1114,502,1,-195,8065,8225,1589,1429,4,10,8,,9,
0711271170E1F,VIX FUTURES - CBOE FUTURES EXCHANGE,2007-11-27T00:00:00.000,2007 Report Week 48,VIX FUTURES,1170E1,E,CHI,117,VOLATILITY/VARIANCE INDEX,58570,5804,22844,11651,901,760,0,30506,15213,2498,1367,461,594,53321,54021,5249,4549,100.0,9.9,39.0,19.9,1.5,1.3,0.0,52.1,26.0,4.3,2.3,0.8,1.0,91.0,92.2,9.0,7.8,36,,0,,13,4,,25,29,78.2,66.2,85.5,79.7,61.9,53.1,64.7,60.4,'($1000 X INDEX)',F90,VOLATILITY/VARIANCE INDEX,OTHER FINANCIAL INSTRUMENTS,FINANCIAL INSTRUMENTS,FutOnly,-32996,-11239,-15134,-4328,-378,0,0,-6513,-3183,-5318,-354,60,218,-27912,-27685,-5084,-5311,4,7,7,,8,
0712041170E1F,VIX FUTURES - CBOE FUTURES EXCHANGE,2007-12-04T00:00:00.000,2007 Report Week 49,VIX FUTURES,1170E1,E,CHI,117,VOLATILITY/VARIANCE INDEX,59689,5369,23430,12001,901,380,0,31006,15847,2617,1355,452,612,53861,55339,5828,4350,100.0,9.0,39.3,20.1,1.5,0.6,0.0,51.9,26.5,4.4,2.3,0.8,1.0,90.2,92.7,9.8,7.3,36,,0,,10,4,,26,28,76.2,65.6,82.9,81.2,59.7,54.2,62.5,61.0,'($1000 X INDEX)',F90,VOLATILITY/VARIANCE INDEX,OTHER FINANCIAL INSTRUMENTS,FINANCIAL INSTRUMENTS,FutOnly,1119,-435,586,350,0,-380,0,500,634,119,-12,-9,18,540,1318,579,-199,4,9,8,,6,
0712111170E1F,VIX FUTURES - CBOE FUTURES EXCHANGE,2007-12-11T00:00:00.000,2007 Report Week 50,VIX FUTURES,1170E1,E,CHI,117,VOLATILITY/VARIANCE INDEX,62050,2214,23460,13979,901,0,0,32080,14049,2977,679,0,0,52830,54465,9220,7585,100.0,3.6,37.8,22.5,1.5,0.0,0.0,51.7,22.6,4.8,1.1,0.0,0.0,85.1,87.8,14.9,12.2,26,0,0,6,6,,0,21,15,73.0,70.6,79.1,84.7,52.2,54.0,55.4,60.0,'($1000 X INDEX)',F90,VOLATILITY/VARIANCE INDEX,OTHER FINANCIAL INSTRUMENTS,FINANCIAL INSTRUMENTS,FutOnly,2361,-3155,30,1978,0,-380,0,1074,-1798,360,-676,-452,-612,-1031,-874,3392,3235,4,5,4,,5,0
0712181170E1F,VIX FUTURES - CBOE FUTURES EXCHANGE,2007-12-18T00:00:00.000,2007 Report Week 51,VIX FUTURES,1170E1,E,CHI,117,VOLATILITY/VARIANCE INDEX,65878,3011,22019,17239,1107,0,0,31608,15917,3188,679,0,0,56832,58363,9046,7515,100.0,4.6,33.4,26.2,1.7,0.0,0.0,48.0,24.2,4.8,1.0,0.0,0.0,86.3,88.6,13.7,11.4,30,0,0,5,9,,0,27,20,72.3,69.2,79.4,83.0,50.6,49.2,53.3,55.4,'($1000 X INDEX)',F90,VOLATILITY/VARIANCE INDEX,OTHER FINANCIAL INSTRUMENTS,FINANCIAL INSTRUMENTS,FutOnly,3828,797,-1441,3260,206,0,0,-472,1868,211,0,0,0,4002,3898,-174,-70,,8,6,,9,0
0801081170E1F,VIX FUTURES - CBOE FUTURES EXCHANGE,2008-01-08T00:00:00.000,2008 Report Week 01,VIX FUTURES,1170E1,E,CHI,117,VOLATILITY/VARIANCE INDEX,59757,499,20733,16009,969,0,0,31392,13403,917,679,0,0,50465,51062,9292,8695,100.0,0.8,34.7,26.8,1.6,0.0,0.0,52.5,22.4,1.5,1.1,0.0,0.0,84.5,85.4,15.5,14.6,21,0,0,4,5,,0,16,12,76.4,70.1,80.3,83.1,52.9,45.3,55.7,55.5,'($1000 X INDEX)',F90,VOLATILITY/VARIANCE INDEX,OTHER FINANCIAL INSTRUMENTS,FINANCIAL INSTRUMENTS,FutOnly,-6121,-2512,-1286,-1230,-138,0,0,-216,-2514,-2271,0,0,0,-6367,-7301,246,1180,,5,6,,,0
0801151170E1F,VIX FUTURES - CBOE FUTURES EXCHANGE,2008-01-15T00:00:00.000,2008 Report Week 02,VIX FUTURES,1170E1,E,CHI,117,VOLATILITY/VARIANCE INDEX,59909,499,20954,15651,979,261,0,33530,15797,950,682,0,0,52291,53613,7618,6296,100.0,0.8,35.0,26.1,1.6,0.4,0.0,56.0,26.4,1.6,1.1,0.0,0.0,87.3,89.5,12.7,10.5,28,,0,7,7,,0,22,18,75.4,67.0,79.6,82.3,54.0,43.5,57.3,56.9,'($1000 X INDEX)',F90,VOLATILITY/VARIANCE INDEX,OTHER FINANCIAL INSTRUMENTS,FINANCIAL INSTRUMENTS,FutOnly,152,0,221,-358,10,261,0,2138,2394,33,3,0,0,1826,2551,-1674,-2399,,6,7,,6,0
0801221170E1F,VIX FUTURES - CBOE FUTURES EXCHANGE,2008-01-22T00:00:00.000,2008 Report Week 03,VIX FUTURES,1170E1,E,CHI,117,VOLATILITY/VARIANCE INDEX,56108,499,15959,16194,991,225,0,27257,13397,357,688,0,0,45986,46132,10122,9976,100.0,0.9,28.4,28.9,1.8,0.4,0.0,48.6,23.9,0.6,1.2,0.0,0.0,82.0,82.2,18.0,17.8,26,,0,4,9,,0,18,17,71.1,63.0,77.8,73.3,49.5,35.9,52.0,45.9,'($1000 X INDEX)',F90,VOLATILITY/VARIANCE INDEX,OTHER FINANCIAL INSTRUMENTS,FINANCIAL INSTRUMENTS,FutOnly,-3801,0,-4995,543,12,-36,0,-6273,-2400,-593,6,0,0,-6305,-7481,2504,3680,,7,7,,,0
0801291170E1F,VIX FUTURES - CBOE FUTURES EXCHANGE,2008-01-29T00:00:00.000,2008 Report Week 04,VIX FUTURES,1170E1,E,CHI,117,VOLATILITY/VARIANCE INDEX,54014,648,16064,17791,991,200,18,27707,13794,1069,688,0,0,48912,48936,5102,5078,100.0,1.2,29.7,32.9,1.8,0.4,0.0,51.3,25.5,2.0,1.3,0.0,0.0,90.6,90.6,9.4,9.4,30,,,6,10,,0,22,21,76.0,68.3,83.2,81.0,51.5,38.8,54.1,49.6,'($1000 X INDEX)',F90,VOLATILITY/VARIANCE INDEX,OTHER FINANCIAL INSTRUMENTS,FINANCIAL INSTRUMENTS,FutOnly,-2094,149,105,1597,0,-25,18,450,397,712,0,0,0,2926,2804,-5020,-4898,,7,6,,5,0
0802051170E1F,VIX FUTURES - CBOE FUTURES EXCHANGE,2008-02-05T00:00:00.000,2008 Report Week 05,VIX FUTURES,1170E1,E,CHI,117,VOLATILITY/VARIANCE INDEX,55094,702,15611,17382,1059,200,18,27699,14050,666,688,232,283,48497,48442,6597,6652,100.0,1.3,28.3,31.5,1.9,0.4,0.0,50.3,25.5,1.2,1.2,0.4,0.5,88.0,87.9,12.0,12.1,28,,,6,9,,,22,19,73.8,66.0,81.1,78.5,50.5,37.7,53.1,48.3,'($1000 X INDEX)',F90,VOLATILITY/VARIANCE INDEX,OTHER FINANCIAL INSTRUMENTS,FINANCIAL INSTRUMENTS,FutOnly,1080,54,-453,-409,68,0,0,-8,256,-403,0,232,283,-415,-494,1495,1574,,6,5,,5,
0802121170E1F,VIX FUTURES - CBOE FUTURES EXCHANGE,2008-02-12T00:00:00.000,2008 Report Week 06,VIX FUTURES,1170E1,E,CHI,117,VOLATILITY/VARIANCE INDEX,57103,700,14146,19502,1009,200,18,26721,14026,1145,688,242,59,49842,49338,7261,7765,100.0,1.2,24.8,34.2,1.8,0.4,0.0,46.8,24.6,2.0,1.2,0.4,0.1,87.3,86.4,12.7,13.6,30,,,6,9,,,23,21,71.3,63.2,79.3,75.9,46.9,35.3,49.4,44.9,'($1000 X INDEX)',F90,VOLATILITY/VARIANCE INDEX,OTHER FINANCIAL INSTRUMENTS,FINANCIAL INSTRUMENTS,FutOnly,2009,-2,-1465,2120,-50,0,0,-978,-24,479,0,10,-224,1345,896,664,1113,,7,7,,5,
0802191170E1F,VIX FUTURES - CBOE FUTURES EXCHANGE,2008-02-19T00:00:00.000,2008 Report Week 07,VIX FUTURES,1170E1,E,CHI,117,VOLATILITY/VARIANCE INDEX,58991,982,16381,19185,999,209,18,26699,13838,1382,938,0,130,50333,51143,8658,7848,100.0,1.7,27.8,32.5,1.7,0.4,0.0,45.3,23.5,2.3,1.6,0.0,0.2,85.3,86.7,14.7,13.3,28,,,6,10,,,21,20,70.8,64.7,78.1,78.0,45.8,39.1,48.1,47.7,'($1000 X INDEX)',F90,VOLATILITY/VARIANCE INDEX,OTHER FINANCIAL INSTRUMENTS,FINANCIAL INSTRUMENTS,FutOnly,1888,282,2235,-317,-10,9,0,-22,-188,237,250,-242,71,491,1805,1397,83,,6,4,,5,0
0802261170E1F,VIX FUTURES - CBOE FUTURES EXCHANGE,2008-02-26T00:00:00.000,2008 Report Week 08,VIX FUTURES,1170E1,E,CHI,117,VOLATILITY/VARIANCE INDEX,48843,3343,15851,14991,999,209,11,19666,11479,1886,1012,0,471,42379,44898,6464,3945,100.0,6.8,32.5,30.7,2.0,0.4,0.0,40.3,23.5,3.9,2.1,0.0,1.0,86.8,91.9,13.2,8.1,32,,,9,7,4,,28,22,62.1,68.9,71.5,83.4,39.8,45.1,45.0,54.6,'($1000 X INDEX)',F90,VOLATILITY/VARIANCE INDEX,OTHER FINANCIAL INSTRUMENTS,FINANCIAL INSTRUMENTS,FutOnly,-10148,2361,-530,-4194,0,0,-7,-7033,-2359,504,74,0,341,-7954,-6245,-2194,-3903,4,7,4,,8,0
0803041170E1F,VIX FUTURES - CBOE FUTURES EXCHANGE,2008-03-04T00:00:00.000,2008 Report Week 09,VIX FUTURES,1170E1,E,CHI,117,VOLATILITY/VARIANCE INDEX,49905,3533,15563,14694,999,794,0,19402,11692,1887,1521,49,582,42618,45261,7287,4644,100.0,7.1,31.2,29.4,2.0,1.6,0.0,38.9,23.4,3.8,3.0,0.1,1.2,85.4,90.7,14.6,9.3,32,,0,8,7,4,,26,20,61.7,69.7,70.6,82.3,39.8,45.6,44.7,54.0,'($1000 X INDEX)',F90,VOLATILITY/VARIANCE INDEX,OTHER FINANCIAL INSTRUMENTS,FINANCIAL INSTRUMENTS,FutOnly,1062,190,-288,-297,0,585,-11,-264,213,1,509,49,111,239,363,823,699,,5,4,,7,
0803111170E1F,VIX FUTURES - CBOE FUTURES EXCHANGE,2008-03-11T00:00:00.000,2008 Report Week 10,VIX FUTURES,1170E1,E,CHI,117,VOLATILITY/VARIANCE INDEX,52793,3772,14037,17056,1211,794,30,18497,11790,1778,1414,16,855,44613,46356,8180,6437,100.0,7.1,26.6,32.3,2.3,1.5,0.1,35.0,22.3,3.4,2.7,0.0,1.6,84.5,87.8,15.5,12.2,29,,,5,7,4,,24,20,62.3,63.8,71.0,77.2,38.7,39.1,43.7,48.3,'($1000 X INDEX)',F90,VOLATILITY/VARIANCE INDEX,OTHER FINANCIAL INSTRUMENTS,FINANCIAL INSTRUMENTS,FutOnly,2888,239,-1526,2362,212,0,30,-905,98,-109,-107,-33,273,1995,1095,893,1793,,6,4,,6,
0803181170E1F,VIX FUTURES - CBOE FUTURES EXCHANGE,2008-03-18T00:00:00.000,2008 Report Week 11,VIX FUTURES,1170E1,E,CHI,117,VOLATILITY/VARIANCE INDEX,49633,3469,9948,15893,1211,805,34,16582,12543,1868,991,272,569,40617,41932,9016,7701,100.0,7.0,20.0,32.0,2.4,1.6,0.1,33.4,25.3,3.8,2.0,0.5,1.1,81.8,84.5,18.2,15.5,34,,,6,10,,,24,27,64.7,53.9,72.3,70.2,40.8,32.7,43.8,42.1,'($1000 X INDEX)',F90,VOLATILITY/VARIANCE INDEX,OTHER FINANCIAL INSTRUMENTS,FINANCIAL INSTRUMENTS,FutOnly,-3160,-303,-4089,-1163,0,11,4,-1915,753,90,-423,256,-286,-3996,-4424,836,1264,,7,6,,7,
0803251170E1F,VIX FUTURES - CBOE FUTURES EXCHANGE,2008-03-25T00:00:00.000,2008 Report Week 12,VIX FUTURES,1170E1,E,CHI,117,VOLATILITY/VARIANCE INDEX,46115,7007,12735,14164,701,419,34,13272,11720,1474,794,104,273,37719,40923,8396,5192,100.0,15.2,27.6,30.7,1.5,0.9,0.1,28.8,25.4,3.2,1.7,0.2,0.6,81.8,88.7,18.2,11.3,27,,,4,9,,,21,21,67.0,59.9,74.8,78.4,43.1,41.6,46.8,51.1,'($1000 X INDEX)',F90,VOLATILITY/VARIANCE INDEX,OTHER FINANCIAL INSTRUMENTS,FINANCIAL INSTRUMENTS,FutOnly,-3518,3538,2787,-1729,-510,-386,0,-3310,-823,-394,-197,-168,-296,-2898,-1009,-620,-2509,,7,5,,6,
0804011170E1F,VIX FUTURES - CBOE FUTURES EXCHANGE,2008-04-01T00:00:00.000,2008 Report Week 13,VIX FUTURES,1170E1,E,CHI,117,VOLATILITY/VARIANCE INDEX,47723,6730,16595,13151,701,209,34,15122,11022,1484,874,0,0,38096,42495,9627,5228,100.0,14.1,34.8,27.6,1.5,0.4,0.1,31.7,23.1,3.1,1.8,0.0,0.0,79.8,89.0,20.2,11.0,25,,,8,6,,0,22,17,61.6,63.9,69.1,81.3,40.5,47.6,45.3,57.4,'($1000 X INDEX)',F90,VOLATILITY/VARIANCE INDEX,OTHER FINANCIAL INSTRUMENTS,FINANCIAL INSTRUMENTS,FutOnly,1608,-277,3860,-1013,0,-210,0,1850,-698,10,80,-104,-273,377,1572,1231,36,4,7,,,6,0
0804081170E1F,VIX FUTURES - CBOE FUTURES EXCHANGE,2008-04-08T00:00:00.000,2008 Report Week 14,VIX FUTURES,1170E1,E,CHI,117,VOLATILITY/VARIANCE INDEX,50971,996,19255,16233,1337,209,0,19251,8993,1796,1407,372,486,41506,47344,9465,3627,100.0,2.0,37.8,31.8,2.6,0.4,0.0,37.8,17.6,3.5,2.8,0.7,1.0,81.4,92.9,18.6,7.1,29,,0,11,4,,,26,17,52.1,69.1,61.2,87.9,30.1,46.3,36.0,54.7,'($1000 X INDEX)',F90,VOLATILITY/VARIANCE INDEX,OTHER FINANCIAL INSTRUMENTS,FINANCIAL INSTRUMENTS,FutOnly,3248,-5734,2660,3082,636,0,-34,4129,-2029,312,533,372,486,3410,4849,-162,-1601,,7,5,,6,
0804151170E1F,VIX FUTURES - CBOE FUTURES EXCHANGE,2008-04-15T00:00:00.000,2008 Report Week 15,VIX FUTURES,1170E1,E,CHI,117,VOLATILITY/VARIANCE INDEX,52640,1015,21754,15316,701,0,0,21773,9145,1853,1164,171,528,42350,48767,10290,3873,100.0,1.9,41.3,29.1,1.3,0.0,0.0,41.4,17.4,3.5,2.2,0.3,1.0,80.5,92.6,19.5,7.4,29,0,0,11,5,,,26,17,53.2,69.1,61.6,86.8,33.4,47.8,39.3,57.4,'($1000 X INDEX)',F90,VOLATILITY/VARIANCE INDEX,OTHER FINANCIAL INSTRUMENTS,FINANCIAL INSTRUMENTS,FutOnly,1669,19,2499,-917,-636,-209,0,2522,152,57,-243,-201,42,844,1423,825,246,,7,6,,6,
0804221170E1F,VIX FUTURES - CBOE FUTURES EXCHANGE,2008-04-22T00:00:00.000,2008 Report Week 16,VIX FUTURES,1170E1,E,CHI,117,VOLATILITY/VARIANCE INDEX,47935,545,19759,12732,701,0,0,20902,9585,2018,1103,144,736,38737,44974,9198,2961,100.0,1.1,41.2,26.6,1.5,0.0,0.0,43.6,20.0,4.2,2.3,0.3,1.5,80.8,93.8,19.2,6.2,26,0,0,10,6,,,23,15,51.4,66.6,64.0,87.6,35.0,48.0,42.5,59.9,'($1000 X INDEX)',F90,VOLATILITY/VARIANCE INDEX,OTHER FINANCIAL INSTRUMENTS,FINANCIAL INSTRUMENTS,FutOnly,-4705,-470,-1995,-2584,0,0,0,-871,440,165,-61,-27,208,-3613,-3793,-1092,-912,,5,5,,6,
0804291170E1F,VIX FUTURES - CBOE FUTURES EXCHANGE,2008-04-29T00:00:00.000,2008 Report Week 17,VIX FUTURES,1170E1,E,CHI,117,VOLATILITY/VARIANCE INDEX,53865,1270,22474,14582,1006,0,0,23239,9796,2864,558,76,622,44141,50414,9724,3451,100.0,2.4,41.7,27.1,1.9,0.0,0.0,43.1,18.2,5.3,1.0,0.1,1.2,81.9,93.6,18.1,6.4,32,0,0,13,6,,,28,18,48.6,65.7,62.4,87.4,31.6,44.1,39.6,57.3,'($1000 X INDEX)',F90,VOLATILITY/VARIANCE INDEX,OTHER FINANCIAL INSTRUMENTS,FINANCIAL INSTRUMENTS,FutOnly,5930,725,2715,1850,305,0,0,2337,211,846,-545,-68,-114,5404,5440,526,490,,6,6,,7,
0805061170E1F,VIX FUTURES - CBOE FUTURES EXCHANGE,2008-05-06T00:00:00.000,2008 Report Week 18,VIX FUTURES,1170E1,E,CHI,117,VOLATILITY/VARIANCE INDEX,60219,1336,25901,15543,305,701,0,23538,10914,3137,1384,92,1031,46274,57319,13945,2900,100.0,2.2,43.0,25.8,0.5,1.2,0.0,39.1,18.1,5.2,2.3,0.2,1.7,76.8,95.2,23.2,4.8,33,,0,14,7,,,27,16,46.7,67.7,59.6,88.8,29.3,44.0,35.7,58.6,'($1000 X INDEX)',F90,VOLATILITY/VARIANCE INDEX,OTHER FINANCIAL INSTRUMENTS,FINANCIAL INSTRUMENTS,FutOnly,6354,66,3427,961,-701,701,0,299,1118,273,826,16,409,2133,6905,4221,-551,,4,5,,5,
0805131170E1F,VIX FUTURES - CBOE FUTURES EXCHANGE,2008-05-13T00:00:00.000,2008 Report Week 19,VIX FUTURES,1170E1,E,CHI,117,VOLATILITY/VARIANCE INDEX,67185,1428,25982,19809,1006,0,0,25226,11205,4120,1348,388,1169,54106,62673,13079,4512,100.0,2.1,38.7,29.5,1.5,0.0,0.0,37.5,16.7,6.1,2.0,0.6,1.7,80.5,93.3,19.5,6.7,35,0,0,13,7,,,30,17,45.7,63.6,58.1,83.8,27.0,37.6,33.7,52.2,'($1000 X INDEX)',F90,VOLATILITY/VARIANCE INDEX,OTHER FINANCIAL INSTRUMENTS,FINANCIAL INSTRUMENTS,FutOnly,6966,92,81,4266,701,-701,0,1688,291,983,-36,296,138,7832,5354,-866,1612,,5,6,,5,
0805201170E1F,VIX FUTURES - CBOE FUTURES EXCHANGE,2008-05-20T00:00:00.000,2008 Report Week 20,VIX FUTURES,1170E1,E,CHI,117,VOLATILITY/VARIANCE INDEX,75183,1747,26739,21028,1006,0,0,27818,14285,2879,1133,150,838,56449,65919,18734,9264,100.0,2.3,35.6,28.0,1.3,0.0,0.0,37.0,19.0,3.8,1.5,0.2,1.1,75.1,87.7,24.9,12.3,36,0,0,14,7,,,31,17,42.5,61.1,54.7,79.3,25.3,37.0,32.6,50.4,'($1000 X INDEX)',F90,VOLATILITY/VARIANCE INDEX,OTHER FINANCIAL INSTRUMENTS,FINANCIAL INSTRUMENTS,FutOnly,7998,319,757,1219,0,0,0,2592,3080,-1241,-215,-238,-331,2343,3246,5655,4752,,6,6,,5,
0805271170E1F,VIX FUTURES - CBOE FUTURES EXCHANGE,2008-05-27T00:00:00.000,2008 Report Week 21,VIX FUTURES,1170E1,E,CHI,117,VOLATILITY/VARIANCE INDEX,56256,1251,16463,19097,1041,0,0,19347,13138,2081,1096,0,759,44672,51538,11584,4718,100.0,2.2,29.3,33.9,1.9,0.0,0.0,34.4,23.4,3.7,1.9,0.0,1.3,79.4,91.6,20.6,8.4,32,0,0,12,7,4,,27,17,45.8,59.5,59.5,82.1,24.5,37.2,31.2,48.8,'($1000 X INDEX)',F90,VOLATILITY/VARIANCE INDEX,OTHER FINANCIAL INSTRUMENTS,FINANCIAL INSTRUMENTS,FutOnly,-18927,-496,-10276,-1931,35,0,0,-8471,-1147,-798,-37,-150,-79,-11777,-14381,-7150,-4546,,6,5,,5,0
0806031170E1F,VIX FUTURES - CBOE FUTURES EXCHANGE,2008-06-03T00:00:00.000,2008 Report Week 22,VIX FUTURES,1170E1,E,CHI,117,VOLATILITY/VARIANCE INDEX,56668,1512,17203,19204,1038,0,0,18786,12716,2777,1241,180,763,45321,52843,11347,3825,100.0,2.7,30.4,33.9,1.8,0.0,0.0,33.2,22.4,4.9,2.2,0.3,1.3,80.0,93.3,20.0,6.7,37,0,0,13,9,5,,32,24,45.7,60.6,59.6,82.1,24.1,37.8,30.3,49.1,'($1000 X INDEX)',F90,VOLATILITY/VARIANCE INDEX,OTHER FINANCIAL INSTRUMENTS,FINANCIAL INSTRUMENTS,FutOnly,412,261,740,107,-3,0,0,-561,-422,696,145,180,4,649,1305,-237,-893,,7,5,,10,
0806101170E1F,VIX FUTURES - CBOE FUTURES EXCHANGE,2008-06-10T00:00:00.000,2008 Report Week 23,VIX FUTURES,1170E1,E,CHI,117,VOLATILITY/VARIANCE INDEX,57096,1533,16229,21603,1041,0,0,17636,11011,1797,1177,7,769,45556,51416,11540,5680,100.0,2.7,28.4,37.8,1.8,0.0,0.0,30.9,19.3,3.1,2.1,0.0,1.3,79.8,90.1,20.2,9.9,33,0,0,12,7,,,30,21,47.4,61.1,59.6,81.8,22.1,37.0,28.0,45.9,'($1000 X INDEX)',F90,VOLATILITY/VARIANCE INDEX,OTHER FINANCIAL INSTRUMENTS,FINANCIAL INSTRUMENTS,FutOnly,428,21,-974,2399,3,0,0,-1150,-1705,-980,-64,-173,6,235,-1427,193,1855,,7,5,,9,
0806171170E1F,VIX FUTURES - CBOE FUTURES EXCHANGE,2008-06-17T00:00:00.000,2008 Report Week 24,VIX FUTURES,1170E1,E,CHI,117,VOLATILITY/VARIANCE INDEX,59314,1283,17066,24733,1041,836,150,18655,7981,2247,1006,0,793,49908,53806,9406,5508,100.0,2.2,28.8,41.7,1.8,1.4,0.3,31.5,13.5,3.8,1.7,0.0,1.3,84.1,90.7,15.9,9.3,34,,,11,7,,,30,24,52.0,65.3,65.9,81.7,25.1,33.0,30.7,40.5,'($1000 X INDEX)',F90,VOLATILITY/VARIANCE INDEX,OTHER FINANCIAL INSTRUMENTS,FINANCIAL INSTRUMENTS,FutOnly,2218,-250,837,3130,0,836,150,1019,-3030,450,-171,-7,24,4352,2390,-2134,-172,,8,6,,9,0
0806241170E1F,VIX FUTURES - CBOE FUTURES EXCHANGE,2008-06-24T00:00:00.000,2008 Report Week 25,VIX FUTURES,1170E1,E,CHI,117,VOLATILITY/VARIANCE INDEX,45173,3917,16839,15195,1041,607,189,14821,6072,2350,806,73,558,38877,41883,6296,3290,100.0,8.7,37.3,33.6,2.3,1.3,0.4,32.8,13.4,5.2,1.8,0.2,1.2,86.1,92.7,13.9,7.3,29,,,10,6,,,26,20,54.9,66.1,67.6,84.6,31.6,41.9,37.5,51.1,'($1000 X INDEX)',F90,VOLATILITY/VARIANCE INDEX,OTHER FINANCIAL INSTRUMENTS,FINANCIAL INSTRUMENTS,FutOnly,-14141,2634,-227,-9538,0,-229,39,-3834,-1909,103,-200,73,-235,-11031,-11923,-3110,-2218,,5,,,8,
0807011170E1F,VIX FUTURES - CBOE FUTURES EXCHANGE,2008-07-01T00:00:00.000,2008 Report Week 26,VIX FUTURES,1170E1,E,CHI,117,VOLATILITY/VARIANCE INDEX,48230,3610,19867,15343,1041,578,203,16535,4882,2613,771,0,67,40183,43553,8047,4677,100.0,7.5,41.2,31.8,2.2,1.2,0.4,34.3,10.1,5.4,1.6,0.0,0.1,83.3,90.3,16.7,9.7,29,,,10,6,,,25,19,52.6,67.2,66.9,83.6,29.4,44.5,36.8,51.3,'($1000 X INDEX)',F90,VOLATILITY/VARIANCE INDEX,OTHER FINANCIAL INSTRUMENTS,FINANCIAL INSTRUMENTS,FutOnly,3057,-307,3028,148,0,-29,14,1714,-1190,263,-35,-73,-491,1306,1670,1751,1387,4,5,4,,8,0
0807081170E1F,VIX FUTURES - CBOE FUTURES EXCHANGE,2008-07-08T00:00:00.000,2008 Report Week 27,VIX FUTURES,1170E1,E,CHI,117,VOLATILITY/VARIANCE INDEX,48336,3189,20765,15799,1041,710,201,17874,4404,2107,829,0,69,41109,44055,7227,4281,100.0,6.6,43.0,32.7,2.2,1.5,0.4,37.0,9.1,4.4,1.7,0.0,0.1,85.0,91.1,15.0,8.9,28,,,10,5,,,24,19,54.7,69.9,69.1,84.0,30.8,46.8,38.3,52.0,'($1000 X INDEX)',F90,VOLATILITY/VARIANCE INDEX,OTHER FINANCIAL INSTRUMENTS,FINANCIAL INSTRUMENTS,FutOnly,106,-421,898,456,0,132,-2,1339,-478,-506,58,0,2,926,502,-820,-396,,6,4,,7,0
0807151170E1F,VIX FUTURES - CBOE FUTURES EXCHANGE,2008-07-15T00:00:00.000,2008 Report Week 28,VIX FUTURES,1170E1,E,CHI,117,VOLATILITY/VARIANCE INDEX,52415,3202,19840,17004,1041,249,266,18387,4826,3553,963,0,130,44546,45868,7869,6547,100.0,6.1,37.9,32.4,2.0,0.5,0.5,35.1,9.2,6.8,1.8,0.0,0.2,85.0,87.5,15.0,12.5,29,,,11,5,,,27,21,55.2,63.4,68.0,77.1,32.9,40.2,37.9,46.4,'($1000 X INDEX)',F90,VOLATILITY/VARIANCE INDEX,OTHER FINANCIAL INSTRUMENTS,FINANCIAL INSTRUMENTS,FutOnly,4079,13,-925,1205,0,-461,65,513,422,1446,134,0,61,3437,1813,642,2266,,7,5,,9,0
0807221170E1F,VIX FUTURES - CBOE FUTURES EXCHANGE,2008-07-22T00:00:00.000,2008 Report Week 29,VIX FUTURES,1170E1,E,CHI,117,VOLATILITY/VARIANCE INDEX,40773,1892,16599,13035,705,76,255,15804,4561,1929,1119,0,124,34863,36579,5910,4194,100.0,4.6,40.7,32.0,1.7,0.2,0.6,38.8,11.2,4.7,2.7,0.0,0.3,85.5,89.7,14.5,10.3,27,,,10,5,,,24,18,46.3,65.5,64.9,83.2,30.6,45.1,39.1,51.6,'($1000 X INDEX)',F90,VOLATILITY/VARIANCE INDEX,OTHER FINANCIAL INSTRUMENTS,FINANCIAL INSTRUMENTS,FutOnly,-11642,-1310,-3241,-3969,-336,-173,-11,-2583,-265,-1624,156,0,-6,-9683,-9289,-1959,-2353,,6,4,,7,0
0807291170E1F,VIX FUTURES - CBOE FUTURES EXCHANGE,2008-07-29T00:00:00.000,2008 Report Week 30,VIX FUTURES,1170E1,E,CHI,117,VOLATILITY/VARIANCE INDEX,43562,936,16115,15632,705,261,137,16428,5212,2267,541,0,0,36646,39624,6916,3938,100.0,2.1,37.0,35.9,1.6,0.6,0.3,37.7,12.0,5.2,1.2,0.0,0.0,84.1,91.0,15.9,9.0,25,,,9,5,,0,22,17,46.6,66.5,64.9,85.0,29.4,42.0,37.2,48.5,'($1000 X INDEX)',F90,VOLATILITY/VARIANCE INDEX,OTHER FINANCIAL INSTRUMENTS,FINANCIAL INSTRUMENTS,FutOnly,2789,-956,-484,2597,0,185,-118,624,651,338,-578,0,-124,1783,3045,1006,-256,,6,5,,7,0
0808051170E1F,VIX FUTURES - CBOE FUTURES EXCHANGE,2008-08-05T00:00:00.000,2008 Report Week 31,VIX FUTURES,1170E1,E,CHI,117,VOLATILITY/VARIANCE INDEX,47192,1139,18291,15694,705,0,0,17392,5580,2297,775,0,0,38002,41862,9190,5330,100.0,2.4,38.8,33.3,1.5,0.0,0.0,36.9,11.8,4.9,1.6,0.0,0.0,80.5,88.7,19.5,11.3,25,0,0,9,4,,0,22,15,43.4,66.4,61.5,84.1,28.1,42.7,35.8,50.0,'($1000 X INDEX)',F90,VOLATILITY/VARIANCE INDEX,OTHER FINANCIAL INSTRUMENTS,FINANCIAL INSTRUMENTS,FutOnly,3630,203,2176,62,0,-261,-137,964,368,30,234,0,0,1356,2238,2274,1392,,6,5,,6,0
0808121170E1F,VIX FUTURES - CBOE FUTURES EXCHANGE,2008-08-12T00:00:00.000,2008 Report Week 32,VIX FUTURES,1170E1,E,CHI,117,VOLATILITY/VARIANCE INDEX,47016,3080,16983,16681,705,0,0,14163,6037,2265,825,0,0,37719,41966,9297,5050,100.0,6.6,36.1,35.5,1.5,0.0,0.0,30.1,12.8,4.8,1.8,0.0,0.0,80.2,89.3,19.8,10.7,25,0,0,9,4,,0,22,13,43.0,65.9,59.2,84.5,20.8,42.2,31.4,49.0,'($1000 X INDEX)',F90,VOLATILITY/VARIANCE INDEX,OTHER FINANCIAL INSTRUMENTS,FINANCIAL INSTRUMENTS,FutOnly,-176,1941,-1308,987,0,0,0,-3229,457,-32,50,0,0,-283,104,107,-280,4,6,4,,4,0
0808191170E1F,VIX FUTURES - CBOE FUTURES EXCHANGE,2008-08-19T00:00:00.000,2008 Report Week 33,VIX FUTURES,1170E1,E,CHI,117,VOLATILITY/VARIANCE INDEX,50691,2406,21445,14383,1004,0,187,14013,7039,2460,809,57,394,35656,45965,15035,4726,100.0,4.7,42.3,28.4,2.0,0.0,0.4,27.6,13.9,4.9,1.6,0.1,0.8,70.3,90.7,29.7,9.3,28,0,,9,5,,,25,16,33.3,65.2,49.8,84.3,20.2,46.9,27.4,55.4,'($1000 X INDEX)',F90,VOLATILITY/VARIANCE INDEX,OTHER FINANCIAL INSTRUMENTS,FINANCIAL INSTRUMENTS,FutOnly,3675,-674,4462,-2298,299,0,187,-150,1002,195,-16,57,394,-2063,3999,5738,-324,6,7,,,5,
0808261170E1F,VIX FUTURES - CBOE FUTURES EXCHANGE,2008-08-26T00:00:00.000,2008 Report Week 34,VIX FUTURES,1170E1,E,CHI,117,VOLATILITY/VARIANCE INDEX,50925,2306,24729,14259,1368,0,19,23304,7371,1359,813,0,479,43907,48216,7018,2709,100.0,4.5,48.6,28.0,2.7,0.0,0.0,45.8,14.5,2.7,1.6,0.0,0.9,86.2,94.7,13.8,5.3,32,0,,10,6,4,,29,18,48.0,71.6,63.3,90.5,37.1,55.4,44.1,62.3,'($1000 X INDEX)',F90,VOLATILITY/VARIANCE INDEX,OTHER FINANCIAL INSTRUMENTS,FINANCIAL INSTRUMENTS,FutOnly,234,-100,3284,-124,364,0,-168,9291,332,-1101,4,-57,85,8251,2251,-8017,-2017,6,7,4,,6,0
0809021170E1F,VIX FUTURES - CBOE FUTURES EXCHANGE,2008-09-02T00:00:00.000,2008 Report Week 35,VIX FUTURES,1170E1,E,CHI,117,VOLATILITY/VARIANCE INDEX,51963,2395,25815,13544,1422,0,13,23746,7422,1199,842,0,333,43494,48326,8469,3637,100.0,4.6,49.7,26.1,2.7,0.0,0.0,45.7,14.3,2.3,1.6,0.0,0.6,83.7,93.0,16.3,7.0,32,0,,11,5,4,,29,17,47.3,70.7,60.9,89.9,36.0,54.6,43.3,63.6,'($1000 X INDEX)',F90,VOLATILITY/VARIANCE INDEX,OTHER FINANCIAL INSTRUMENTS,FINANCIAL INSTRUMENTS,FutOnly,1038,89,1086,-715,54,0,-6,442,51,-160,29,0,-146,-413,110,1451,928,6,7,4,,5,0
0809091170E1F,VIX FUTURES - CBOE FUTURES EXCHANGE,2008-09-09T00:00:00.000,2008 Report Week 36,VIX FUTURES,1170E1,E,CHI,117,VOLATILITY/VARIANCE INDEX,53298,1911,29612,14452,2393,0,0,23425,3284,1318,850,31,571,44920,49268,8378,4030,100.0,3.6,55.6,27.1,4.5,0.0,0.0,44.0,6.2,2.5,1.6,0.1,1.1,84.3,92.4,15.7,7.6,33,0,0,11,4,4,,30,16,50.1,77.5,62.2,88.9,36.1,55.6,43.3,61.7,'($1000 X INDEX)',F90,VOLATILITY/VARIANCE INDEX,OTHER FINANCIAL INSTRUMENTS,FINANCIAL INSTRUMENTS,FutOnly,1335,-484,3797,908,971,0,-13,-321,-4138,119,8,31,238,1426,942,-91,393,6,7,4,,4,
0809161170E1F,VIX FUTURES - CBOE FUTURES EXCHANGE,2008-09-16T00:00:00.000,2008 Report Week 37,VIX FUTURES,1170E1,E,CHI,117,VOLATILITY/VARIANCE INDEX,58815,4787,21668,19652,1746,0,18,18007,3585,3658,338,0,0,48206,48581,10609,10234,100.0,8.1,36.8,33.4,3.0,0.0,0.0,30.6,6.1,6.2,0.6,0.0,0.0,82.0,82.6,18.0,17.4,26,0,,9,4,,0,23,18,55.5,64.7,66.8,75.9,30.4,41.4,35.5,42.9,'($1000 X INDEX)',F90,VOLATILITY/VARIANCE INDEX,OTHER FINANCIAL INSTRUMENTS,FINANCIAL INSTRUMENTS,FutOnly,5517,2876,-7944,5200,-647,0,18,-5418,301,2340,-512,-31,-571,3286,-687,2231,6204,6,8,,,6,0
0809231170E1F,VIX FUTURES - CBOE FUTURES EXCHANGE,2008-09-23T00:00:00.000,2008 Report Week 38,VIX FUTURES,1170E1,E,CHI,117,VOLATILITY/VARIANCE INDEX,46664,21415,25057,7238,941,0,0,6354,4825,2881,338,0,0,39167,40001,7497,6663,100.0,45.9,53.7,15.5,2.0,0.0,0.0,13.6,10.3,6.2,0.7,0.0,0.0,83.9,85.7,16.1,14.3,24,0,0,5,7,,0,22,17,61.7,66.8,74.8,77.5,53.6,55.8,60.8,61.7,'($1000 X INDEX)',F90,VOLATILITY/VARIANCE INDEX,OTHER FINANCIAL INSTRUMENTS,FINANCIAL INSTRUMENTS,FutOnly,-12151,16628,3389,-12414,-805,0,-18,-11653,1240,-777,0,0,0,-9039,-8580,-3112,-3571,,8,6,,7,0
0809301170E1F,VIX FUTURES - CBOE FUTURES EXCHANGE,2008-09-30T00:00:00.000,2008 Report Week 39,VIX FUTURES,1170E1,E,CHI,117,VOLATILITY/VARIANCE INDEX,46927,23320,14081,6271,655,0,50,3714,9903,5147,183,0,334,39674,35786,7253,11141,100.0,49.7,30.0,13.4,1.4,0.0,0.1,7.9,21.1,11.0,0.4,0.0,0.7,84.5,76.3,15.5,23.7,27,0,,,11,,,24,23,61.6,41.8,75.4,57.8,55.8,31.5,59.3,43.0,'($1000 X INDEX)',F90,VOLATILITY/VARIANCE INDEX,OTHER FINANCIAL INSTRUMENTS,FINANCIAL INSTRUMENTS,FutOnly,263,1905,-10976,-967,-286,0,50,-2640,5078,2266,-155,0,334,507,-4215,-244,4478,4,7,6,,10,0
0810071170E1F,VIX FUTURES - CBOE FUTURES EXCHANGE,2008-10-07T00:00:00.000,2008 Report Week 40,VIX FUTURES,1170E1,E,CHI,117,VOLATILITY/VARIANCE INDEX,50194,24098,15053,6019,795,0,240,4720,10135,6908,108,0,305,43193,38660,7001,11534,100.0,48.0,30.0,12.0,1.6,0.0,0.5,9.4,20.2,13.8,0.2,0.0,0.6,86.1,77.0,13.9,23.0,28,0,,4,11,,,24,25,63.8,40.1,76.9,55.2,55.7,30.8,59.2,40.5,'($1000 X INDEX)',F90,VOLATILITY/VARIANCE INDEX,OTHER FINANCIAL INSTRUMENTS,FINANCIAL INSTRUMENTS,FutOnly,3267,778,972,-252,140,0,190,1006,232,1761,-75,0,-29,3519,2874,-252,393,,9,9,,10,0
0810141170E1F,VIX FUTURES - CBOE FUTURES EXCHANGE,2008-10-14T00:00:00.000,2008 Report Week 41,VIX FUTURES,1170E1,E,CHI,117,VOLATILITY/VARIANCE INDEX,53676,23016,14358,7222,692,934,241,8355,10908,6242,600,359,509,46877,40773,6799,12903,100.0,42.9,26.7,13.5,1.3,1.7,0.4,15.6,20.3,11.6,1.1,0.7,0.9,87.3,76.0,12.7,24.0,32,,,5,11,,,24,27,61.8,39.7,74.1,55.7,53.1,30.0,59.7,39.2,'($1000 X INDEX)',F90,VOLATILITY/VARIANCE INDEX,OTHER FINANCIAL INSTRUMENTS,FINANCIAL INSTRUMENTS,FutOnly,3482,-1082,-695,1203,-103,934,1,3635,773,-666,492,359,204,3684,2113,-202,1369,,6,7,,10,
0810211170E1F,VIX FUTURES - CBOE FUTURES EXCHANGE,2008-10-21T00:00:00.000,2008 Report Week 42,VIX FUTURES,1170E1,E,CHI,117,VOLATILITY/VARIANCE INDEX,57640,27636,18187,7432,717,1538,261,7572,10653,4623,407,290,717,49365,43701,8275,13939,100.0,47.9,31.6,12.9,1.2,2.7,0.5,13.1,18.5,8.0,0.7,0.5,1.2,85.6,75.8,14.4,24.2,32,,,5,11,,,25,27,63.1,42.1,76.2,55.4,58.0,35.6,61.7,44.8,'($1000 X INDEX)',F90,VOLATILITY/VARIANCE INDEX,OTHER FINANCIAL INSTRUMENTS,FINANCIAL INSTRUMENTS,FutOnly,3964,4620,3829,210,25,604,20,-783,-255,-1619,-193,-69,208,2488,2928,1476,1036,,7,6,,9,
0810281170E1F,VIX FUTURES - CBOE FUTURES EXCHANGE,2008-10-28T00:00:00.000,2008 Report Week 43,VIX FUTURES,1170E1,E,CHI,117,VOLATILITY/VARIANCE INDEX,43740,27642,18597,3919,647,1195,567,2469,8095,1809,343,0,1053,38449,35235,5291,8505,100.0,63.2,42.5,9.0,1.5,2.7,1.3,5.6,18.5,4.1,0.8,0.0,2.4,87.9,80.6,12.1,19.4,28,,,,10,,,20,24,69.4,54.5,80.5,65.7,65.8,50.0,69.8,58.8,'($1000 X INDEX)',F90,VOLATILITY/VARIANCE INDEX,OTHER FINANCIAL INSTRUMENTS,FINANCIAL INSTRUMENTS,FutOnly,-13900,6,410,-3513,-70,-343,306,-5103,-2558,-2814,-64,-290,336,-10916,-8466,-2984,-5434,4,6,5,,6,0
0811041170E1F,VIX FUTURES - CBOE FUTURES EXCHANGE,2008-11-04T00:00:00.000,2008 Report Week 44,VIX FUTURES,1170E1,E,CHI,117,VOLATILITY/VARIANCE INDEX,43723,28858,18553,3995,200,1826,0,1976,8152,2154,114,0,1401,38698,36081,5025,7642,100.0,66.0,42.4,9.1,0.5,4.2,0.0,4.5,18.6,4.9,0.3,0.0,3.2,88.5,82.5,11.5,17.5,24,,0,,10,,,19,20,72.5,56.7,83.7,70.0,67.2,51.9,71.0,61.5,'($1000 X INDEX)',F90,VOLATILITY/VARIANCE INDEX,OTHER FINANCIAL INSTRUMENTS,FINANCIAL INSTRUMENTS,FutOnly,-17,1216,-44,76,-447,631,-567,-493,57,345,-229,0,348,249,846,-266,-863,4,6,,,7,0
0811111170E1F,VIX FUTURES - CBOE FUTURES EXCHANGE,2008-11-11T00:00:00.000,2008 Report Week 45,VIX FUTURES,1170E1,E,CHI,117,VOLATILITY/VARIANCE INDEX,44573,30428,20639,4022,200,1826,0,1441,7806,2862,10,0,1385,40348,38540,4225,6033,100.0,68.3,46.3,9.0,0.4,4.1,0.0,3.2,17.5,6.4,0.0,0.0,3.1,90.5,86.5,9.5,13.5,25,,0,,11,,,19,21,76.4,61.8,85.6,73.9,68.3,56.0,71.9,64.8,'($1000 X INDEX)',F90,VOLATILITY/VARIANCE INDEX,OTHER FINANCIAL INSTRUMENTS,FINANCIAL INSTRUMENTS,FutOnly,850,1570,2086,27,0,0,0,-535,-346,708,-104,0,-16,1650,2459,-800,-1609,4,6,,,7,0
0811181170E1F,VIX FUTURES - CBOE FUTURES EXCHANGE,2008-11-18T00:00:00.000,2008 Report Week 46,VIX FUTURES,1170E1,E,CHI,117,VOLATILITY/VARIANCE INDEX,49611,33689,24341,3581,332,1034,214,1997,8062,2847,0,29,1467,44127,41575,5484,8036,100.0,67.9,49.1,7.2,0.7,2.1,0.4,4.0,16.3,5.7,0.0,0.1,3.0,88.9,83.8,11.1,16.2,26,,,5,9,0,,21,22,74.3,62.8,83.2,73.7,68.0,57.7,71.8,64.9,'($1000 X INDEX)',F90,VOLATILITY/VARIANCE INDEX,OTHER FINANCIAL INSTRUMENTS,FINANCIAL INSTRUMENTS,FutOnly,5038,3261,3702,-441,132,-792,214,556,256,-15,-10,29,82,3779,3035,1259,2003,4,6,,,8,
0812161170E1F,VIX FUTURES - CBOE FUTURES EXCHANGE,2008-12-16T00:00:00.000,2008 Report Week 50,VIX FUTURES,1170E1,E,CHI,117,VOLATILITY/VARIANCE INDEX,21417,2928,2887,6390,0,1020,0,567,6193,413,0,136,628,10926,17667,10491,3750,100.0,13.7,13.5,29.8,0.0,4.8,0.0,2.6,28.9,1.9,0.0,0.6,2.9,51.0,82.5,49.0,17.5,20,,0,,8,0,,16,18,39.5,49.7,46.4,63.9,14.3,32.3,16.3,41.4,'($1000 X INDEX)',F90,VOLATILITY/VARIANCE INDEX,OTHER FINANCIAL INSTRUMENTS,FINANCIAL INSTRUMENTS,FutOnly,-28194,-30761,-21454,2809,-332,-14,-214,-1430,-1869,-2434,0,107,-839,-33201,-23908,5007,-4286,4,7,,0,5,
0906021170E1F,VIX FUTURES - CBOE FUTURES EXCHANGE,2009-06-02T00:00:00.000,2009 Report Week 22,VIX FUTURES,1170E1,E,CHI,117,VOLATILITY/VARIANCE INDEX,21309,5241,10309,3814,200,0,0,3591,3211,490,643,0,0,13979,17824,7330,3485,100.0,24.6,48.4,17.9,0.9,0.0,0.0,16.9,15.1,2.3,3.0,0.0,0.0,65.6,83.6,34.4,16.4,20,0,0,5,4,,0,17,11,37.3,63.4,51.7,80.9,30.9,55.3,40.9,63.4,'($1000 X INDEX)',F90,VOLATILITY/VARIANCE INDEX,OTHER FINANCIAL INSTRUMENTS,FINANCIAL INSTRUMENTS,FutOnly,-108,2313,7422,-2576,200,-1020,0,3024,-2982,77,643,-136,-628,3053,157,-3161,-265,5,6,4,,,0
0906091170E1F,VIX FUTURES - CBOE FUTURES EXCHANGE,2009-06-09T00:00:00.000,2009 Report Week 23,VIX FUTURES,1170E1,E,CHI,117,VOLATILITY/VARIANCE INDEX,22457,5889,11283,4089,0,0,0,4649,2474,709,380,0,0,15716,18555,6741,3902,100.0,26.2,50.2,18.2,0.0,0.0,0.0,20.7,11.0,3.2,1.7,0.0,0.0,70.0,82.6,30.0,17.4,21,0,0,9,,,0,19,13,39.1,66.3,54.1,80.1,33.0,57.9,42.7,61.3,'($1000 X INDEX)',F90,VOLATILITY/VARIANCE INDEX,OTHER FINANCIAL INSTRUMENTS,FINANCIAL INSTRUMENTS,FutOnly,1148,648,974,275,-200,0,0,1058,-737,219,-263,0,0,1737,731,-589,417,4,7,4,0,4,0
0906161170E1F,VIX FUTURES - CBOE FUTURES EXCHANGE,2009-06-16T00:00:00.000,2009 Report Week 24,VIX FUTURES,1170E1,E,CHI,117,VOLATILITY/VARIANCE INDEX,24576,5617,11998,3956,0,0,0,4446,3003,860,412,0,387,15678,20204,8898,4372,100.0,22.9,48.8,16.1,0.0,0.0,0.0,18.1,12.2,3.5,1.7,0.0,1.6,63.8,82.2,36.2,17.8,22,0,0,7,5,,,18,15,35.4,63.1,48.6,77.3,29.5,54.3,37.6,60.6,'($1000 X INDEX)',F90,VOLATILITY/VARIANCE INDEX,OTHER FINANCIAL INSTRUMENTS,FINANCIAL INSTRUMENTS,FutOnly,2119,-272,715,-133,0,0,0,-203,529,151,32,0,387,-38,1649,2157,470,4,6,4,0,4,0
0906301170E1F,VIX FUTURES - CBOE FUTURES EXCHANGE,2009-06-30T00:00:00.000,2009 Report Week 26,VIX FUTURES,1170E1,E,CHI,117,VOLATILITY/VARIANCE INDEX,27016,8379,13863,4986,706,0,0,4389,4721,81,404,18,609,19554,24278,7462,2738,100.0,31.0,51.3,18.5,2.6,0.0,0.0,16.2,17.5,0.3,1.5,0.1,2.3,72.4,89.9,27.6,10.1,22,0,0,7,,,,20,11,48.0,71.2,58.9,88.6,38.9,61.5,45.9,68.9,'($1000 X INDEX)',F90,VOLATILITY/VARIANCE INDEX,OTHER FINANCIAL INSTRUMENTS,FINANCIAL INSTRUMENTS,FutOnly,2440,2762,1865,1030,706,0,0,-57,1718,-779,-8,18,222,3876,4074,-1436,-1634,,5,4,,,
0907071170E1F,VIX FUTURES - CBOE FUTURES EXCHANGE,2009-07-07T00:00:00.000,2009 Report Week 27,VIX FUTURES,1170E1,E,CHI,117,VOLATILITY/VARIANCE INDEX,28919,9579,14701,5477,286,0,0,4771,4328,88,541,63,707,21449,25364,7470,3555,100.0,33.1,50.8,18.9,1.0,0.0,0.0,16.5,15.0,0.3,1.9,0.2,2.4,74.2,87.7,25.8,12.3,23,0,0,8,,,,21,12,49.1,69.6,59.2,86.3,38.8,57.4,46.0,66.0,'($1000 X INDEX)',F90,VOLATILITY/VARIANCE INDEX,OTHER FINANCIAL INSTRUMENTS,FINANCIAL INSTRUMENTS,FutOnly,1903,1200,838,491,-420,0,0,382,-393,7,137,45,98,1895,1086,8,817,4,5,4,,,
0907141170E1F,VIX FUTURES - CBOE FUTURES EXCHANGE,2009-07-14T00:00:00.000,2009 Report Week 28,VIX FUTURES,1170E1,E,CHI,117,VOLATILITY/VARIANCE INDEX,32894,10918,16662,4625,1727,0,0,4471,5388,268,522,107,828,23359,27878,9535,5016,100.0,33.2,50.7,14.1,5.3,0.0,0.0,13.6,16.4,0.8,1.6,0.3,2.5,71.0,84.8,29.0,15.2,22,0,0,8,,,,20,12,46.3,66.1,57.4,83.0,38.6,60.1,47.0,67.4,'($1000 X INDEX)',F90,VOLATILITY/VARIANCE INDEX,OTHER FINANCIAL INSTRUMENTS,FINANCIAL INSTRUMENTS,FutOnly,3975,1339,1961,-852,1441,0,0,-300,1060,180,-19,44,121,1910,2514,2065,1461,4,5,,,,
0907211170E1F,VIX FUTURES - CBOE FUTURES EXCHANGE,2009-07-21T00:00:00.000,2009 Report Week 29,VIX FUTURES,1170E1,E,CHI,117,VOLATILITY/VARIANCE INDEX,38439,14462,21150,5633,2799,0,0,4817,6173,522,525,112,767,29525,34357,8914,4082,100.0,37.6,55.0,14.7,7.3,0.0,0.0,12.5,16.1,1.4,1.4,0.3,2.0,76.8,89.4,23.2,10.6,24,0,0,7,,,,22,13,53.6,70.3,62.6,86.6,43.4,64.3,51.2,71.4,'($1000 X INDEX)',F90,VOLATILITY/VARIANCE INDEX,OTHER FINANCIAL INSTRUMENTS,FINANCIAL INSTRUMENTS,FutOnly,5545,3544,4488,1008,1072,0,0,346,785,254,3,5,-61,6166,6479,-621,-934,4,5,,,4,
0907281170E1F,VIX FUTURES - CBOE FUTURES EXCHANGE,2009-07-28T00:00:00.000,2009 Report Week 30,VIX FUTURES,1170E1,E,CHI,117,VOLATILITY/VARIANCE INDEX,36267,13742,17414,6611,2548,0,0,3584,6349,424,526,92,810,28245,31700,8022,4567,100.0,37.9,48.0,18.2,7.0,0.0,0.0,9.9,17.5,1.2,1.5,0.3,2.2,77.9,87.4,22.1,12.6,24,0,0,7,5,,,21,14,57.7,64.7,66.0,83.3,45.5,56.4,51.4,65.4,'($1000 X INDEX)',F90,VOLATILITY/VARIANCE INDEX,OTHER FINANCIAL INSTRUMENTS,FINANCIAL INSTRUMENTS,FutOnly,-2172,-720,-3736,978,-251,0,0,-1233,176,-98,1,-20,43,-1280,-2657,-892,485,,4,4,,5,
0908041170E1F,VIX FUTURES - CBOE FUTURES EXCHANGE,2009-08-04T00:00:00.000,2009 Report Week 31,VIX FUTURES,1170E1,E,CHI,117,VOLATILITY/VARIANCE INDEX,38410,15953,19430,5430,2728,0,0,3229,6494,1088,684,122,960,30072,33524,8338,4886,100.0,41.5,50.6,14.1,7.1,0.0,0.0,8.4,16.9,2.8,1.8,0.3,2.5,78.3,87.3,21.7,12.7,27,0,0,8,6,,,24,17,56.2,62.9,64.8,80.8,46.0,58.3,53.2,67.5,'($1000 X INDEX)',F90,VOLATILITY/VARIANCE INDEX,OTHER FINANCIAL INSTRUMENTS,FINANCIAL INSTRUMENTS,FutOnly,2143,2211,2016,-1181,180,0,0,-355,145,664,158,30,150,1827,1824,316,319,4,5,4,,7,
0908111170E1F,VIX FUTURES - CBOE FUTURES EXCHANGE,2009-08-11T00:00:00.000,2009 Report Week 32,VIX FUTURES,1170E1,E,CHI,117,VOLATILITY/VARIANCE INDEX,40955,18501,20470,5235,3266,0,0,2326,7722,1568,684,53,740,32320,35788,8635,5167,100.0,45.2,50.0,12.8,8.0,0.0,0.0,5.7,18.9,3.8,1.7,0.1,1.8,78.9,87.4,21.1,12.6,29,0,0,8,7,,,26,18,56.8,63.0,64.3,79.3,49.7,58.8,55.4,68.6,'($1000 X INDEX)',F90,VOLATILITY/VARIANCE INDEX,OTHER FINANCIAL INSTRUMENTS,FINANCIAL INSTRUMENTS,FutOnly,2545,2548,1040,-195,538,0,0,-903,1228,480,0,-69,-220,2248,2264,297,281,4,5,,,8,
0908181170E1F,VIX FUTURES - CBOE FUTURES EXCHANGE,2009-08-18T00:00:00.000,2009 Report Week 33,VIX FUTURES,1170E1,E,CHI,117,VOLATILITY/VARIANCE INDEX,41567,21507,20634,4740,1797,0,0,2542,8495,1168,684,86,715,33153,35838,8414,5729,100.0,51.7,49.6,11.4,4.3,0.0,0.0,6.1,20.4,2.8,1.6,0.2,1.7,79.8,86.2,20.2,13.8,27,0,0,8,7,,,24,19,58.3,63.2,66.9,78.1,54.7,55.2,59.8,68.2,'($1000 X INDEX)',F90,VOLATILITY/VARIANCE INDEX,OTHER FINANCIAL INSTRUMENTS,FINANCIAL INSTRUMENTS,FutOnly,612,3006,164,-495,-1469,0,0,216,773,-400,0,33,-25,833,50,-221,562,,5,4,,9,
0908251170E1F,VIX FUTURES - CBOE FUTURES EXCHANGE,2009-08-25T00:00:00.000,2009 Report Week 34,VIX FUTURES,1170E1,E,CHI,117,VOLATILITY/VARIANCE INDEX,37995,21242,18323,3093,777,0,0,1612,9525,1111,709,66,687,29231,32805,8764,5190,100.0,55.9,48.2,8.1,2.0,0.0,0.0,4.2,25.1,2.9,1.9,0.2,1.8,76.9,86.3,23.1,13.7,24,0,0,6,7,,,20,16,60.9,62.1,67.9,78.1,57.9,56.9,62.2,71.8,'($1000 X INDEX)',F90,VOLATILITY/VARIANCE INDEX,OTHER FINANCIAL INSTRUMENTS,FINANCIAL INSTRUMENTS,FutOnly,-3572,-265,-2311,-1647,-1020,0,0,-930,1030,-57,25,-20,-28,-3922,-3033,350,-539,4,4,,,6,
0909011170E1F,VIX FUTURES - CBOE FUTURES EXCHANGE,2009-09-01T00:00:00.000,2009 Report Week 35,VIX FUTURES,1170E1,E,CHI,117,VOLATILITY/VARIANCE INDEX,42255,23878,20310,3456,1134,0,0,2142,10018,1734,528,82,712,33584,36312,8671,5943,100.0,56.5,48.1,8.2,2.7,0.0,0.0,5.1,23.7,4.1,1.2,0.2,1.7,79.5,85.9,20.5,14.1,26,0,0,5,8,,,22,17,59.0,62.2,67.5,78.3,56.4,56.3,61.8,70.6,'($1000 X INDEX)',F90,VOLATILITY/VARIANCE INDEX,OTHER FINANCIAL INSTRUMENTS,FINANCIAL INSTRUMENTS,FutOnly,4260,2636,1987,363,357,0,0,530,493,623,-181,16,25,4353,3507,-93,753,5,5,,,6,
0909081170E1F,VIX FUTURES - CBOE FUTURES EXCHANGE,2009-09-08T00:00:00.000,2009 Report Week 36,VIX FUTURES,1170E1,E,CHI,117,VOLATILITY/VARIANCE INDEX,47153,25175,21344,5704,797,0,0,2390,10752,1627,475,15,413,36581,39855,10572,7298,100.0,53.4,45.3,12.1,1.7,0.0,0.0,5.1,22.8,3.5,1.0,0.0,0.9,77.6,84.5,22.4,15.5,27,0,0,5,9,,,22,18,58.1,58.5,66.2,76.3,52.9,52.6,57.5,66.0,'($1000 X INDEX)',F90,VOLATILITY/VARIANCE INDEX,OTHER FINANCIAL INSTRUMENTS,FINANCIAL INSTRUMENTS,FutOnly,4898,1297,1034,2248,-337,0,0,248,734,-107,-53,-67,-299,2997,3543,1901,1355,5,6,4,,6,
0909151170E1F,VIX FUTURES - CBOE FUTURES EXCHANGE,2009-09-15T00:00:00.000,2009 Report Week 37,VIX FUTURES,1170E1,E,CHI,117,VOLATILITY/VARIANCE INDEX,54366,26868,19049,10810,755,4343,0,3352,10717,2384,475,0,0,44644,47303,9722,7063,100.0,49.4,35.0,19.9,1.4,8.0,0.0,6.2,19.7,4.4,0.9,0.0,0.0,82.1,87.0,17.9,13.0,31,,0,8,9,,0,26,22,62.2,53.0,69.7,74.0,49.6,47.7,52.8,57.4,'($1000 X INDEX)',F90,VOLATILITY/VARIANCE INDEX,OTHER FINANCIAL INSTRUMENTS,FINANCIAL INSTRUMENTS,FutOnly,7213,1693,-2295,5106,-42,4343,0,962,-35,757,0,-15,-413,8063,7448,-850,-235,6,8,4,,9,0
0909221170E1F,VIX FUTURES - CBOE FUTURES EXCHANGE,2009-09-22T00:00:00.000,2009 Report Week 38,VIX FUTURES,1170E1,E,CHI,117,VOLATILITY/VARIANCE INDEX,46867,25887,20217,5146,1130,4343,0,2367,8109,3079,826,0,0,38435,40894,8432,5973,100.0,55.2,43.1,11.0,2.4,9.3,0.0,5.1,17.3,6.6,1.8,0.0,0.0,82.0,87.3,18.0,12.7,33,,0,6,10,,0,26,24,60.9,53.8,69.4,73.1,57.5,49.2,61.2,62.7,'($1000 X INDEX)',F90,VOLATILITY/VARIANCE INDEX,OTHER FINANCIAL INSTRUMENTS,FINANCIAL INSTRUMENTS,FutOnly,-7499,-981,1168,-5664,375,0,0,-985,-2608,695,351,0,0,-6209,-6409,-1290,-1090,4,7,6,,10,0
0909291170E1F,VIX FUTURES - CBOE FUTURES EXCHANGE,2009-09-29T00:00:00.000,2009 Report Week 39,VIX FUTURES,1170E1,E,CHI,117,VOLATILITY/VARIANCE INDEX,43154,25190,18012,3383,885,4343,0,2313,7570,2710,533,0,0,35014,36018,8140,7136,100.0,58.4,41.7,7.8,2.1,10.1,0.0,5.4,17.5,6.3,1.2,0.0,0.0,81.1,83.5,18.9,16.5,31,,0,6,10,,0,25,22,61.2,49.8,68.9,68.0,60.7,48.3,64.9,62.8,'($1000 X INDEX)',F90,VOLATILITY/VARIANCE INDEX,OTHER FINANCIAL INSTRUMENTS,FINANCIAL INSTRUMENTS,FutOnly,-3713,-697,-2205,-1763,-245,0,0,-54,-539,-369,-293,0,0,-3421,-4876,-292,1163,4,6,6,,10,0
0910061170E1F,VIX FUTURES - CBOE FUTURES EXCHANGE,2009-10-06T00:00:00.000,2009 Report Week 40,VIX FUTURES,1170E1,E,CHI,117,VOLATILITY/VARIANCE INDEX,48581,26874,17979,5391,1122,4343,0,1712,10289,3630,975,0,150,39854,41782,8727,6799,100.0,55.3,37.0,11.1,2.3,8.9,0.0,3.5,21.2,7.5,2.0,0.0,0.3,82.0,86.0,18.0,14.0,33,,0,5,10,,,29,25,59.9,48.8,67.3,66.8,57.5,43.9,61.3,57.5,'($1000 X INDEX)',F90,VOLATILITY/VARIANCE INDEX,OTHER FINANCIAL INSTRUMENTS,FINANCIAL INSTRUMENTS,FutOnly,5427,1684,-33,2008,237,0,0,-601,2719,920,442,0,150,4840,5764,587,-337,4,8,7,,12,0
0910131170E1F,VIX FUTURES - CBOE FUTURES EXCHANGE,2009-10-13T00:00:00.000,2009 Report Week 41,VIX FUTURES,1170E1,E,CHI,117,VOLATILITY/VARIANCE INDEX,58269,32249,24010,5299,1964,4343,0,2000,13377,3442,1515,0,0,46469,50471,11800,7798,100.0,55.3,41.2,9.1,3.4,7.5,0.0,3.4,23.0,5.9,2.6,0.0,0.0,79.7,86.6,20.3,13.4,36,,0,7,10,,0,30,26,58.3,52.5,65.4,69.7,55.5,51.3,61.1,65.1,'($1000 X INDEX)',F90,VOLATILITY/VARIANCE INDEX,OTHER FINANCIAL INSTRUMENTS,FINANCIAL INSTRUMENTS,FutOnly,9688,5375,6031,-92,842,0,0,288,3088,-188,540,0,-150,6615,8689,3073,999,5,7,6,,13,0
0910201170E1F,VIX FUTURES - CBOE FUTURES EXCHANGE,2009-10-20T00:00:00.000,2009 Report Week 42,VIX FUTURES,1170E1,E,CHI,117,VOLATILITY/VARIANCE INDEX,58861,31502,24300,7167,821,0,500,1512,16448,3051,1314,0,0,45867,51466,12994,7395,100.0,53.5,41.3,12.2,1.4,0.0,0.8,2.6,27.9,5.2,2.2,0.0,0.0,77.9,87.4,22.1,12.6,37,0,,8,12,,0,32,28,56.6,53.5,63.3,68.3,52.7,50.3,56.7,62.4,'($1000 X INDEX)',F90,VOLATILITY/VARIANCE INDEX,OTHER FINANCIAL INSTRUMENTS,FINANCIAL INSTRUMENTS,FutOnly,592,-747,290,1868,-1143,-4343,500,-488,3071,-391,-201,0,0,-602,995,1194,-403,7,8,5,,14,0
0910271170E1F,VIX FUTURES - CBOE FUTURES EXCHANGE,2009-10-27T00:00:00.000,2009 Report Week 43,VIX FUTURES,1170E1,E,CHI,117,VOLATILITY/VARIANCE INDEX,50369,25779,21950,6421,858,0,500,1664,11103,2688,1868,0,731,40509,43393,9860,6976,100.0,51.2,43.6,12.7,1.7,0.0,1.0,3.3,22.0,5.3,3.7,0.0,1.5,80.4,86.2,19.6,13.8,35,0,,5,12,5,,30,27,54.5,55.9,62.5,69.7,51.9,48.6,57.0,57.7,'($1000 X INDEX)',F90,VOLATILITY/VARIANCE INDEX,OTHER FINANCIAL INSTRUMENTS,FINANCIAL INSTRUMENTS,FutOnly,-8492,-5723,-2350,-746,37,0,0,152,-5345,-363,554,0,731,-5358,-8073,-3134,-419,4,8,6,,11,0
0911031170E1F,VIX FUTURES - CBOE FUTURES EXCHANGE,2009-11-03T00:00:00.000,2009 Report Week 44,VIX FUTURES,1170E1,E,CHI,117,VOLATILITY/VARIANCE INDEX,55936,28014,25405,10513,857,350,500,1529,6283,4629,1309,64,654,48005,48398,7931,7538,100.0,50.1,45.4,18.8,1.5,0.6,0.9,2.7,11.2,8.3,2.3,0.1,1.2,85.8,86.5,14.2,13.5,35,,,5,11,,,31,28,56.6,63.3,66.7,73.7,48.1,45.5,53.4,51.7,'($1000 X INDEX)',F90,VOLATILITY/VARIANCE INDEX,OTHER FINANCIAL INSTRUMENTS,FINANCIAL INSTRUMENTS,FutOnly,5567,2235,3455,4092,-1,350,0,-135,-4820,1941,-559,64,-77,7496,5005,-1929,562,6,10,6,,11,
0911091170E1F,VIX FUTURES - CBOE FUTURES EXCHANGE,2009-11-09T00:00:00.000,2009 Report Week 45,VIX FUTURES,1170E1,E,CHI,117,VOLATILITY/VARIANCE INDEX,59863,27250,21782,16471,842,0,500,1711,9977,4094,1508,154,798,53174,53776,6689,6087,100.0,45.5,36.4,27.5,1.4,0.0,0.8,2.9,16.7,6.8,2.5,0.3,1.3,88.8,89.8,11.2,10.2,33,0,,5,10,,,29,26,59.7,60.0,71.7,74.7,44.6,39.9,49.8,46.7,'($1000 X INDEX)',F90,VOLATILITY/VARIANCE INDEX,OTHER FINANCIAL INSTRUMENTS,FINANCIAL INSTRUMENTS,FutOnly,3927,-764,-3623,5958,-15,-350,0,182,3694,-535,199,90,144,5169,5378,-1242,-1451,5,10,7,,9,
0911171170E1F,VIX FUTURES - CBOE FUTURES EXCHANGE,2009-11-17T00:00:00.000,2009 Report Week 46,VIX FUTURES,1170E1,E,CHI,117,VOLATILITY/VARIANCE INDEX,64048,27453,23109,22674,337,0,500,2684,8717,1307,1508,252,868,57331,57427,6717,6621,100.0,42.9,36.1,35.4,0.5,0.0,0.8,4.2,13.6,2.0,2.4,0.4,1.4,89.5,89.7,10.5,10.3,31,0,,6,7,,,27,23,59.7,60.5,73.8,74.9,43.0,37.5,47.4,45.4,'($1000 X INDEX)',F90,VOLATILITY/VARIANCE INDEX,OTHER FINANCIAL INSTRUMENTS,FINANCIAL INSTRUMENTS,FutOnly,4185,203,1327,6203,-505,0,0,973,-1260,-2787,0,98,70,4157,3651,28,534,5,11,8,,6,
0911241170E1F,VIX FUTURES - CBOE FUTURES EXCHANGE,2009-11-24T00:00:00.000,2009 Report Week 47,VIX FUTURES,1170E1,E,CHI,117,VOLATILITY/VARIANCE INDEX,57676,27216,24558,12072,644,0,500,3584,8750,977,1290,71,1284,47567,48212,10109,9464,100.0,47.2,42.6,20.9,1.1,0.0,0.9,6.2,15.2,1.7,2.2,0.1,2.2,82.5,83.6,17.5,16.4,30,0,,5,8,,,27,23,59.1,56.1,69.3,70.0,49.2,44.2,53.4,54.4,'($1000 X INDEX)',F90,VOLATILITY/VARIANCE INDEX,OTHER FINANCIAL INSTRUMENTS,FINANCIAL INSTRUMENTS,FutOnly,-6372,-237,1449,-10602,307,0,0,900,33,-330,-218,-181,416,-9764,-9215,3392,2843,5,11,7,,7,
0912011170E1F,VIX FUTURES - CBOE FUTURES EXCHANGE,2009-12-01T00:00:00.000,2009 Report Week 48,VIX FUTURES,1170E1,E,CHI,117,VOLATILITY/VARIANCE INDEX,61905,27886,23725,10940,1301,0,500,3545,10129,1426,1301,61,1054,47953,47835,13952,14070,100.0,45.0,38.3,17.7,2.1,0.0,0.8,5.7,16.4,2.3,2.1,0.1,1.7,77.5,77.3,22.5,22.7,32,0,,5,9,,,30,24,55.9,51.1,63.8,63.2,48.2,41.2,52.1,50.2,'($1000 X INDEX)',F90,VOLATILITY/VARIANCE INDEX,OTHER FINANCIAL INSTRUMENTS,FINANCIAL INSTRUMENTS,FutOnly,4229,670,-833,-1132,657,0,0,-39,1379,449,11,-10,-230,386,-377,3843,4606,5,11,7,,9,
0912081170E1F,VIX FUTURES - CBOE FUTURES EXCHANGE,2009-12-08T00:00:00.000,2009 Report Week 49,VIX FUTURES,1170E1,E,CHI,117,VOLATILITY/VARIANCE INDEX,62017,28903,20192,12539,1290,4765,500,3302,10065,1943,1301,0,1104,50882,51108,11135,10909,100.0,46.6,32.6,20.2,2.1,7.7,0.8,5.3,16.2,3.1,2.1,0.0,1.8,82.0,82.4,18.0,17.6,33,,,4,9,,,30,26,60.0,50.4,68.6,65.1,49.8,40.0,53.6,50.6,'($1000 X INDEX)',F90,VOLATILITY/VARIANCE INDEX,OTHER FINANCIAL INSTRUMENTS,FINANCIAL INSTRUMENTS,FutOnly,112,1017,-3533,1599,-11,4765,0,-243,-64,517,0,-61,50,2929,3273,-2817,-3161,4,12,9,,9,0
0912151170E1F,VIX FUTURES - CBOE FUTURES EXCHANGE,2009-12-15T00:00:00.000,2009 Report Week 50,VIX FUTURES,1170E1,E,CHI,117,VOLATILITY/VARIANCE INDEX,62312,26274,17851,13491,971,4765,500,3274,11034,4345,1220,0,960,51035,52946,11277,9366,100.0,42.2,28.6,21.7,1.6,7.6,0.8,5.3,17.7,7.0,2.0,0.0,1.5,81.9,85.0,18.1,15.0,35,,,5,12,,,31,31,58.1,45.9,67.8,64.0,47.1,36.3,50.1,45.8,'($1000 X INDEX)',F90,VOLATILITY/VARIANCE INDEX,OTHER FINANCIAL INSTRUMENTS,FINANCIAL INSTRUMENTS,FutOnly,295,-2629,-2341,952,-319,0,0,-28,969,2402,-81,0,-144,153,1838,142,-1543,,12,9,,13,0
0912221170E1F,VIX FUTURES - CBOE FUTURES EXCHANGE,2009-12-22T00:00:00.000,2009 Report Week 51,VIX FUTURES,1170E1,E,CHI,117,VOLATILITY/VARIANCE INDEX,53120,29163,18108,7990,985,4765,500,1623,12755,2524,1096,0,1002,44883,47644,8237,5476,100.0,54.9,34.1,15.0,1.9,9.0,0.9,3.1,24.0,4.8,2.1,0.0,1.9,84.5,89.7,15.5,10.3,30,,,,11,,,23,24,69.3,48.2,76.3,65.5,59.0,38.8,61.6,52.0,'($1000 X INDEX)',F90,VOLATILITY/VARIANCE INDEX,OTHER FINANCIAL INSTRUMENTS,FINANCIAL INSTRUMENTS,FutOnly,-9192,2889,257,-5501,14,0,0,-1651,1721,-1821,-124,0,42,-6152,-5302,-3040,-3890,,8,8,,7,0
0912291170E1F,VIX FUTURES - CBOE FUTURES EXCHANGE,2009-12-29T00:00:00.000,2009 Report Week 52,VIX FUTURES,1170E1,E,CHI,117,VOLATILITY/VARIANCE INDEX,52718,28834,19121,7376,985,4765,500,1341,11366,2506,1087,0,1088,43717,46722,9001,5996,100.0,54.7,36.3,14.0,1.9,9.0,0.9,2.5,21.6,4.8,2.1,0.0,2.1,82.9,88.6,17.1,11.4,28,,,,8,,,23,23,68.9,49.2,75.4,66.8,58.4,39.4,60.9,53.8,'($1000 X INDEX)',F90,VOLATILITY/VARIANCE INDEX,OTHER FINANCIAL INSTRUMENTS,FINANCIAL INSTRUMENTS,FutOnly,-402,-329,1013,-614,0,0,0,-282,-1389,-18,-9,0,86,-1166,-922,764,520,,8,8,,8,0
1001051170E1F,VIX FUTURES - CBOE FUTURES EXCHANGE,2010-01-05T00:00:00.000,2010 Report Week 01,VIX FUTURES,1170E1,E,CHI,117,VOLATILITY/VARIANCE INDEX,61257,33964,26038,6494,1099,3118,500,398,12852,3106,1376,0,1240,48177,53348,13080,7909,100.0,55.4,42.5,10.6,1.8,5.1,0.8,0.6,21.0,5.1,2.2,0.0,2.0,78.6,87.1,21.4,12.9,33,,,4,9,4,,26,26,63.2,46.2,68.8,64.8,57.3,40.5,59.5,55.3,'($1000 X INDEX)',F90,VOLATILITY/VARIANCE INDEX,OTHER FINANCIAL INSTRUMENTS,FINANCIAL INSTRUMENTS,FutOnly,8539,5130,6917,-882,114,-1647,0,-943,1486,600,289,0,152,4460,6626,4079,1913,4,8,8,,9,0
1001121170E1F,VIX FUTURES - CBOE FUTURES EXCHANGE,2010-01-12T00:00:00.000,2010 Report Week 02,VIX FUTURES,1170E1,E,CHI,117,VOLATILITY/VARIANCE INDEX,63142,33987,28084,8173,1126,0,500,1318,12844,3169,1468,0,1093,50834,53863,12308,9279,100.0,53.8,44.5,12.9,1.8,0.0,0.8,2.1,20.3,5.0,2.3,0.0,1.7,80.5,85.3,19.5,14.7,37,0,,6,9,4,,31,26,61.3,47.8,67.3,66.6,54.8,40.2,57.7,53.7,'($1000 X INDEX)',F90,VOLATILITY/VARIANCE INDEX,OTHER FINANCIAL INSTRUMENTS,FINANCIAL INSTRUMENTS,FutOnly,1885,23,2046,1679,27,-3118,0,920,-8,63,92,0,-147,2657,515,-772,1370,6,8,9,,10,0
1001191170E1F,VIX FUTURES - CBOE FUTURES EXCHANGE,2010-01-19T00:00:00.000,2010 Report Week 03,VIX FUTURES,1170E1,E,CHI,117,VOLATILITY/VARIANCE INDEX,63463,31458,23901,7832,1294,0,500,2015,15454,4981,1443,321,798,50321,53787,13142,9676,100.0,49.6,37.7,12.3,2.0,0.0,0.8,3.2,24.4,7.8,2.3,0.5,1.3,79.3,84.8,20.7,15.2,43,0,,7,11,4,,37,33,54.1,42.2,61.0,59.6,50.5,36.5,53.4,48.5,'($1000 X INDEX)',F90,VOLATILITY/VARIANCE INDEX,OTHER FINANCIAL INSTRUMENTS,FINANCIAL INSTRUMENTS,FutOnly,321,-2529,-4183,-341,168,0,0,697,2610,1812,-25,321,-295,-513,-76,834,397,6,12,10,,12,
1001261170E1F,VIX FUTURES - CBOE FUTURES EXCHANGE,2010-01-26T00:00:00.000,2010 Report Week 04,VIX FUTURES,1170E1,E,CHI,117,VOLATILITY/VARIANCE INDEX,47810,22839,20120,4596,918,108,1204,1912,8663,5495,1359,4,633,38956,40823,8854,6987,100.0,47.8,42.1,9.6,1.9,0.2,2.5,4.0,18.1,11.5,2.8,0.0,1.3,81.5,85.4,18.5,14.6,42,,,6,11,,,33,33,52.5,45.3,60.2,57.0,48.2,40.2,53.4,49.3,'($1000 X INDEX)',F90,VOLATILITY/VARIANCE INDEX,OTHER FINANCIAL INSTRUMENTS,FINANCIAL INSTRUMENTS,FutOnly,-15653,-8619,-3781,-3236,-376,108,704,-103,-6791,514,-84,-317,-165,-11365,-12964,-4288,-2689,7,11,11,,10,
1002021170E1F,VIX FUTURES - CBOE FUTURES EXCHANGE,2010-02-02T00:00:00.000,2010 Report Week 05,VIX FUTURES,1170E1,E,CHI,117,VOLATILITY/VARIANCE INDEX,47960,20196,13672,8036,0,0,504,1794,11794,7314,1717,0,475,40036,41795,7924,6165,100.0,42.1,28.5,16.8,0.0,0.0,1.1,3.7,24.6,15.3,3.6,0.0,1.0,83.5,87.1,16.5,12.9,41,0,,6,15,,,35,31,49.3,40.0,59.4,56.6,42.0,33.7,45.8,45.0,'($1000 X INDEX)',F90,VOLATILITY/VARIANCE INDEX,OTHER FINANCIAL INSTRUMENTS,FINANCIAL INSTRUMENTS,FutOnly,150,-2643,-6448,3440,-918,-108,-700,-118,3131,1819,358,-4,-158,1080,972,-930,-822,10,9,5,0,14,0
1002091170E1F,VIX FUTURES - CBOE FUTURES EXCHANGE,2010-02-09T00:00:00.000,2010 Report Week 06,VIX FUTURES,1170E1,E,CHI,117,VOLATILITY/VARIANCE INDEX,48999,13336,13213,11939,0,0,504,4744,7467,7740,1899,338,1328,41490,42529,7509,6470,100.0,27.2,27.0,24.4,0.0,0.0,1.0,9.7,15.2,15.8,3.9,0.7,2.7,84.7,86.8,15.3,13.2,39,0,,6,11,4,,33,30,42.4,41.7,56.4,61.1,30.1,28.3,35.6,36.4,'($1000 X INDEX)',F90,VOLATILITY/VARIANCE INDEX,OTHER FINANCIAL INSTRUMENTS,FINANCIAL INSTRUMENTS,FutOnly,1039,-6860,-459,3903,0,0,0,2950,-4327,426,182,338,853,1454,734,-415,305,8,10,6,0,11,
1002161170E1F,VIX FUTURES - CBOE FUTURES EXCHANGE,2010-02-16T00:00:00.000,2010 Report Week 07,VIX FUTURES,1170E1,E,CHI,117,VOLATILITY/VARIANCE INDEX,46713,13753,13359,11592,0,0,504,4541,7037,5897,1842,380,1136,39265,39905,7448,6808,100.0,29.4,28.6,24.8,0.0,0.0,1.1,9.7,15.1,12.6,3.9,0.8,2.4,84.1,85.4,15.9,14.6,40,0,,9,9,,,35,31,44.3,42.4,57.5,59.5,34.1,29.0,38.2,37.4,'($1000 X INDEX)',F90,VOLATILITY/VARIANCE INDEX,OTHER FINANCIAL INSTRUMENTS,FINANCIAL INSTRUMENTS,FutOnly,-2286,417,146,-347,0,0,0,-203,-430,-1843,-57,42,-192,-2225,-2624,-61,338,8,11,7,0,12,
1002231170E1F,VIX FUTURES - CBOE FUTURES EXCHANGE,2010-02-23T00:00:00.000,2010 Report Week 08,VIX FUTURES,1170E1,E,CHI,117,VOLATILITY/VARIANCE INDEX,43207,15891,13820,8585,0,0,504,3884,11338,2665,2373,238,1467,35369,38617,7838,4590,100.0,36.8,32.0,19.9,0.0,0.0,1.2,9.0,26.2,6.2,5.5,0.6,3.4,81.9,89.4,18.1,10.6,45,0,,10,10,6,4,38,31,47.8,45.8,57.3,64.0,39.7,33.1,43.6,46.3,'($1000 X INDEX)',F90,VOLATILITY/VARIANCE INDEX,OTHER FINANCIAL INSTRUMENTS,FINANCIAL INSTRUMENTS,FutOnly,-3506,2138,461,-3007,0,0,0,-657,4301,-3232,531,-142,331,-3896,-1288,390,-2218,7,9,7,0,10,
1003021170E1F,VIX FUTURES - CBOE FUTURES EXCHANGE,2010-03-02T00:00:00.000,2010 Report Week 09,VIX FUTURES,1170E1,E,CHI,117,VOLATILITY/VARIANCE INDEX,46394,17455,15777,5697,0,0,504,5513,13750,3120,2434,211,1504,36227,40563,10167,5831,100.0,37.6,34.0,12.3,0.0,0.0,1.1,11.9,29.6,6.7,5.2,0.5,3.2,78.1,87.4,21.9,12.6,45,0,,9,10,5,,40,35,42.0,46.0,50.9,61.8,39.0,39.7,44.7,52.0,'($1000 X INDEX)',F90,VOLATILITY/VARIANCE INDEX,OTHER FINANCIAL INSTRUMENTS,FINANCIAL INSTRUMENTS,FutOnly,3187,1564,1957,-2888,0,0,0,1629,2412,455,61,-27,37,858,1946,2329,1241,8,12,6,0,14,
1003091170E1F,VIX FUTURES - CBOE FUTURES EXCHANGE,2010-03-09T00:00:00.000,2010 Report Week 10,VIX FUTURES,1170E1,E,CHI,117,VOLATILITY/VARIANCE INDEX,60569,17605,17142,16003,1080,254,504,8627,16686,3587,2219,10,995,50620,55181,9949,5388,100.0,29.1,28.3,26.4,1.8,0.4,0.8,14.2,27.5,5.9,3.7,0.0,1.6,83.6,91.1,16.4,8.9,57,,,18,10,4,4,50,42,48.2,53.9,56.2,67.2,29.1,36.7,35.1,46.0,'($1000 X INDEX)',F90,VOLATILITY/VARIANCE INDEX,OTHER FINANCIAL INSTRUMENTS,FINANCIAL INSTRUMENTS,FutOnly,14175,150,1365,10306,1080,254,0,3114,2936,467,-215,-201,-509,14393,14618,-218,-443,7,11,8,,19,
1003161170E1F,VIX FUTURES - CBOE FUTURES EXCHANGE,2010-03-16T00:00:00.000,2010 Report Week 11,VIX FUTURES,1170E1,E,CHI,117,VOLATILITY/VARIANCE INDEX,77309,25102,26929,20198,1820,254,504,9624,16999,5562,1914,13,1558,66282,72017,11027,5292,100.0,32.5,34.8,26.1,2.4,0.3,0.7,12.4,22.0,7.2,2.5,0.0,2.0,85.7,93.2,14.3,6.8,60,,,18,12,4,4,51,46,52.1,56.8,59.6,69.9,33.0,39.3,38.6,47.6,'($1000 X INDEX)',F90,VOLATILITY/VARIANCE INDEX,OTHER FINANCIAL INSTRUMENTS,FINANCIAL INSTRUMENTS,FutOnly,16740,7497,9787,4195,740,0,0,997,313,1975,-305,3,563,15662,16836,1078,-96,7,12,9,4,20,
1003231170E1F,VIX FUTURES - CBOE FUTURES EXCHANGE,2010-03-23T00:00:00.000,2010 Report Week 12,VIX FUTURES,1170E1,E,CHI,117,VOLATILITY/VARIANCE INDEX,57147,34521,26787,2662,1320,254,0,2820,19283,3103,1785,398,631,46842,53118,10305,4029,100.0,60.4,46.9,4.7,2.3,0.4,0.0,4.9,33.7,5.4,3.1,0.7,1.1,82.0,92.9,18.0,7.1,43,,0,7,13,,,34,31,61.6,51.5,67.3,68.5,61.0,50.4,64.9,63.5,'($1000 X INDEX)',F90,VOLATILITY/VARIANCE INDEX,OTHER FINANCIAL INSTRUMENTS,FINANCIAL INSTRUMENTS,FutOnly,-20162,9419,-142,-17536,-500,0,-504,-6804,2284,-2459,-129,385,-927,-19440,-18899,-722,-1263,7,9,8,,11,
1003301170E1F,VIX FUTURES - CBOE FUTURES EXCHANGE,2010-03-30T00:00:00.000,2010 Report Week 13,VIX FUTURES,1170E1,E,CHI,117,VOLATILITY/VARIANCE INDEX,61874,33735,23914,5161,1320,273,0,2878,20042,3519,1799,402,1074,49486,54385,12388,7489,100.0,54.5,38.6,8.3,2.1,0.4,0.0,4.7,32.4,5.7,2.9,0.6,1.7,80.0,87.9,20.0,12.1,45,,0,7,15,,,33,34,57.2,44.2,63.8,61.9,55.4,41.5,59.4,54.8,'($1000 X INDEX)',F90,VOLATILITY/VARIANCE INDEX,OTHER FINANCIAL INSTRUMENTS,FINANCIAL INSTRUMENTS,FutOnly,4727,-786,-2873,2499,0,19,0,58,759,416,14,4,443,2644,1267,2083,3460,6,8,8,,11,
1004061170E1F,VIX FUTURES - CBOE FUTURES EXCHANGE,2010-04-06T00:00:00.000,2010 Report Week 14,VIX FUTURES,1170E1,E,CHI,117,VOLATILITY/VARIANCE INDEX,67613,36019,23641,10136,1320,285,0,2866,21679,3045,1967,114,1137,56490,60037,11123,7576,100.0,53.3,35.0,15.0,2.0,0.4,0.0,4.2,32.1,4.5,2.9,0.2,1.7,83.5,88.8,16.5,11.2,46,,0,7,16,,,34,35,61.1,46.5,67.1,63.1,53.9,39.2,57.5,50.2,'($1000 X INDEX)',F90,VOLATILITY/VARIANCE INDEX,OTHER FINANCIAL INSTRUMENTS,FINANCIAL INSTRUMENTS,FutOnly,5739,2284,-273,4975,0,12,0,-12,1637,-474,168,-288,63,7004,5652,-1265,87,6,10,9,,11,
1004131170E1F,VIX FUTURES - CBOE FUTURES EXCHANGE,2010-04-13T00:00:00.000,2010 Report Week 15,VIX FUTURES,1170E1,E,CHI,117,VOLATILITY/VARIANCE INDEX,69127,32780,24449,12579,1320,290,0,4528,22303,3918,1710,392,1970,58805,65901,10322,3226,100.0,47.4,35.4,18.2,1.9,0.4,0.0,6.6,32.3,5.7,2.5,0.6,2.8,85.1,95.3,14.9,4.7,51,,0,12,13,,,40,39,57.0,44.2,62.8,65.8,47.1,36.2,51.0,49.0,'($1000 X INDEX)',F90,VOLATILITY/VARIANCE INDEX,OTHER FINANCIAL INSTRUMENTS,FINANCIAL INSTRUMENTS,FutOnly,1514,-3239,808,2443,0,5,0,1662,624,873,-257,278,833,2315,5864,-801,-4350,7,12,10,,13,
1004201170E1F,VIX FUTURES - CBOE FUTURES EXCHANGE,2010-04-20T00:00:00.000,2010 Report Week 16,VIX FUTURES,1170E1,E,CHI,117,VOLATILITY/VARIANCE INDEX,79909,34915,23274,17615,1320,222,0,4735,21426,5719,1342,674,3244,68890,72174,11019,7735,100.0,43.7,29.1,22.0,1.7,0.3,0.0,5.9,26.8,7.2,1.7,0.8,4.1,86.2,90.3,13.8,9.7,56,,0,16,13,4,4,47,44,57.8,39.1,64.8,58.4,44.0,31.2,46.8,41.2,'($1000 X INDEX)',F90,VOLATILITY/VARIANCE INDEX,OTHER FINANCIAL INSTRUMENTS,FINANCIAL INSTRUMENTS,FutOnly,10782,2135,-1175,5036,0,-68,0,207,-877,1801,-368,282,1274,10085,6273,697,4509,7,13,10,,18,
1004271170E1F,VIX FUTURES - CBOE FUTURES EXCHANGE,2010-04-27T00:00:00.000,2010 Report Week 17,VIX FUTURES,1170E1,E,CHI,117,VOLATILITY/VARIANCE INDEX,68834,36366,15179,9980,1100,217,0,1015,21508,3614,1000,41,3236,56311,53775,12523,15059,100.0,52.8,22.1,14.5,1.6,0.3,0.0,1.5,31.2,5.3,1.5,0.1,4.7,81.8,78.1,18.2,21.9,44,,0,,17,4,,32,35,62.6,33.6,70.5,47.5,51.5,30.3,54.4,39.4,'($1000 X INDEX)',F90,VOLATILITY/VARIANCE INDEX,OTHER FINANCIAL INSTRUMENTS,FINANCIAL INSTRUMENTS,FutOnly,-11075,1451,-8095,-7635,-220,-5,0,-3720,82,-2105,-342,-633,-8,-12579,-18399,1504,7324,7,11,8,,9,
1005041170E1F,VIX FUTURES - CBOE FUTURES EXCHANGE,2010-05-04T00:00:00.000,2010 Report Week 18,VIX FUTURES,1170E1,E,CHI,117,VOLATILITY/VARIANCE INDEX,75048,35918,14606,10539,700,0,0,4486,24556,4543,932,68,3279,60397,57591,14651,17457,100.0,47.9,19.5,14.0,0.9,0.0,0.0,6.0,32.7,6.1,1.2,0.1,4.4,80.5,76.7,19.5,23.3,50,0,0,5,23,,,37,42,60.9,30.5,69.0,43.5,50.4,25.2,52.8,34.7,'($1000 X INDEX)',F90,VOLATILITY/VARIANCE INDEX,OTHER FINANCIAL INSTRUMENTS,FINANCIAL INSTRUMENTS,FutOnly,6214,-448,-573,559,-400,-217,0,3471,3048,929,-68,27,43,4086,3816,2128,2398,7,10,7,,16,
1005111170E1F,VIX FUTURES - CBOE FUTURES EXCHANGE,2010-05-11T00:00:00.000,2010 Report Week 19,VIX FUTURES,1170E1,E,CHI,117,VOLATILITY/VARIANCE INDEX,87814,30568,19802,26339,419,0,0,12709,20613,5467,593,415,2564,78659,75200,9155,12614,100.0,34.8,22.5,30.0,0.5,0.0,0.0,14.5,23.5,6.2,0.7,0.5,2.9,89.6,85.6,10.4,14.4,47,0,0,,24,,,36,43,68.3,40.5,78.1,52.8,46.7,26.2,49.1,33.5,'($1000 X INDEX)',F90,VOLATILITY/VARIANCE INDEX,OTHER FINANCIAL INSTRUMENTS,FINANCIAL INSTRUMENTS,FutOnly,12766,-5350,5196,15800,-281,0,0,8223,-3943,924,-339,347,-715,18262,17609,-5496,-4843,9,12,6,,17,
1005181170E1F,VIX FUTURES - CBOE FUTURES EXCHANGE,2010-05-18T00:00:00.000,2010 Report Week 20,VIX FUTURES,1170E1,E,CHI,117,VOLATILITY/VARIANCE INDEX,96971,30222,21082,29451,455,260,0,14923,22106,6275,496,767,2154,83976,82095,12995,14876,100.0,31.2,21.7,30.4,0.5,0.3,0.0,15.4,22.8,6.5,0.5,0.8,2.2,86.6,84.7,13.4,15.3,50,,0,,26,,,36,47,65.5,39.8,75.2,50.0,43.6,22.7,46.3,29.2,'($1000 X INDEX)',F90,VOLATILITY/VARIANCE INDEX,OTHER FINANCIAL INSTRUMENTS,FINANCIAL INSTRUMENTS,FutOnly,9157,-346,1280,3112,36,260,0,2214,1493,808,-97,352,-410,5317,6895,3840,2262,7,13,8,,17,
1005251170E1F,VIX FUTURES - CBOE FUTURES EXCHANGE,2010-05-25T00:00:00.000,2010 Report Week 21,VIX FUTURES,1170E1,E,CHI,117,VOLATILITY/VARIANCE INDEX,77090,28903,14968,22366,273,0,0,8321,17886,6526,482,965,2011,68882,64722,8208,12368,100.0,37.5,19.4,29.0,0.4,0.0,0.0,10.8,23.2,8.5,0.6,1.3,2.6,89.4,84.0,10.6,16.0,45,0,0,,20,,,32,41,72.4,32.7,81.8,48.4,44.5,15.1,48.7,22.3,'($1000 X INDEX)',F90,VOLATILITY/VARIANCE INDEX,OTHER FINANCIAL INSTRUMENTS,FINANCIAL INSTRUMENTS,FutOnly,-19881,-1319,-6114,-7085,-182,-260,0,-6602,-4220,251,-14,198,-143,-15094,-17373,-4787,-2508,4,11,12,,14,
1006011170E1F,VIX FUTURES - CBOE FUTURES EXCHANGE,2010-06-01T00:00:00.000,2010 Report Week 22,VIX FUTURES,1170E1,E,CHI,117,VOLATILITY/VARIANCE INDEX,82619,32034,15997,24599,0,0,0,6217,17732,10278,510,970,1438,75076,71014,7543,11605,100.0,38.8,19.4,29.8,0.0,0.0,0.0,7.5,21.5,12.4,0.6,1.2,1.7,90.9,86.0,9.1,14.0,44,0,0,,20,,,32,42,75.0,34.8,84.7,50.4,43.5,13.7,46.6,21.7,'($1000 X INDEX)',F90,VOLATILITY/VARIANCE INDEX,OTHER FINANCIAL INSTRUMENTS,FINANCIAL INSTRUMENTS,FutOnly,5529,3131,1029,2233,-273,0,0,-2104,-154,3752,28,5,-573,6194,6292,-665,-763,4,12,12,0,15,
1006081170E1F,VIX FUTURES - CBOE FUTURES EXCHANGE,2010-06-08T00:00:00.000,2010 Report Week 23,VIX FUTURES,1170E1,E,CHI,117,VOLATILITY/VARIANCE INDEX,86728,35884,18130,23672,0,0,0,4884,18250,11385,431,845,895,77151,73177,9577,13551,100.0,41.4,20.9,27.3,0.0,0.0,0.0,5.6,21.0,13.1,0.5,1.0,1.0,89.0,84.4,11.0,15.6,44,0,0,4,20,,,30,42,73.7,30.8,83.5,49.9,46.5,13.9,47.5,21.5,'($1000 X INDEX)',F90,VOLATILITY/VARIANCE INDEX,OTHER FINANCIAL INSTRUMENTS,FINANCIAL INSTRUMENTS,FutOnly,4109,3850,2133,-927,0,0,0,-1333,518,1107,-79,-125,-543,2075,2163,2034,1946,,12,13,0,14,
1006151170E1F,VIX FUTURES - CBOE FUTURES EXCHANGE,2010-06-15T00:00:00.000,2010 Report Week 24,VIX FUTURES,1170E1,E,CHI,117,VOLATILITY/VARIANCE INDEX,90375,42228,21234,20032,0,0,0,3234,20371,8129,754,964,968,75345,71698,15030,18677,100.0,46.7,23.5,22.2,0.0,0.0,0.0,3.6,22.5,9.0,0.8,1.1,1.1,83.4,79.3,16.6,20.7,48,0,0,,24,,,35,45,69.9,27.2,77.3,44.3,50.1,13.9,51.1,22.6,'($1000 X INDEX)',F90,VOLATILITY/VARIANCE INDEX,OTHER FINANCIAL INSTRUMENTS,FINANCIAL INSTRUMENTS,FutOnly,3647,6344,3104,-3640,0,0,0,-1650,2121,-3256,323,119,73,-1806,-1479,5453,5126,,12,13,0,18,
1006221170E1F,VIX FUTURES - CBOE FUTURES EXCHANGE,2010-06-22T00:00:00.000,2010 Report Week 25,VIX FUTURES,1170E1,E,CHI,117,VOLATILITY/VARIANCE INDEX,70890,48368,24645,7132,200,0,0,259,20307,5466,825,635,582,62832,58767,8058,12123,100.0,68.2,34.8,10.1,0.3,0.0,0.0,0.4,28.6,7.7,1.2,0.9,0.8,88.6,82.9,11.4,17.1,40,0,0,,19,,,28,36,80.6,31.1,83.8,50.1,68.8,29.0,70.0,41.7,'($1000 X INDEX)',F90,VOLATILITY/VARIANCE INDEX,OTHER FINANCIAL INSTRUMENTS,FINANCIAL INSTRUMENTS,FutOnly,-19485,6140,3411,-12900,200,0,0,-2975,-64,-2663,71,-329,-386,-12513,-12931,-6972,-6554,,10,11,,12,
1006291170E1F,VIX FUTURES - CBOE FUTURES EXCHANGE,2010-06-29T00:00:00.000,2010 Report Week 26,VIX FUTURES,1170E1,E,CHI,117,VOLATILITY/VARIANCE INDEX,75447,51379,25153,5778,200,0,0,305,22239,5540,834,718,505,64541,59933,10906,15514,100.0,68.1,33.3,7.7,0.3,0.0,0.0,0.4,29.5,7.3,1.1,1.0,0.7,85.5,79.4,14.5,20.6,44,0,0,,23,,,29,40,76.1,28.9,80.4,43.5,68.6,25.5,69.9,35.5,'($1000 X INDEX)',F90,VOLATILITY/VARIANCE INDEX,OTHER FINANCIAL INSTRUMENTS,FINANCIAL INSTRUMENTS,FutOnly,4557,3011,508,-1354,0,0,0,46,1932,74,9,83,-77,1709,1166,2848,3391,,10,11,,13,
1007061170E1F,VIX FUTURES - CBOE FUTURES EXCHANGE,2010-07-06T00:00:00.000,2010 Report Week 27,VIX FUTURES,1170E1,E,CHI,117,VOLATILITY/VARIANCE INDEX,76674,51977,25322,7047,200,0,0,417,22668,5796,715,811,703,66855,62347,9819,14327,100.0,67.8,33.0,9.2,0.3,0.0,0.0,0.5,29.6,7.6,0.9,1.1,0.9,87.2,81.3,12.8,18.7,42,0,0,,20,,,29,38,76.9,29.5,81.9,46.5,68.3,24.4,69.5,37.3,'($1000 X INDEX)',F90,VOLATILITY/VARIANCE INDEX,OTHER FINANCIAL INSTRUMENTS,FINANCIAL INSTRUMENTS,FutOnly,1227,598,169,1269,0,0,0,112,429,256,-119,93,198,2314,2414,-1087,-1187,,12,12,,11,
1007131170E1F,VIX FUTURES - CBOE FUTURES EXCHANGE,2010-07-13T00:00:00.000,2010 Report Week 28,VIX FUTURES,1170E1,E,CHI,117,VOLATILITY/VARIANCE INDEX,86615,60239,28176,11028,200,3050,100,2038,27946,2167,226,1335,474,76472,74276,10143,12339,100.0,69.5,32.5,12.7,0.2,3.5,0.1,2.4,32.3,2.5,0.3,1.5,0.5,88.3,85.8,11.7,14.2,43,,,4,19,,,27,41,79.1,33.8,83.9,51.7,71.2,27.8,72.3,43.4,'($1000 X INDEX)',F90,VOLATILITY/VARIANCE INDEX,OTHER FINANCIAL INSTRUMENTS,FINANCIAL INSTRUMENTS,FutOnly,9941,8262,2854,3981,0,3050,100,1621,5278,-3629,-489,524,-229,9617,11929,324,-1988,4,10,10,,13,
1007201170E1F,VIX FUTURES - CBOE FUTURES EXCHANGE,2010-07-20T00:00:00.000,2010 Report Week 29,VIX FUTURES,1170E1,E,CHI,117,VOLATILITY/VARIANCE INDEX,96183,65457,29620,11658,200,1993,100,2068,32759,2555,495,1815,270,82803,80770,13380,15413,100.0,68.1,30.8,12.1,0.2,2.1,0.1,2.2,34.1,2.7,0.5,1.9,0.3,86.1,84.0,13.9,16.0,43,,,4,19,,,29,40,77.7,33.3,81.9,52.5,69.3,28.3,70.5,44.9,'($1000 X INDEX)',F90,VOLATILITY/VARIANCE INDEX,OTHER FINANCIAL INSTRUMENTS,FINANCIAL INSTRUMENTS,FutOnly,,,,,,,,,,,,,,,,,,,10,11,,14,
1007271170E1F,VIX FUTURES - CBOE FUTURES EXCHANGE,2010-07-27T00:00:00.000,2010 Report Week 30,VIX FUTURES,1170E1,E,CHI,117,VOLATILITY/VARIANCE INDEX,84826,56893,28337,11559,200,0,0,1185,29088,2697,495,934,0,73029,72615,11797,12211,100.0,67.1,33.4,13.6,0.2,0.0,0.0,1.4,34.3,3.2,0.6,1.1,0.0,86.1,85.6,13.9,14.4,40,0,0,,21,,0,28,36,79.4,36.6,83.0,57.1,68.8,31.5,69.3,46.9,'($1000 X INDEX)',F90,VOLATILITY/VARIANCE INDEX,OTHER FINANCIAL INSTRUMENTS,FINANCIAL INSTRUMENTS,FutOnly,-11357,-8564,-1283,-99,0,-1993,-100,-883,-3671,142,0,-881,-270,-9774,-8155,-1583,-3202,,10,12,,14,
1008031170E1F,VIX FUTURES - CBOE FUTURES EXCHANGE,2010-08-03T00:00:00.000,2010 Report Week 31,VIX FUTURES,1170E1,E,CHI,117,VOLATILITY/VARIANCE INDEX,93493,63018,31238,12368,916,0,0,0,31085,3580,596,1184,0,80478,79455,13015,14038,100.0,67.4,33.4,13.2,1.0,0.0,0.0,0.0,33.2,3.8,0.6,1.3,0.0,86.1,85.0,13.9,15.0,42,0,0,0,22,,0,29,36,79.0,37.1,82.1,56.0,68.2,32.0,69.0,45.9,'($1000 X INDEX)',F90,VOLATILITY/VARIANCE INDEX,OTHER FINANCIAL INSTRUMENTS,FINANCIAL INSTRUMENTS,FutOnly,8667,6125,2901,809,716,0,0,-1185,1997,883,101,250,0,7449,6840,1218,1827,,9,12,,14,
1008101170E1F,VIX FUTURES - CBOE FUTURES EXCHANGE,2010-08-10T00:00:00.000,2010 Report Week 32,VIX FUTURES,1170E1,E,CHI,117,VOLATILITY/VARIANCE INDEX,100370,67678,32743,12197,1008,0,246,0,33035,4111,677,1455,171,86088,83958,14282,16412,100.0,67.4,32.6,12.2,1.0,0.0,0.2,0.0,32.9,4.1,0.7,1.4,0.2,85.8,83.6,14.2,16.4,47,0,,0,25,,,32,42,78.3,33.6,81.7,51.5,68.2,29.2,69.1,42.9,'($1000 X INDEX)',F90,VOLATILITY/VARIANCE INDEX,OTHER FINANCIAL INSTRUMENTS,FINANCIAL INSTRUMENTS,FutOnly,6877,4660,1505,-171,92,0,246,0,1950,531,81,271,171,5610,4503,1267,2374,,8,12,4,17,
1008171170E1F,VIX FUTURES - CBOE FUTURES EXCHANGE,2010-08-17T00:00:00.000,2010 Report Week 33,VIX FUTURES,1170E1,E,CHI,117,VOLATILITY/VARIANCE INDEX,105469,70238,30672,13905,1008,0,246,15,34754,5088,774,2371,33,91307,87069,14162,18400,100.0,66.6,29.1,13.2,1.0,0.0,0.2,0.0,33.0,4.8,0.7,2.2,0.0,86.6,82.6,13.4,17.4,52,0,,,28,,,40,46,77.9,30.2,81.9,47.4,67.3,26.2,68.2,39.8,'($1000 X INDEX)',F90,VOLATILITY/VARIANCE INDEX,OTHER FINANCIAL INSTRUMENTS,FINANCIAL INSTRUMENTS,FutOnly,5099,2560,-2071,1708,0,0,0,15,1719,977,97,916,-138,5219,3111,-120,1988,,12,12,4,20,
1008241170E1F,VIX FUTURES - CBOE FUTURES EXCHANGE,2010-08-24T00:00:00.000,2010 Report Week 34,VIX FUTURES,1170E1,E,CHI,117,VOLATILITY/VARIANCE INDEX,95220,66950,32575,8180,1011,5,536,0,33115,4001,774,1749,33,81485,80194,13735,15026,100.0,70.3,34.2,8.6,1.1,0.0,0.6,0.0,34.8,4.2,0.8,1.8,0.0,85.6,84.2,14.4,15.8,54,,,0,30,,,34,48,77.9,29.0,81.7,45.6,71.1,27.0,72.1,41.9,'($1000 X INDEX)',F90,VOLATILITY/VARIANCE INDEX,OTHER FINANCIAL INSTRUMENTS,FINANCIAL INSTRUMENTS,FutOnly,-10249,-3288,1903,-5725,3,5,290,-15,-1639,-1087,0,-622,0,-9822,-6875,-427,-3374,,7,11,4,18,
1008311170E1F,VIX FUTURES - CBOE FUTURES EXCHANGE,2010-08-31T00:00:00.000,2010 Report Week 35,VIX FUTURES,1170E1,E,CHI,117,VOLATILITY/VARIANCE INDEX,99473,70656,37679,7079,1431,74,536,0,31568,8044,774,1832,4,88524,86816,10949,12657,100.0,71.0,37.9,7.1,1.4,0.1,0.5,0.0,31.7,8.1,0.8,1.8,0.0,89.0,87.3,11.0,12.7,54,,,0,29,,,40,47,77.4,30.1,82.3,47.7,72.2,27.2,73.2,42.7,'($1000 X INDEX)',F90,VOLATILITY/VARIANCE INDEX,OTHER FINANCIAL INSTRUMENTS,FINANCIAL INSTRUMENTS,FutOnly,4253,3706,5104,-1101,420,69,0,0,-1547,4043,0,83,-29,7039,6622,-2786,-2369,,9,11,5,21,
1009071170E1F,VIX FUTURES - CBOE FUTURES EXCHANGE,2010-09-07T00:00:00.000,2010 Report Week 36,VIX FUTURES,1170E1,E,CHI,117,VOLATILITY/VARIANCE INDEX,109296,74627,45612,9516,641,106,573,892,34449,7904,814,2158,600,95567,100918,13729,8378,100.0,68.3,41.7,8.7,0.6,0.1,0.5,0.8,31.5,7.2,0.7,2.0,0.5,87.4,92.3,12.6,7.7,54,,,,26,,,40,49,75.3,33.9,79.8,54.6,69.5,31.8,70.3,48.6,'($1000 X INDEX)',F90,VOLATILITY/VARIANCE INDEX,OTHER FINANCIAL INSTRUMENTS,FINANCIAL INSTRUMENTS,FutOnly,9823,3971,7933,2437,-790,32,37,892,2881,-140,40,326,596,7043,14102,2780,-4279,,10,12,,21,
1009141170E1F,VIX FUTURES - CBOE FUTURES EXCHANGE,2010-09-14T00:00:00.000,2010 Report Week 37,VIX FUTURES,1170E1,E,CHI,117,VOLATILITY/VARIANCE INDEX,125941,79493,41423,14325,764,115,886,1231,39533,8337,771,3023,1964,107771,109606,18170,16335,100.0,63.1,32.9,11.4,0.6,0.1,0.7,1.0,31.4,6.6,0.6,2.4,1.6,85.6,87.0,14.4,13.0,61,,,,26,,6,43,56,72.7,33.9,77.3,50.5,63.9,26.3,64.9,41.7,'($1000 X INDEX)',F90,VOLATILITY/VARIANCE INDEX,OTHER FINANCIAL INSTRUMENTS,FINANCIAL INSTRUMENTS,FutOnly,16645,4866,-4189,4809,123,9,313,339,5084,433,-43,865,1364,12204,8688,4441,7957,4,11,13,,18,5
1009211170E1F,VIX FUTURES - CBOE FUTURES EXCHANGE,2010-09-21T00:00:00.000,2010 Report Week 38,VIX FUTURES,1170E1,E,CHI,117,VOLATILITY/VARIANCE INDEX,112535,77809,39376,6702,1075,148,2272,478,37733,7667,571,3502,1770,98344,99170,14191,13365,100.0,69.1,35.0,6.0,1.0,0.1,2.0,0.4,33.5,6.8,0.5,3.1,1.6,87.4,88.1,12.6,11.9,60,,6,,27,,6,40,56,76.2,30.5,79.2,47.0,69.9,27.8,70.8,42.4,'($1000 X INDEX)',F90,VOLATILITY/VARIANCE INDEX,OTHER FINANCIAL INSTRUMENTS,FINANCIAL INSTRUMENTS,FutOnly,-13406,-1684,-2047,-7623,311,33,1386,-753,-1800,-670,-200,479,-194,-9427,-10436,-3979,-2970,,10,10,5,14,5
1009281170E1F,VIX FUTURES - CBOE FUTURES EXCHANGE,2010-09-28T00:00:00.000,2010 Report Week 39,VIX FUTURES,1170E1,E,CHI,117,VOLATILITY/VARIANCE INDEX,114567,82474,38108,7438,671,375,1954,536,38570,6848,569,3979,1868,102358,99140,12209,15427,100.0,72.0,33.3,6.5,0.6,0.3,1.7,0.5,33.7,6.0,0.5,3.5,1.6,89.3,86.5,10.7,13.5,56,,5,,25,,4,33,53,77.8,29.2,81.8,44.9,72.5,27.7,73.3,42.3,'($1000 X INDEX)',F90,VOLATILITY/VARIANCE INDEX,OTHER FINANCIAL INSTRUMENTS,FINANCIAL INSTRUMENTS,FutOnly,2032,4665,-1268,736,-404,227,-318,58,837,-819,-2,477,98,4014,-30,-1982,2062,4,11,10,,10,5
1010051170E1F,VIX FUTURES - CBOE FUTURES EXCHANGE,2010-10-05T00:00:00.000,2010 Report Week 40,VIX FUTURES,1170E1,E,CHI,117,VOLATILITY/VARIANCE INDEX,114994,81675,39525,5569,671,190,2125,925,37811,8052,637,4458,2126,101780,99856,13214,15138,100.0,71.0,34.4,4.8,0.6,0.2,1.8,0.8,32.9,7.0,0.6,3.9,1.8,88.5,86.8,11.5,13.2,62,,5,,28,,5,37,59,76.1,27.3,80.0,42.5,71.6,26.7,72.6,40.8,'($1000 X INDEX)',F90,VOLATILITY/VARIANCE INDEX,OTHER FINANCIAL INSTRUMENTS,FINANCIAL INSTRUMENTS,FutOnly,427,-799,1417,-1869,0,-185,171,389,-759,1204,68,479,258,-578,716,1005,-289,5,12,10,,12,5
1010121170E1F,VIX FUTURES - CBOE FUTURES EXCHANGE,2010-10-12T00:00:00.000,2010 Report Week 41,VIX FUTURES,1170E1,E,CHI,117,VOLATILITY/VARIANCE INDEX,129842,87877,41330,9307,671,675,2543,218,43452,11263,780,4041,3135,115794,115746,14048,14096,100.0,67.7,31.8,7.2,0.5,0.5,2.0,0.2,33.5,8.7,0.6,3.1,2.4,89.2,89.1,10.8,10.9,74,,6,,34,,8,48,70,72.7,24.6,77.6,39.2,68.0,24.6,68.6,37.7,'($1000 X INDEX)',F90,VOLATILITY/VARIANCE INDEX,OTHER FINANCIAL INSTRUMENTS,FINANCIAL INSTRUMENTS,FutOnly,14848,6202,1805,3738,0,485,418,-707,5641,3211,143,-417,1009,14014,15890,834,-1042,4,12,13,,18,6
1010191170E1F,VIX FUTURES - CBOE FUTURES EXCHANGE,2010-10-19T00:00:00.000,2010 Report Week 42,VIX FUTURES,1170E1,E,CHI,117,VOLATILITY/VARIANCE INDEX,134936,86213,44803,11335,671,686,2723,2051,40059,14025,792,3743,3608,121418,120982,13518,13954,100.0,63.9,33.2,8.4,0.5,0.5,2.0,1.5,29.7,10.4,0.6,2.8,2.7,90.0,89.7,10.0,10.3,77,,6,7,31,,8,56,72,71.3,23.6,75.6,38.8,64.8,23.0,65.6,36.4,'($1000 X INDEX)',F90,VOLATILITY/VARIANCE INDEX,OTHER FINANCIAL INSTRUMENTS,FINANCIAL INSTRUMENTS,FutOnly,5094,-1664,3473,2028,0,11,180,1833,-3393,2762,12,-298,473,5624,5236,-530,-142,4,14,13,,23,6
1010261170E1F,VIX FUTURES - CBOE FUTURES EXCHANGE,2010-10-26T00:00:00.000,2010 Report Week 43,VIX FUTURES,1170E1,E,CHI,117,VOLATILITY/VARIANCE INDEX,128289,79586,45173,10269,480,733,2242,1020,31792,13501,815,3081,2624,110537,109415,17752,18874,100.0,62.0,35.2,8.0,0.4,0.6,1.7,0.8,24.8,10.5,0.6,2.4,2.0,86.2,85.3,13.8,14.7,71,,4,4,32,5,6,48,66,70.1,27.0,76.0,40.0,62.7,25.2,63.5,34.8,'($1000 X INDEX)',F90,VOLATILITY/VARIANCE INDEX,OTHER FINANCIAL INSTRUMENTS,FINANCIAL INSTRUMENTS,FutOnly,-6647,-6627,370,-1066,-191,47,-481,-1031,-8267,-524,23,-662,-984,-10881,-11567,4234,4920,,12,14,,21,4
1011021170E1F,VIX FUTURES - CBOE FUTURES EXCHANGE,2010-11-02T00:00:00.000,2010 Report Week 44,VIX FUTURES,1170E1,E,CHI,117,VOLATILITY/VARIANCE INDEX,144288,77068,45933,21039,2131,440,2884,1382,32947,19172,904,2232,4549,129129,129196,15159,15092,100.0,53.4,31.8,14.6,1.5,0.3,2.0,1.0,22.8,13.3,0.6,1.5,3.2,89.5,89.5,10.5,10.5,77,,5,5,33,4,8,59,70,65.1,26.9,73.0,42.3,54.3,24.2,55.6,33.1,'($1000 X INDEX)',F90,VOLATILITY/VARIANCE INDEX,OTHER FINANCIAL INSTRUMENTS,FINANCIAL INSTRUMENTS,FutOnly,15999,-2518,760,10770,1651,-293,642,362,1155,5671,89,-849,1925,18592,19781,-2593,-3782,4,12,13,4,27,5
1011091170E1F,VIX FUTURES - CBOE FUTURES EXCHANGE,2010-11-09T00:00:00.000,2010 Report Week 45,VIX FUTURES,1170E1,E,CHI,117,VOLATILITY/VARIANCE INDEX,147291,70649,39906,24447,2164,627,4021,1699,32606,25705,456,2295,4447,133588,134054,13703,13237,100.0,48.0,27.1,16.6,1.5,0.4,2.7,1.2,22.1,17.5,0.3,1.6,3.0,90.7,91.0,9.3,9.0,78,,6,6,30,,8,62,73,64.4,24.8,71.1,40.0,48.7,18.7,50.0,27.8,'($1000 X INDEX)',F90,VOLATILITY/VARIANCE INDEX,OTHER FINANCIAL INSTRUMENTS,FINANCIAL INSTRUMENTS,FutOnly,3003,-6419,-6027,3408,33,187,1137,317,-341,6533,-448,63,-102,4459,4858,-1456,-1855,4,13,13,4,30,7
1011161170E1F,VIX FUTURES - CBOE FUTURES EXCHANGE,2010-11-16T00:00:00.000,2010 Report Week 46,VIX FUTURES,1170E1,E,CHI,117,VOLATILITY/VARIANCE INDEX,167743,77065,49352,29601,3537,442,4236,2572,33598,27385,1207,2007,3561,149164,150182,18579,17561,100.0,45.9,29.4,17.6,2.1,0.3,2.5,1.5,20.0,16.3,0.7,1.2,2.1,88.9,89.5,11.1,10.5,87,,6,11,32,4,8,72,79,59.0,27.3,65.7,41.8,46.5,21.4,48.0,32.0,'($1000 X INDEX)',F90,VOLATILITY/VARIANCE INDEX,OTHER FINANCIAL INSTRUMENTS,FINANCIAL INSTRUMENTS,FutOnly,20452,6416,9446,5154,1373,-185,215,873,992,1680,751,-288,-886,15576,16128,4876,4324,7,15,12,5,35,6
1011231170E1F,VIX FUTURES - CBOE FUTURES EXCHANGE,2010-11-23T00:00:00.000,2010 Report Week 47,VIX FUTURES,1170E1,E,CHI,117,VOLATILITY/VARIANCE INDEX,149160,74435,31225,28563,1265,863,4928,1908,41941,17608,1266,3294,3420,133393,131842,15767,17318,100.0,49.9,20.9,19.1,0.8,0.6,3.3,1.3,28.1,11.8,0.8,2.2,2.3,89.4,88.4,10.6,11.6,90,,5,9,37,6,9,68,78,64.5,24.1,70.4,36.5,50.3,16.1,51.3,23.5,'($1000 X INDEX)',F90,VOLATILITY/VARIANCE INDEX,OTHER FINANCIAL INSTRUMENTS,FINANCIAL INSTRUMENTS,FutOnly,-18583,-2630,-18127,-1038,-2272,421,692,-664,8343,-9777,59,1287,-141,-15771,-18340,-2812,-243,4,13,14,,29,5
1011301170E1F,VIX FUTURES - CBOE FUTURES EXCHANGE,2010-11-30T00:00:00.000,2010 Report Week 48,VIX FUTURES,1170E1,E,CHI,117,VOLATILITY/VARIANCE INDEX,147299,65549,25448,29510,4725,456,5007,1394,42261,18038,1145,3573,3623,128991,127916,18308,19383,100.0,44.5,17.3,20.0,3.2,0.3,3.4,0.9,28.7,12.2,0.8,2.4,2.5,87.6,86.8,12.4,13.2,93,,5,7,38,6,9,76,81,58.0,21.0,65.0,33.1,45.7,12.7,47.2,20.5,'($1000 X INDEX)',F90,VOLATILITY/VARIANCE INDEX,OTHER FINANCIAL INSTRUMENTS,FINANCIAL INSTRUMENTS,FutOnly,-1861,-8886,-5777,947,3460,-407,79,-514,320,430,-121,279,203,-4402,-3926,2541,2065,7,16,13,5,34,6
1012071170E1F,VIX FUTURES - CBOE FUTURES EXCHANGE,2010-12-07T00:00:00.000,2010 Report Week 49,VIX FUTURES,1170E1,E,CHI,117,VOLATILITY/VARIANCE INDEX,149231,65746,25167,31527,5125,363,5479,893,43684,20252,854,3485,4620,134496,134577,14735,14654,100.0,44.1,16.9,21.1,3.4,0.2,3.7,0.6,29.3,13.6,0.6,2.3,3.1,90.1,90.2,9.9,9.8,93,,6,7,36,4,11,75,84,57.3,21.3,64.2,34.2,45.5,12.8,47.2,21.1,'($1000 X INDEX)',F90,VOLATILITY/VARIANCE INDEX,OTHER FINANCIAL INSTRUMENTS,FINANCIAL INSTRUMENTS,FutOnly,1932,197,-281,2017,400,-93,472,-501,1423,2214,-291,-88,997,5505,6661,-3573,-4729,6,16,14,6,33,5
1012141170E1F,VIX FUTURES - CBOE FUTURES EXCHANGE,2010-12-14T00:00:00.000,2010 Report Week 50,VIX FUTURES,1170E1,E,CHI,117,VOLATILITY/VARIANCE INDEX,151503,59490,29847,33757,6859,222,5829,1807,40154,22565,1609,3083,4016,135932,139473,15571,12030,100.0,39.3,19.7,22.3,4.5,0.1,3.8,1.2,26.5,14.9,1.1,2.0,2.7,89.7,92.1,10.3,7.9,91,,7,10,33,5,9,70,80,54.3,23.4,62.9,36.7,41.4,13.0,43.5,21.5,'($1000 X INDEX)',F90,VOLATILITY/VARIANCE INDEX,OTHER FINANCIAL INSTRUMENTS,FINANCIAL INSTRUMENTS,FutOnly,2272,-6256,4680,2230,1734,-141,350,914,-3530,2313,755,-402,-604,1436,4896,836,-2624,6,17,15,7,26,6
1012211170E1F,VIX FUTURES - CBOE FUTURES EXCHANGE,2010-12-21T00:00:00.000,2010 Report Week 51,VIX FUTURES,1170E1,E,CHI,117,VOLATILITY/VARIANCE INDEX,155998,56506,24427,38759,4881,261,3706,3021,40352,22597,1771,3083,3225,134466,136410,21532,19588,100.0,36.2,15.7,24.8,3.1,0.2,2.4,1.9,25.9,14.5,1.1,2.0,2.1,86.2,87.4,13.8,12.6,86,,6,13,29,5,8,70,72,53.4,28.5,61.3,42.0,37.5,17.0,39.3,22.8,'($1000 X INDEX)',F90,VOLATILITY/VARIANCE INDEX,OTHER FINANCIAL INSTRUMENTS,FINANCIAL INSTRUMENTS,FutOnly,4495,-2984,-5420,5002,-1978,39,-2123,1214,198,32,162,0,-791,-1466,-3063,5961,7558,6,16,13,6,26,5
1012281170E1F,VIX FUTURES - CBOE FUTURES EXCHANGE,2010-12-28T00:00:00.000,2010 Report Week 52,VIX FUTURES,1170E1,E,CHI,117,VOLATILITY/VARIANCE INDEX,141787,65368,29366,30726,213,480,3496,1608,35639,17668,426,4036,3924,123429,125335,18358,16452,100.0,46.1,20.7,21.7,0.2,0.3,2.5,1.1,25.1,12.5,0.3,2.8,2.8,87.1,88.4,12.9,11.6,76,4,5,7,28,4,11,59,71,61.6,27.7,68.7,42.9,45.6,20.3,46.5,28.8,'($1000 X INDEX)',F90,VOLATILITY/VARIANCE INDEX,OTHER FINANCIAL INSTRUMENTS,FINANCIAL INSTRUMENTS,FutOnly,-14211,8862,4939,-8033,-4668,219,-210,-1413,-4713,-4929,-1345,953,699,-11037,-11075,-3174,-3136,7,16,13,,22,5
1101041170E1F,VIX FUTURES - CBOE FUTURES EXCHANGE,2011-01-04T00:00:00.000,2011 Report Week 01,VIX FUTURES,1170E1,E,CHI,117,VOLATILITY/VARIANCE INDEX,149085,71847,35316,24882,2051,514,3653,1337,37758,18686,804,3935,4833,128093,129577,20992,19508,100.0,48.2,23.7,16.7,1.4,0.3,2.5,0.9,25.3,12.5,0.5,2.6,3.2,85.9,86.9,14.1,13.1,82,4,5,6,32,7,12,61,76,58.9,27.1,65.8,41.3,48.9,21.6,49.9,29.7,'($1000 X INDEX)',F90,VOLATILITY/VARIANCE INDEX,OTHER FINANCIAL INSTRUMENTS,FINANCIAL INSTRUMENTS,FutOnly,7298,6479,5950,-5844,1838,34,157,-271,2119,1018,378,-101,909,4664,4242,2634,3056,6,16,14,,22,4
1101111170E1F,VIX FUTURES - CBOE FUTURES EXCHANGE,2011-01-11T00:00:00.000,2011 Report Week 02,VIX FUTURES,1170E1,E,CHI,117,VOLATILITY/VARIANCE INDEX,148913,64994,33100,28864,3223,555,3853,3373,38688,19692,1645,3905,4437,130081,133094,18832,15819,100.0,43.6,22.2,19.4,2.2,0.4,2.6,2.3,26.0,13.2,1.1,2.6,3.0,87.4,89.4,12.6,10.6,89,4,5,11,30,5,10,71,78,53.9,28.7,61.6,41.3,44.0,21.1,46.0,29.3,'($1000 X INDEX)',F90,VOLATILITY/VARIANCE INDEX,OTHER FINANCIAL INSTRUMENTS,FINANCIAL INSTRUMENTS,FutOnly,-172,-6853,-2216,3982,1172,41,200,2036,930,1006,841,-30,-396,1988,3517,-2160,-3689,9,18,14,4,27,
1101181170E1F,VIX FUTURES - CBOE FUTURES EXCHANGE,2011-01-18T00:00:00.000,2011 Report Week 03,VIX FUTURES,1170E1,E,CHI,117,VOLATILITY/VARIANCE INDEX,174006,69121,34356,39524,3208,1301,3983,6186,43865,23509,2225,5213,4308,152064,156059,21942,17947,100.0,39.7,19.7,22.7,1.8,0.7,2.3,3.6,25.2,13.5,1.3,3.0,2.5,87.4,89.7,12.6,10.3,103,6,5,17,34,6,10,80,88,54.8,28.0,61.7,44.5,40.5,18.2,42.3,26.5,'($1000 X INDEX)',F90,VOLATILITY/VARIANCE INDEX,OTHER FINANCIAL INSTRUMENTS,FINANCIAL INSTRUMENTS,FutOnly,25093,4127,1256,10660,-15,746,130,2813,5177,3817,580,1308,-129,21983,22965,3110,2128,7,17,14,4,33,6
1101251170E1F,VIX FUTURES - CBOE FUTURES EXCHANGE,2011-01-25T00:00:00.000,2011 Report Week 04,VIX FUTURES,1170E1,E,CHI,117,VOLATILITY/VARIANCE INDEX,151215,67771,43885,21013,3208,986,4386,4318,30968,28078,2357,5273,4774,135905,139363,15310,11852,100.0,44.8,29.0,13.9,2.1,0.7,2.9,2.9,20.5,18.6,1.6,3.5,3.2,89.9,92.2,10.1,7.8,102,5,5,18,29,5,12,80,86,54.3,29.7,63.6,46.1,43.4,25.1,46.3,34.7,'($1000 X INDEX)',F90,VOLATILITY/VARIANCE INDEX,OTHER FINANCIAL INSTRUMENTS,FINANCIAL INSTRUMENTS,FutOnly,-22791,-1350,9529,-18511,0,-315,403,-1868,-12897,4569,132,60,466,-16159,-16696,-6632,-6095,9,15,12,4,32,7
1102011170E1F,VIX FUTURES - CBOE FUTURES EXCHANGE,2011-02-01T00:00:00.000,2011 Report Week 05,VIX FUTURES,1170E1,E,CHI,117,VOLATILITY/VARIANCE INDEX,167409,67691,47114,24537,1888,1082,3945,6423,31093,35665,2178,4292,6071,148398,153799,19011,13610,100.0,40.4,28.1,14.7,1.1,0.6,2.4,3.8,18.6,21.3,1.3,2.6,3.6,88.6,91.9,11.4,8.1,103,4,4,20,27,6,13,80,89,49.5,28.4,59.5,42.4,38.3,24.4,41.0,31.9,'($1000 X INDEX)',F90,VOLATILITY/VARIANCE INDEX,OTHER FINANCIAL INSTRUMENTS,FINANCIAL INSTRUMENTS,FutOnly,16194,-80,3229,3524,-1320,96,-441,2105,125,7587,-179,-981,1297,12493,14436,3701,1758,10,16,13,4,33,7
1102081170E1F,VIX FUTURES - CBOE FUTURES EXCHANGE,2011-02-08T00:00:00.000,2011 Report Week 06,VIX FUTURES,1170E1,E,CHI,117,VOLATILITY/VARIANCE INDEX,179950,66769,48665,28823,5918,1963,3885,12293,35390,35306,1492,6839,7393,161879,168264,18071,11686,100.0,37.1,27.0,16.0,3.3,1.1,2.2,6.8,19.7,19.6,0.8,3.8,4.1,90.0,93.5,10.0,6.5,112,6,4,23,29,6,15,87,96,46.2,27.8,56.4,42.4,35.2,25.2,39.0,33.3,'($1000 X INDEX)',F90,VOLATILITY/VARIANCE INDEX,OTHER FINANCIAL INSTRUMENTS,FINANCIAL INSTRUMENTS,FutOnly,12541,-922,1551,4286,4030,881,-60,5870,4297,-359,-686,2547,1322,13481,14465,-940,-1924,12,17,12,7,35,7
1102151170E1F,VIX FUTURES - CBOE FUTURES EXCHANGE,2011-02-15T00:00:00.000,2011 Report Week 07,VIX FUTURES,1170E1,E,CHI,117,VOLATILITY/VARIANCE INDEX,178591,60903,45738,35750,6479,1862,3652,12263,33498,31424,2315,8342,6141,158927,166407,19664,12184,100.0,34.1,25.6,20.0,3.6,1.0,2.0,6.9,18.8,17.6,1.3,4.7,3.4,89.0,93.2,11.0,6.8,113,4,4,25,28,7,12,93,90,46.2,25.8,56.1,45.2,30.7,22.3,34.1,33.1,'($1000 X INDEX)',F90,VOLATILITY/VARIANCE INDEX,OTHER FINANCIAL INSTRUMENTS,FINANCIAL INSTRUMENTS,FutOnly,-1359,-5866,-2927,6927,561,-101,-233,-30,-1892,-3882,823,1503,-1252,-2952,-1857,1593,498,14,20,11,9,34,7
1102221170E1F,VIX FUTURES - CBOE FUTURES EXCHANGE,2011-02-22T00:00:00.000,2011 Report Week 08,VIX FUTURES,1170E1,E,CHI,117,VOLATILITY/VARIANCE INDEX,162568,58607,39038,36524,5358,2090,3425,6464,25984,22548,1296,9698,6205,140427,145512,22141,17056,100.0,36.1,24.0,22.5,3.3,1.3,2.1,4.0,16.0,13.9,0.8,6.0,3.8,86.4,89.5,13.6,10.5,101,5,5,16,28,4,11,81,81,49.7,27.8,59.5,45.7,32.5,21.8,35.5,30.9,'($1000 X INDEX)',F90,VOLATILITY/VARIANCE INDEX,OTHER FINANCIAL INSTRUMENTS,FINANCIAL INSTRUMENTS,FutOnly,-16023,-2296,-6700,774,-1121,228,-227,-5799,-7514,-8876,-1019,1356,64,-18500,-20895,2477,4872,14,18,9,8,27,5
1103011170E1F,VIX FUTURES - CBOE FUTURES EXCHANGE,2011-03-01T00:00:00.000,2011 Report Week 09,VIX FUTURES,1170E1,E,CHI,117,VOLATILITY/VARIANCE INDEX,160389,58727,43164,32777,5376,2358,4041,11264,26824,21172,867,8065,6628,140852,145029,19537,15360,100.0,36.6,26.9,20.4,3.4,1.5,2.5,7.0,16.7,13.2,0.5,5.0,4.1,87.8,90.4,12.2,9.6,100,4,6,17,25,5,14,78,83,49.7,30.0,59.1,46.8,35.3,24.3,38.9,36.1,'($1000 X INDEX)',F90,VOLATILITY/VARIANCE INDEX,OTHER FINANCIAL INSTRUMENTS,FINANCIAL INSTRUMENTS,FutOnly,-2179,120,4126,-3747,18,268,616,4800,840,-1376,-429,-1633,423,425,-483,-2604,-1696,12,18,9,9,23,6
1103081170E1F,VIX FUTURES - CBOE FUTURES EXCHANGE,2011-03-08T00:00:00.000,2011 Report Week 10,VIX FUTURES,1170E1,E,CHI,117,VOLATILITY/VARIANCE INDEX,181031,70989,55680,37899,5724,2358,3190,11715,29380,22426,880,6134,7832,160655,164899,20376,16132,100.0,39.2,30.8,20.9,3.2,1.3,1.8,6.5,16.2,12.4,0.5,3.4,4.3,88.7,91.1,11.3,8.9,98,4,6,17,25,6,14,78,84,52.4,35.8,61.4,50.7,38.0,28.2,41.9,37.5,'($1000 X INDEX)',F90,VOLATILITY/VARIANCE INDEX,OTHER FINANCIAL INSTRUMENTS,FINANCIAL INSTRUMENTS,FutOnly,20642,12262,12516,5122,348,0,-851,451,2556,1254,13,-1931,1204,19803,19870,839,772,11,18,10,8,26,5
1103151170E1F,VIX FUTURES - CBOE FUTURES EXCHANGE,2011-03-15T00:00:00.000,2011 Report Week 11,VIX FUTURES,1170E1,E,CHI,117,VOLATILITY/VARIANCE INDEX,194201,69537,55479,47243,6299,4834,3128,10450,28475,25077,1541,2825,8945,172220,176006,21981,18195,100.0,35.8,28.6,24.3,3.2,2.5,1.6,5.4,14.7,12.9,0.8,1.5,4.6,88.7,90.6,11.3,9.4,106,6,6,18,27,7,16,86,90,51.6,36.8,60.8,50.4,33.1,26.0,36.7,32.6,'($1000 X INDEX)',F90,VOLATILITY/VARIANCE INDEX,OTHER FINANCIAL INSTRUMENTS,FINANCIAL INSTRUMENTS,FutOnly,13170,-1452,-201,9344,575,2476,-62,-1265,-905,2651,661,-3309,1113,11565,11107,1605,2063,11,18,10,9,30,5
1103221170E1F,VIX FUTURES - CBOE FUTURES EXCHANGE,2011-03-22T00:00:00.000,2011 Report Week 12,VIX FUTURES,1170E1,E,CHI,117,VOLATILITY/VARIANCE INDEX,170219,56756,57127,43611,8087,602,2423,7704,15449,24423,1304,1932,8445,152753,154012,17466,16207,100.0,33.3,33.6,25.6,4.8,0.4,1.4,4.5,9.1,14.3,0.8,1.1,5.0,89.7,90.5,10.3,9.5,93,,4,17,19,7,16,80,75,50.4,44.9,60.3,59.9,30.9,31.2,34.9,37.3,'($1000 X INDEX)',F90,VOLATILITY/VARIANCE INDEX,OTHER FINANCIAL INSTRUMENTS,FINANCIAL INSTRUMENTS,FutOnly,-23982,-12781,1648,-3632,1788,-4232,-705,-2746,-13026,-654,-237,-893,-500,-19467,-21994,-4515,-1988,11,15,8,9,27,7
1103291170E1F,VIX FUTURES - CBOE FUTURES EXCHANGE,2011-03-29T00:00:00.000,2011 Report Week 13,VIX FUTURES,1170E1,E,CHI,117,VOLATILITY/VARIANCE INDEX,184059,64812,66923,38403,8398,1546,2400,13797,23808,25421,1876,2016,8151,163258,168668,20801,15391,100.0,35.2,36.4,20.9,4.6,0.8,1.3,7.5,12.9,13.8,1.0,1.1,4.4,88.7,91.6,11.3,8.4,105,4,4,23,21,5,14,88,80,45.7,42.4,55.5,57.9,31.0,36.3,35.2,43.1,'($1000 X INDEX)',F90,VOLATILITY/VARIANCE INDEX,OTHER FINANCIAL INSTRUMENTS,FINANCIAL INSTRUMENTS,FutOnly,13840,8056,9796,-5208,311,944,-23,6093,8359,998,572,84,-294,10505,14656,3335,-816,16,19,7,10,26,8
1104051170E1F,VIX FUTURES - CBOE FUTURES EXCHANGE,2011-04-05T00:00:00.000,2011 Report Week 14,VIX FUTURES,1170E1,E,CHI,117,VOLATILITY/VARIANCE INDEX,181288,58234,59259,39009,9692,1947,2284,16356,30657,24599,2400,1247,8281,160855,167283,20433,14005,100.0,32.1,32.7,21.5,5.3,1.1,1.3,9.0,16.9,13.6,1.3,0.7,4.6,88.7,92.3,11.3,7.7,109,4,4,21,24,9,16,90,82,41.5,39.1,51.6,56.2,26.8,33.7,31.8,41.6,'($1000 X INDEX)',F90,VOLATILITY/VARIANCE INDEX,OTHER FINANCIAL INSTRUMENTS,FINANCIAL INSTRUMENTS,FutOnly,-2771,-6578,-7664,606,1294,401,-116,2559,6849,-822,524,-769,130,-2403,-1385,-368,-1386,18,19,6,11,24,6
1104121170E1F,VIX FUTURES - CBOE FUTURES EXCHANGE,2011-04-12T00:00:00.000,2011 Report Week 15,VIX FUTURES,1170E1,E,CHI,117,VOLATILITY/VARIANCE INDEX,188985,57685,55408,41189,10811,2368,2737,16777,33443,24472,1692,1796,10209,165572,171622,23413,17363,100.0,30.5,29.3,21.8,5.7,1.3,1.4,8.9,17.7,12.9,0.9,1.0,5.4,87.6,90.8,12.4,9.2,113,4,4,23,25,6,15,94,89,40.8,35.6,50.2,51.7,25.6,29.5,30.3,37.3,'($1000 X INDEX)',F90,VOLATILITY/VARIANCE INDEX,OTHER FINANCIAL INSTRUMENTS,FINANCIAL INSTRUMENTS,FutOnly,7697,-549,-3851,2180,1119,421,453,421,2786,-127,-708,549,1928,4717,4339,2980,3358,19,22,7,11,29,7
1104191170E1F,VIX FUTURES - CBOE FUTURES EXCHANGE,2011-04-19T00:00:00.000,2011 Report Week 16,VIX FUTURES,1170E1,E,CHI,117,VOLATILITY/VARIANCE INDEX,214920,73097,69334,46296,11300,2305,3079,19200,37889,26084,2299,2942,11087,192442,199016,22478,15904,100.0,34.0,32.3,21.5,5.3,1.1,1.4,8.9,17.6,12.1,1.1,1.4,5.2,89.5,92.6,10.5,7.4,121,4,5,27,24,8,17,100,93,43.9,37.6,52.8,54.1,29.8,32.6,34.7,39.6,'($1000 X INDEX)',F90,VOLATILITY/VARIANCE INDEX,OTHER FINANCIAL INSTRUMENTS,FINANCIAL INSTRUMENTS,FutOnly,25935,15412,13926,5107,489,-63,342,2423,4446,1612,607,1146,878,26870,27394,-935,-1459,18,21,8,12,29,7
1104261170E1F,VIX FUTURES - CBOE FUTURES EXCHANGE,2011-04-26T00:00:00.000,2011 Report Week 17,VIX FUTURES,1170E1,E,CHI,117,VOLATILITY/VARIANCE INDEX,193067,69819,62874,38093,11044,2609,2771,14836,39927,19626,2310,2460,12372,170871,180732,22196,12335,100.0,36.2,32.6,19.7,5.7,1.4,1.4,7.7,20.7,10.2,1.2,1.3,6.4,88.5,93.6,11.5,6.4,114,5,,21,24,8,19,94,83,43.7,37.1,51.3,51.6,32.9,32.3,38.1,41.8,'($1000 X INDEX)',F90,VOLATILITY/VARIANCE INDEX,OTHER FINANCIAL INSTRUMENTS,FINANCIAL INSTRUMENTS,FutOnly,-21853,-3278,-6460,-8203,-256,304,-308,-4364,2038,-6458,11,-482,1285,-21571,-18284,-282,-3569,12,17,10,11,24,7
1105031170E1F,VIX FUTURES - CBOE FUTURES EXCHANGE,2011-05-03T00:00:00.000,2011 Report Week 18,VIX FUTURES,1170E1,E,CHI,117,VOLATILITY/VARIANCE INDEX,215008,69064,64343,38152,11697,2813,5222,12702,41647,22645,7659,1996,21844,188985,198662,26023,16346,100.0,32.1,29.9,17.7,5.4,1.3,2.4,5.9,19.4,10.5,3.6,0.9,10.2,87.9,92.4,12.1,7.6,122,5,4,21,23,10,22,105,92,39.3,32.6,47.3,46.3,31.2,28.4,35.6,37.4,'($1000 X INDEX)',F90,VOLATILITY/VARIANCE INDEX,OTHER FINANCIAL INSTRUMENTS,FINANCIAL INSTRUMENTS,FutOnly,21941,-755,1469,59,653,204,2451,-2134,1720,3019,5349,-464,9472,18114,17930,3827,4011,16,22,10,11,27,9
1105101170E1F,VIX FUTURES - CBOE FUTURES EXCHANGE,2011-05-10T00:00:00.000,2011 Report Week 19,VIX FUTURES,1170E1,E,CHI,117,VOLATILITY/VARIANCE INDEX,228037,71656,71235,42247,14048,2809,4889,11819,38629,22603,7044,2914,23100,197406,208426,30631,19611,100.0,31.4,31.2,18.5,6.2,1.2,2.1,5.2,16.9,9.9,3.1,1.3,10.1,86.6,91.4,13.4,8.6,122,5,4,21,23,9,22,102,93,40.9,33.7,48.4,47.8,31.0,29.1,35.2,37.1,'($1000 X INDEX)',F90,VOLATILITY/VARIANCE INDEX,OTHER FINANCIAL INSTRUMENTS,FINANCIAL INSTRUMENTS,FutOnly,13029,2592,6892,4095,2351,-4,-333,-883,-3018,-42,-615,918,1256,8421,9764,4608,3265,13,21,12,13,26,7
1105171170E1F,VIX FUTURES - CBOE FUTURES EXCHANGE,2011-05-17T00:00:00.000,2011 Report Week 20,VIX FUTURES,1170E1,E,CHI,117,VOLATILITY/VARIANCE INDEX,244146,69307,69389,51363,14688,2600,5190,13344,38557,26332,6995,2367,28486,215705,224284,28441,19862,100.0,28.4,28.4,21.0,6.0,1.1,2.1,5.5,15.8,10.8,2.9,1.0,11.7,88.4,91.9,11.6,8.1,127,4,6,24,23,8,24,111,98,41.6,36.4,48.2,48.7,28.4,27.2,32.3,34.4,'($1000 X INDEX)',F90,VOLATILITY/VARIANCE INDEX,OTHER FINANCIAL INSTRUMENTS,FINANCIAL INSTRUMENTS,FutOnly,16109,-2349,-1846,9116,640,-209,301,1525,-72,3729,-49,-547,5386,18299,15858,-2190,251,13,22,11,14,30,8
1105241170E1F,VIX FUTURES - CBOE FUTURES EXCHANGE,2011-05-24T00:00:00.000,2011 Report Week 21,VIX FUTURES,1170E1,E,CHI,117,VOLATILITY/VARIANCE INDEX,235635,80002,72963,40578,13528,2748,5378,12081,36679,25010,7076,4024,29719,213372,217099,22263,18536,100.0,34.0,31.0,17.2,5.7,1.2,2.3,5.1,15.6,10.6,3.0,1.7,12.6,90.6,92.1,9.4,7.9,124,4,5,22,22,8,26,108,96,45.7,33.8,52.6,47.3,34.5,27.6,38.8,36.0,'($1000 X INDEX)',F90,VOLATILITY/VARIANCE INDEX,OTHER FINANCIAL INSTRUMENTS,FINANCIAL INSTRUMENTS,FutOnly,-8511,10695,3574,-10785,-1160,148,188,-1263,-1878,-1322,81,1657,1233,-2333,-7185,-6178,-1326,11,20,13,13,29,10
1105311170E1F,VIX FUTURES - CBOE FUTURES EXCHANGE,2011-05-31T00:00:00.000,2011 Report Week 22,VIX FUTURES,1170E1,E,CHI,117,VOLATILITY/VARIANCE INDEX,242356,79194,71096,41941,17430,3014,5369,10695,39818,27440,6592,5517,29961,218622,224156,23734,18200,100.0,32.7,29.3,17.3,7.2,1.2,2.2,4.4,16.4,11.3,2.7,2.3,12.4,90.2,92.5,9.8,7.5,130,4,6,23,23,8,30,115,105,41.2,31.3,48.2,44.8,32.1,26.9,37.2,34.8,'($1000 X INDEX)',F90,VOLATILITY/VARIANCE INDEX,OTHER FINANCIAL INSTRUMENTS,FINANCIAL INSTRUMENTS,FutOnly,6721,-808,-1867,1363,3902,266,-9,-1386,3139,2430,-484,1493,242,5250,7057,1471,-336,14,21,13,14,33,11
1106071170E1F,VIX FUTURES - CBOE FUTURES EXCHANGE,2011-06-07T00:00:00.000,2011 Report Week 23,VIX FUTURES,1170E1,E,CHI,117,VOLATILITY/VARIANCE INDEX,244662,81680,77914,38880,16417,3160,5617,12025,34627,31104,6828,3687,29486,222037,224475,22625,20187,100.0,33.4,31.8,15.9,6.7,1.3,2.3,4.9,14.2,12.7,2.8,1.5,12.1,90.8,91.7,9.2,8.3,134,4,7,25,24,8,30,118,108,41.6,31.4,49.1,43.7,34.2,26.8,38.4,34.6,'($1000 X INDEX)',F90,VOLATILITY/VARIANCE INDEX,OTHER FINANCIAL INSTRUMENTS,FINANCIAL INSTRUMENTS,FutOnly,2306,2486,6818,-3061,-1013,146,248,1330,-5191,3664,236,-1830,-475,3415,319,-1109,1987,14,21,12,14,34,9
1106141170E1F,VIX FUTURES - CBOE FUTURES EXCHANGE,2011-06-14T00:00:00.000,2011 Report Week 24,VIX FUTURES,1170E1,E,CHI,117,VOLATILITY/VARIANCE INDEX,248976,89220,80236,35542,10469,2609,6032,13494,36728,28692,7954,4049,31502,222905,225390,26071,23586,100.0,35.8,32.2,14.3,4.2,1.0,2.4,5.4,14.8,11.5,3.2,1.6,12.7,89.5,90.5,10.5,9.5,137,4,7,28,25,12,30,120,110,43.0,33.0,50.8,45.3,36.2,27.9,40.1,35.6,'($1000 X INDEX)',F90,VOLATILITY/VARIANCE INDEX,OTHER FINANCIAL INSTRUMENTS,FINANCIAL INSTRUMENTS,FutOnly,4314,7540,2322,-3338,-5948,-551,415,1469,2101,-2412,1126,362,2016,868,915,3446,3399,14,20,12,12,36,9
1106211170E1F,VIX FUTURES - CBOE FUTURES EXCHANGE,2011-06-21T00:00:00.000,2011 Report Week 25,VIX FUTURES,1170E1,E,CHI,117,VOLATILITY/VARIANCE INDEX,215571,74536,74084,31439,9151,2056,6155,8022,25617,25877,12107,4427,23056,190343,192711,25228,22860,100.0,34.6,34.4,14.6,4.2,1.0,2.9,3.7,11.9,12.0,5.6,2.1,10.7,88.3,89.4,11.7,10.6,125,4,7,19,28,11,24,105,101,42.3,33.0,52.1,44.6,36.3,26.1,40.1,33.2,'($1000 X INDEX)',F90,VOLATILITY/VARIANCE INDEX,OTHER FINANCIAL INSTRUMENTS,FINANCIAL INSTRUMENTS,FutOnly,-33405,-14684,-6152,-4103,-1318,-553,123,-5472,-11111,-2815,4153,378,-8446,-32562,-32679,-843,-726,11,20,12,12,30,8
1106281170E1F,VIX FUTURES - CBOE FUTURES EXCHANGE,2011-06-28T00:00:00.000,2011 Report Week 26,VIX FUTURES,1170E1,E,CHI,117,VOLATILITY/VARIANCE INDEX,212119,78176,74548,28494,10111,2042,6245,8136,27534,25798,8814,4176,23282,189056,192119,23063,20000,100.0,36.9,35.1,13.4,4.8,1.0,2.9,3.8,13.0,12.2,4.2,2.0,11.0,89.1,90.6,10.9,9.4,124,4,6,18,27,9,27,106,103,42.0,32.6,50.9,44.0,36.5,26.6,40.8,34.5,'($1000 X INDEX)',F90,VOLATILITY/VARIANCE INDEX,OTHER FINANCIAL INSTRUMENTS,FINANCIAL INSTRUMENTS,FutOnly,-3452,3640,464,-2945,960,-14,90,114,1917,-79,-3293,-251,226,-1287,-592,-2165,-2860,11,21,13,10,31,9
1107051170E1F,VIX FUTURES - CBOE FUTURES EXCHANGE,2011-07-05T00:00:00.000,2011 Report Week 27,VIX FUTURES,1170E1,E,CHI,117,VOLATILITY/VARIANCE INDEX,212295,71265,56208,31074,13231,3029,6406,14648,48203,23365,8068,3791,19755,187812,191831,24483,20464,100.0,33.6,26.5,14.6,6.2,1.4,3.0,6.9,22.7,11.0,3.8,1.8,9.3,88.5,90.4,11.5,9.6,126,4,7,24,25,12,23,109,99,38.2,26.9,47.1,40.6,33.0,21.7,37.5,31.2,'($1000 X INDEX)',F90,VOLATILITY/VARIANCE INDEX,OTHER FINANCIAL INSTRUMENTS,FINANCIAL INSTRUMENTS,FutOnly,176,-6911,-18340,2580,3120,987,161,6512,20669,-2433,-746,-385,-3527,-1244,-288,1420,464,12,18,11,13,34,7
1107121170E1F,VIX FUTURES - CBOE FUTURES EXCHANGE,2011-07-12T00:00:00.000,2011 Report Week 28,VIX FUTURES,1170E1,E,CHI,117,VOLATILITY/VARIANCE INDEX,230043,81409,56919,37301,8579,3007,5344,10167,49003,27896,9245,2968,20302,200243,202740,29800,27303,100.0,35.4,24.7,16.2,3.7,1.3,2.3,4.4,21.3,12.1,4.0,1.3,8.8,87.0,88.1,13.0,11.9,125,,6,22,26,15,23,107,99,39.6,27.6,48.5,40.2,32.9,22.6,38.1,30.4,'($1000 X INDEX)',F90,VOLATILITY/VARIANCE INDEX,OTHER FINANCIAL INSTRUMENTS,FINANCIAL INSTRUMENTS,FutOnly,17748,10144,711,6227,-4652,-22,-1062,-4481,800,4531,1177,-823,547,12431,10909,5317,6839,10,20,12,12,32,4
1107191170E1F,VIX FUTURES - CBOE FUTURES EXCHANGE,2011-07-19T00:00:00.000,2011 Report Week 29,VIX FUTURES,1170E1,E,CHI,117,VOLATILITY/VARIANCE INDEX,227512,63342,60990,39524,7260,1622,5176,10635,28737,34083,10159,4306,24707,194886,199145,32626,28367,100.0,27.8,26.8,17.4,3.2,0.7,2.3,4.7,12.6,15.0,4.5,1.9,10.9,85.7,87.5,14.3,12.5,125,,6,22,25,15,26,107,103,37.7,27.1,45.6,38.6,27.4,20.0,31.6,27.9,'($1000 X INDEX)',F90,VOLATILITY/VARIANCE INDEX,OTHER FINANCIAL INSTRUMENTS,FINANCIAL INSTRUMENTS,FutOnly,-2531,-18067,4071,2223,-1319,-1385,-168,468,-20266,6187,914,1338,4405,-5357,-3595,2826,1064,11,20,13,9,33,6
1107261170E1F,VIX FUTURES - CBOE FUTURES EXCHANGE,2011-07-26T00:00:00.000,2011 Report Week 30,VIX FUTURES,1170E1,E,CHI,117,VOLATILITY/VARIANCE INDEX,220533,57021,53996,42990,6621,1360,6365,8029,24151,32756,9486,2687,25030,188298,189335,32235,31198,100.0,25.9,24.5,19.5,3.0,0.6,2.9,3.6,11.0,14.9,4.3,1.2,11.3,85.4,85.9,14.6,14.1,122,,6,21,26,14,27,105,98,36.1,28.1,44.1,39.7,25.2,20.3,28.4,26.1,'($1000 X INDEX)',F90,VOLATILITY/VARIANCE INDEX,OTHER FINANCIAL INSTRUMENTS,FINANCIAL INSTRUMENTS,FutOnly,-6979,-6321,-6994,3466,-639,-262,1189,-2606,-4586,-1327,-673,-1619,323,-6588,-9810,-391,2831,11,17,12,7,31,4
1108021170E1F,VIX FUTURES - CBOE FUTURES EXCHANGE,2011-08-02T00:00:00.000,2011 Report Week 31,VIX FUTURES,1170E1,E,CHI,117,VOLATILITY/VARIANCE INDEX,213494,39293,51890,50452,7146,1414,8208,12756,24518,31483,19058,684,16634,185030,185283,28464,28211,100.0,18.4,24.3,23.6,3.3,0.7,3.8,6.0,11.5,14.7,8.9,0.3,7.8,86.7,86.8,13.3,13.2,124,4,9,22,21,14,26,110,100,31.9,28.3,40.4,39.2,21.8,19.0,25.5,25.3,'($1000 X INDEX)',F90,VOLATILITY/VARIANCE INDEX,OTHER FINANCIAL INSTRUMENTS,FINANCIAL INSTRUMENTS,FutOnly,-7039,-17728,-2106,7462,525,54,1843,4727,367,-1273,9572,-2003,-8396,-3268,-4052,-3771,-2987,11,21,14,7,30,
1108091170E1F,VIX FUTURES - CBOE FUTURES EXCHANGE,2011-08-09T00:00:00.000,2011 Report Week 32,VIX FUTURES,1170E1,E,CHI,117,VOLATILITY/VARIANCE INDEX,199055,26415,45601,55588,4636,2638,7357,22487,24068,28479,20547,194,12412,177921,176337,21134,22718,100.0,13.3,22.9,27.9,2.3,1.3,3.7,11.3,12.1,14.3,10.3,0.1,6.2,89.4,88.6,10.6,11.4,108,,9,25,21,8,17,97,91,28.3,31.5,38.8,41.7,17.2,19.0,22.2,25.1,'($1000 X INDEX)',F90,VOLATILITY/VARIANCE INDEX,OTHER FINANCIAL INSTRUMENTS,FINANCIAL INSTRUMENTS,FutOnly,-14439,-12878,-6289,5136,-2510,1224,-851,9731,-450,-3004,1489,-490,-4222,-7109,-8946,-7330,-5493,10,22,14,7,32,
1108161170E1F,VIX FUTURES - CBOE FUTURES EXCHANGE,2011-08-16T00:00:00.000,2011 Report Week 33,VIX FUTURES,1170E1,E,CHI,117,VOLATILITY/VARIANCE INDEX,199173,24068,52802,55610,5003,4177,7126,17625,11514,31529,21330,508,13565,175856,176831,23317,22342,100.0,12.1,26.5,27.9,2.5,2.1,3.6,8.8,5.8,15.8,10.7,0.3,6.8,88.3,88.8,11.7,11.2,111,,9,26,16,12,19,103,96,25.1,36.7,37.3,45.7,16.0,22.1,21.5,27.5,'($1000 X INDEX)',F90,VOLATILITY/VARIANCE INDEX,OTHER FINANCIAL INSTRUMENTS,FINANCIAL INSTRUMENTS,FutOnly,118,-2347,7201,22,367,1539,-231,-4862,-12554,3050,783,314,1153,-2065,494,2183,-376,8,23,15,8,37,
1108231170E1F,VIX FUTURES - CBOE FUTURES EXCHANGE,2011-08-23T00:00:00.000,2011 Report Week 34,VIX FUTURES,1170E1,E,CHI,117,VOLATILITY/VARIANCE INDEX,166998,35072,58270,30025,4707,1586,6863,23681,17845,18447,17011,1754,10971,146777,145761,20221,21237,100.0,21.0,34.9,18.0,2.8,0.9,4.1,14.2,10.7,11.0,10.2,1.1,6.6,87.9,87.3,12.1,12.7,104,4,9,23,15,5,17,91,86,33.2,33.6,42.7,45.0,27.9,28.4,35.6,35.4,'($1000 X INDEX)',F90,VOLATILITY/VARIANCE INDEX,OTHER FINANCIAL INSTRUMENTS,FINANCIAL INSTRUMENTS,FutOnly,-32175,11004,5468,-25585,-296,-2591,-263,6056,6331,-13082,-4319,1246,-2594,-29079,-31070,-3096,-1105,9,19,12,7,28,5
1108301170E1F,VIX FUTURES - CBOE FUTURES EXCHANGE,2011-08-30T00:00:00.000,2011 Report Week 35,VIX FUTURES,1170E1,E,CHI,117,VOLATILITY/VARIANCE INDEX,162292,38633,57251,32717,4932,1086,7069,22888,17783,19533,11377,1457,11072,148221,147968,14071,14324,100.0,23.8,35.3,20.2,3.0,0.7,4.4,14.1,11.0,12.0,7.0,0.9,6.8,91.3,91.2,8.7,8.8,103,,9,21,18,10,15,93,80,31.5,36.1,42.4,48.4,25.7,29.6,32.9,37.0,'($1000 X INDEX)',F90,VOLATILITY/VARIANCE INDEX,OTHER FINANCIAL INSTRUMENTS,FINANCIAL INSTRUMENTS,FutOnly,-4706,3561,-1019,2692,225,-500,206,-793,-62,1086,-5634,-297,101,1444,2207,-6150,-6913,12,18,9,7,28,5
1109061170E1F,VIX FUTURES - CBOE FUTURES EXCHANGE,2011-09-06T00:00:00.000,2011 Report Week 36,VIX FUTURES,1170E1,E,CHI,117,VOLATILITY/VARIANCE INDEX,166198,39730,53363,35067,4741,766,6750,22043,20441,17778,9894,2249,12024,148027,148438,18171,17760,100.0,23.9,32.1,21.1,2.9,0.5,4.1,13.3,12.3,10.7,6.0,1.4,7.2,89.1,89.3,10.9,10.7,105,,9,16,21,9,19,92,88,32.2,34.1,44.1,45.9,25.8,27.5,33.0,34.4,'($1000 X INDEX)',F90,VOLATILITY/VARIANCE INDEX,OTHER FINANCIAL INSTRUMENTS,FINANCIAL INSTRUMENTS,FutOnly,3906,1097,-3888,2350,-191,-320,-319,-845,2658,-1755,-1483,792,952,-194,470,4100,3436,11,21,11,6,26,7
1109131170E1F,VIX FUTURES - CBOE FUTURES EXCHANGE,2011-09-13T00:00:00.000,2011 Report Week 37,VIX FUTURES,1170E1,E,CHI,117,VOLATILITY/VARIANCE INDEX,165892,44469,43491,38527,4367,743,6854,17531,23062,21023,4652,2654,12997,150420,149351,15472,16541,100.0,26.8,26.2,23.2,2.6,0.4,4.1,10.6,13.9,12.7,2.8,1.6,7.8,90.7,90.0,9.3,10.0,107,,10,16,25,5,18,94,91,33.6,31.8,46.3,44.7,23.7,23.9,30.6,30.5,'($1000 X INDEX)',F90,VOLATILITY/VARIANCE INDEX,OTHER FINANCIAL INSTRUMENTS,FINANCIAL INSTRUMENTS,FutOnly,-306,4739,-9872,3460,-374,-23,104,-4512,2621,3245,-5242,405,973,2393,913,-2699,-1219,14,20,9,6,30,10
1109201170E1F,VIX FUTURES - CBOE FUTURES EXCHANGE,2011-09-20T00:00:00.000,2011 Report Week 38,VIX FUTURES,1170E1,E,CHI,117,VOLATILITY/VARIANCE INDEX,178964,40525,49312,46851,4399,638,6811,20734,17136,24662,4688,2645,13992,162662,162047,16302,16917,100.0,22.6,27.6,26.2,2.5,0.4,3.8,11.6,9.6,13.8,2.6,1.5,7.8,90.9,90.5,9.1,9.5,104,,10,19,18,6,17,92,91,33.9,32.4,45.7,46.7,22.8,23.1,27.6,29.4,'($1000 X INDEX)',F90,VOLATILITY/VARIANCE INDEX,OTHER FINANCIAL INSTRUMENTS,FINANCIAL INSTRUMENTS,FutOnly,13072,-3944,5821,8324,32,-105,-43,3203,-5926,3639,36,-9,995,12242,12696,830,376,12,20,12,6,32,8
1109271170E1F,VIX FUTURES - CBOE FUTURES EXCHANGE,2011-09-27T00:00:00.000,2011 Report Week 39,VIX FUTURES,1170E1,E,CHI,117,VOLATILITY/VARIANCE INDEX,149240,30543,40091,39750,4115,652,6338,15100,12859,21415,2343,1112,13779,133383,135996,15857,13244,100.0,20.5,26.9,26.6,2.8,0.4,4.2,10.1,8.6,14.3,1.6,0.7,9.2,89.4,91.1,10.6,8.9,98,,10,20,16,6,15,86,82,35.2,32.8,45.4,47.1,18.4,23.2,23.6,29.3,'($1000 X INDEX)',F90,VOLATILITY/VARIANCE INDEX,OTHER FINANCIAL INSTRUMENTS,FINANCIAL INSTRUMENTS,FutOnly,-29724,-9982,-9221,-7101,-284,14,-473,-5634,-4277,-3247,-2345,-1533,-213,-29279,-26051,-445,-3673,12,16,9,8,29,7
1110041170E1F,VIX FUTURES - CBOE FUTURES EXCHANGE,2011-10-04T00:00:00.000,2011 Report Week 40,VIX FUTURES,1170E1,E,CHI,117,VOLATILITY/VARIANCE INDEX,146895,27505,34589,41039,4507,1806,5534,17948,12286,20627,2609,1526,12376,132145,129783,14750,17112,100.0,18.7,23.5,27.9,3.1,1.2,3.8,12.2,8.4,14.0,1.8,1.0,8.4,90.0,88.4,10.0,11.6,101,4,10,25,12,6,16,85,85,35.7,30.4,45.9,45.1,18.8,20.4,23.6,26.7,'($1000 X INDEX)',F90,VOLATILITY/VARIANCE INDEX,OTHER FINANCIAL INSTRUMENTS,FINANCIAL INSTRUMENTS,FutOnly,-2345,-3038,-5502,1289,392,1154,-804,2848,-573,-788,266,414,-1403,-1238,-6213,-1107,3868,11,16,10,9,27,9
1110111170E1F,VIX FUTURES - CBOE FUTURES EXCHANGE,2011-10-11T00:00:00.000,2011 Report Week 41,VIX FUTURES,1170E1,E,CHI,117,VOLATILITY/VARIANCE INDEX,154210,37641,40923,39593,4140,1084,5298,18879,18722,21224,1102,2366,11405,139282,140615,14928,13595,100.0,24.4,26.5,25.7,2.7,0.7,3.4,12.2,12.1,13.8,0.7,1.5,7.4,90.3,91.2,9.7,8.8,96,4,9,18,20,6,12,78,82,39.0,33.0,49.4,46.4,25.0,22.9,29.9,29.2,'($1000 X INDEX)',F90,VOLATILITY/VARIANCE INDEX,OTHER FINANCIAL INSTRUMENTS,FINANCIAL INSTRUMENTS,FutOnly,7315,10136,6334,-1446,-367,-722,-236,931,6436,597,-1507,840,-971,7137,10832,178,-3517,10,16,11,8,27,6
1110181170E1F,VIX FUTURES - CBOE FUTURES EXCHANGE,2011-10-18T00:00:00.000,2011 Report Week 42,VIX FUTURES,1170E1,E,CHI,117,VOLATILITY/VARIANCE INDEX,148583,35976,36634,34204,4016,834,3701,18870,20555,20845,1218,1089,11778,130608,129640,17975,18943,100.0,24.2,24.7,23.0,2.7,0.6,2.5,12.7,13.8,14.0,0.8,0.7,7.9,87.9,87.3,12.1,12.7,91,,8,17,20,4,12,76,76,33.7,29.9,46.6,42.3,21.5,20.6,27.9,28.0,'($1000 X INDEX)',F90,VOLATILITY/VARIANCE INDEX,OTHER FINANCIAL INSTRUMENTS,FINANCIAL INSTRUMENTS,FutOnly,-5627,-1665,-4289,-5389,-124,-250,-1597,-9,1833,-379,116,-1277,373,-8674,-10975,3047,5348,11,15,9,7,26,7
1110251170E1F,VIX FUTURES - CBOE FUTURES EXCHANGE,2011-10-25T00:00:00.000,2011 Report Week 43,VIX FUTURES,1170E1,E,CHI,117,VOLATILITY/VARIANCE INDEX,133700,35286,41366,30323,4446,834,2832,11704,11198,19633,3327,1695,10247,117798,118128,15902,15572,100.0,26.4,30.9,22.7,3.3,0.6,2.1,8.8,8.4,14.7,2.5,1.3,7.7,88.1,88.4,11.9,11.6,83,,6,17,17,5,11,68,68,39.3,38.4,50.1,50.7,22.9,26.2,28.8,31.9,'($1000 X INDEX)',F90,VOLATILITY/VARIANCE INDEX,OTHER FINANCIAL INSTRUMENTS,FINANCIAL INSTRUMENTS,FutOnly,-14883,-690,4732,-3881,430,0,-869,-7166,-9357,-1212,2109,606,-1531,-12810,-11512,-2073,-3371,10,13,8,7,23,5
1111011170E1F,VIX FUTURES - CBOE FUTURES EXCHANGE,2011-11-01T00:00:00.000,2011 Report Week 44,VIX FUTURES,1170E1,E,CHI,117,VOLATILITY/VARIANCE INDEX,146654,37187,40388,31374,5856,905,2940,11060,14204,17558,1894,1979,12080,119949,121428,26705,25226,100.0,25.4,27.5,21.4,4.0,0.6,2.0,7.5,9.7,12.0,1.3,1.3,8.2,81.8,82.8,18.2,17.2,88,,7,17,18,6,10,72,68,36.4,35.7,46.8,46.0,22.3,22.6,27.0,28.1,'($1000 X INDEX)',F90,VOLATILITY/VARIANCE INDEX,OTHER FINANCIAL INSTRUMENTS,FINANCIAL INSTRUMENTS,FutOnly,12954,1901,-978,1051,1410,71,108,-644,3006,-2075,-1433,284,1833,2151,3300,10803,9654,11,14,9,9,21,7
1111081170E1F,VIX FUTURES - CBOE FUTURES EXCHANGE,2011-11-08T00:00:00.000,2011 Report Week 45,VIX FUTURES,1170E1,E,CHI,117,VOLATILITY/VARIANCE INDEX,138086,42406,50647,27907,8294,520,3092,10161,10772,17437,3028,3421,10467,122792,124263,15294,13823,100.0,30.7,36.7,20.2,6.0,0.4,2.2,7.4,7.8,12.6,2.2,2.5,7.6,88.9,90.0,11.1,10.0,86,,8,16,17,7,10,74,67,38.3,38.6,49.2,51.8,28.0,30.8,33.7,36.5,'($1000 X INDEX)',F90,VOLATILITY/VARIANCE INDEX,OTHER FINANCIAL INSTRUMENTS,FINANCIAL INSTRUMENTS,FutOnly,-8568,5219,10259,-3467,2438,-385,152,-899,-3432,-121,1134,1442,-1613,2843,2835,-11411,-11403,10,14,9,11,23,5
1111151170E1F,VIX FUTURES - CBOE FUTURES EXCHANGE,2011-11-15T00:00:00.000,2011 Report Week 46,VIX FUTURES,1170E1,E,CHI,117,VOLATILITY/VARIANCE INDEX,147703,38622,45317,38154,9001,515,2332,10576,14161,18807,2425,2258,11315,131232,132859,16471,14844,100.0,26.1,30.7,25.8,6.1,0.3,1.6,7.2,9.6,12.7,1.6,1.5,7.7,88.8,90.0,11.2,10.0,86,,6,19,18,5,7,74,66,39.4,41.7,50.6,53.4,24.3,25.7,29.1,30.8,'($1000 X INDEX)',F90,VOLATILITY/VARIANCE INDEX,OTHER FINANCIAL INSTRUMENTS,FINANCIAL INSTRUMENTS,FutOnly,9617,-3784,-5330,10247,707,-5,-760,415,3389,1370,-603,-1163,848,8440,8596,1177,1021,10,17,10,12,24,5
1111221170E1F,VIX FUTURES - CBOE FUTURES EXCHANGE,2011-11-22T00:00:00.000,2011 Report Week 47,VIX FUTURES,1170E1,E,CHI,117,VOLATILITY/VARIANCE INDEX,133931,37738,49856,27104,8611,500,2219,13363,11745,17032,2310,2651,9337,117714,120444,16217,13487,100.0,28.2,37.2,20.2,6.4,0.4,1.7,10.0,8.8,12.7,1.7,2.0,7.0,87.9,89.9,12.1,10.1,81,,6,17,18,,7,67,63,38.1,46.5,49.5,59.0,25.1,32.8,31.6,38.4,'($1000 X INDEX)',F90,VOLATILITY/VARIANCE INDEX,OTHER FINANCIAL INSTRUMENTS,FINANCIAL INSTRUMENTS,FutOnly,-13772,-884,4539,-11050,-390,-15,-113,2787,-2416,-1775,-115,393,-1978,-13518,-12415,-254,-1357,11,14,8,10,22,7
1111291170E1F,VIX FUTURES - CBOE FUTURES EXCHANGE,2011-11-29T00:00:00.000,2011 Report Week 48,VIX FUTURES,1170E1,E,CHI,117,VOLATILITY/VARIANCE INDEX,138609,38062,50681,32342,7857,500,1709,13917,10801,18116,1590,3345,9670,123263,127164,15346,11445,100.0,27.5,36.6,23.3,5.7,0.4,1.2,10.0,7.8,13.1,1.1,2.4,7.0,88.9,91.7,11.1,8.3,76,,6,17,16,4,7,66,59,38.7,47.2,50.8,59.8,24.7,31.1,30.6,37.9,'($1000 X INDEX)',F90,VOLATILITY/VARIANCE INDEX,OTHER FINANCIAL INSTRUMENTS,FINANCIAL INSTRUMENTS,FutOnly,4678,324,825,5238,-754,0,-510,554,-944,1084,-720,694,333,5549,6720,-871,-2042,9,14,9,10,22,4
1112061170E1F,VIX FUTURES - CBOE FUTURES EXCHANGE,2011-12-06T00:00:00.000,2011 Report Week 49,VIX FUTURES,1170E1,E,CHI,117,VOLATILITY/VARIANCE INDEX,148494,38832,47137,39313,9014,776,1229,14380,19107,17263,1430,369,11782,133243,136976,15251,11518,100.0,26.2,31.7,26.5,6.1,0.5,0.8,9.7,12.9,11.6,1.0,0.2,7.9,89.7,92.2,10.3,7.8,82,,5,19,17,4,6,71,60,37.5,46.7,51.1,60.5,22.9,31.4,27.8,37.7,'($1000 X INDEX)',F90,VOLATILITY/VARIANCE INDEX,OTHER FINANCIAL INSTRUMENTS,FINANCIAL INSTRUMENTS,FutOnly,9885,770,-3544,6971,1157,276,-480,463,8306,-853,-160,-2976,2112,9980,9812,-95,73,12,15,8,12,23,4
1112131170E1F,VIX FUTURES - CBOE FUTURES EXCHANGE,2011-12-13T00:00:00.000,2011 Report Week 50,VIX FUTURES,1170E1,E,CHI,117,VOLATILITY/VARIANCE INDEX,150430,39151,42854,40769,10426,860,1454,11258,19073,16207,529,1448,13309,133103,135974,17327,14456,100.0,26.0,28.5,27.1,6.9,0.6,1.0,7.5,12.7,10.8,0.4,1.0,8.8,88.5,90.4,11.5,9.6,77,,7,17,15,,6,67,61,38.1,43.3,52.0,57.1,25.5,26.1,29.5,33.2,'($1000 X INDEX)',F90,VOLATILITY/VARIANCE INDEX,OTHER FINANCIAL INSTRUMENTS,FINANCIAL INSTRUMENTS,FutOnly,1936,319,-4283,1456,1412,84,225,-3122,-34,-1056,-901,1079,1527,-140,-1002,2076,2938,11,15,9,11,23,6
1112201170E1F,VIX FUTURES - CBOE FUTURES EXCHANGE,2011-12-20T00:00:00.000,2011 Report Week 51,VIX FUTURES,1170E1,E,CHI,117,VOLATILITY/VARIANCE INDEX,156992,38801,37633,44046,9138,1238,1512,15715,24770,16054,461,1869,15508,141235,142630,15757,14362,100.0,24.7,24.0,28.1,5.8,0.8,1.0,10.0,15.8,10.2,0.3,1.2,9.9,90.0,90.9,10.0,9.1,79,,5,21,15,,6,67,62,36.2,37.5,50.4,53.2,23.5,21.9,27.7,28.7,'($1000 X INDEX)',F90,VOLATILITY/VARIANCE INDEX,OTHER FINANCIAL INSTRUMENTS,FINANCIAL INSTRUMENTS,FutOnly,6562,-350,-5221,3277,-1288,378,58,4457,5697,-153,-68,421,2199,8132,6656,-1570,-94,9,16,9,11,23,7
1112271170E1F,VIX FUTURES - CBOE FUTURES EXCHANGE,2011-12-27T00:00:00.000,2011 Report Week 52,VIX FUTURES,1170E1,E,CHI,117,VOLATILITY/VARIANCE INDEX,127438,32402,25648,34904,8428,1419,1202,9521,22442,11958,1406,1451,15016,114837,114040,12601,13398,100.0,25.4,20.1,27.4,6.6,1.1,0.9,7.5,17.6,9.4,1.1,1.1,11.8,90.1,89.5,9.9,10.5,70,,4,15,14,4,5,58,48,41.5,36.2,56.2,52.8,24.7,18.3,29.0,28.3,'($1000 X INDEX)',F90,VOLATILITY/VARIANCE INDEX,OTHER FINANCIAL INSTRUMENTS,FINANCIAL INSTRUMENTS,FutOnly,-29554,-6399,-11985,-9142,-710,181,-310,-6194,-2328,-4096,945,-418,-492,-26398,-28590,-3156,-964,9,12,8,9,15,4
1201031170E1F,VIX FUTURES - CBOE FUTURES EXCHANGE,2012-01-03T00:00:00.000,2012 Report Week 01,VIX FUTURES,1170E1,E,CHI,117,VOLATILITY/VARIANCE INDEX,128268,34158,24189,32760,8472,1508,960,9779,24961,11165,1695,2043,14961,113950,112547,14318,15721,100.0,26.6,18.9,25.5,6.6,1.2,0.7,7.6,19.5,8.7,1.3,1.6,11.7,88.8,87.7,11.2,12.3,65,,4,12,11,5,5,53,50,40.5,33.5,55.3,51.0,25.9,18.4,30.8,29.1,'($1000 X INDEX)',F90,VOLATILITY/VARIANCE INDEX,OTHER FINANCIAL INSTRUMENTS,FINANCIAL INSTRUMENTS,FutOnly,830,1756,-1459,-2144,44,89,-242,258,2519,-793,289,592,-55,-887,-1493,1717,2323,10,15,8,9,14,4
1201101170E1F,VIX FUTURES - CBOE FUTURES EXCHANGE,2012-01-10T00:00:00.000,2012 Report Week 02,VIX FUTURES,1170E1,E,CHI,117,VOLATILITY/VARIANCE INDEX,144035,49544,36604,27959,9229,1712,709,11868,33669,11791,1800,3089,15214,128114,130747,15921,13288,100.0,34.4,25.4,19.4,6.4,1.2,0.5,8.2,23.4,8.2,1.2,2.1,10.6,88.9,90.8,11.1,9.2,76,,,16,14,8,6,64,58,41.2,37.2,54.7,53.2,33.7,28.7,38.2,38.6,'($1000 X INDEX)',F90,VOLATILITY/VARIANCE INDEX,OTHER FINANCIAL INSTRUMENTS,FINANCIAL INSTRUMENTS,FutOnly,15767,15386,12415,-4801,757,204,-251,2089,8708,626,105,1046,253,14164,18200,1603,-2433,10,18,9,9,19,5
1201171170E1F,VIX FUTURES - CBOE FUTURES EXCHANGE,2012-01-17T00:00:00.000,2012 Report Week 03,VIX FUTURES,1170E1,E,CHI,117,VOLATILITY/VARIANCE INDEX,154301,50658,32503,30370,8643,2128,650,8660,34586,15493,1259,4042,15507,131240,135279,23061,19022,100.0,32.8,21.1,19.7,5.6,1.4,0.4,5.6,22.4,10.0,0.8,2.6,10.0,85.1,87.7,14.9,12.3,78,,,12,16,6,7,64,61,37.7,32.7,50.6,48.7,29.3,23.7,35.2,32.8,'($1000 X INDEX)',F90,VOLATILITY/VARIANCE INDEX,OTHER FINANCIAL INSTRUMENTS,FINANCIAL INSTRUMENTS,FutOnly,10266,1114,-4101,2411,-586,416,-59,-3208,917,3702,-541,953,293,3126,4532,7140,5734,13,20,9,8,18,7
1201241170E1F,VIX FUTURES - CBOE FUTURES EXCHANGE,2012-01-24T00:00:00.000,2012 Report Week 04,VIX FUTURES,1170E1,E,CHI,117,VOLATILITY/VARIANCE INDEX,151622,60049,33697,25455,9515,1991,1340,12006,45143,9372,1129,6274,24959,143825,148231,7797,3391,100.0,39.6,22.2,16.8,6.3,1.3,0.9,7.9,29.8,6.2,0.7,4.1,16.5,94.9,97.8,5.1,2.2,78,4,,16,16,7,6,63,58,44.9,35.7,60.5,56.0,37.3,26.4,43.0,38.9,'($1000 X INDEX)',F90,VOLATILITY/VARIANCE INDEX,OTHER FINANCIAL INSTRUMENTS,FINANCIAL INSTRUMENTS,FutOnly,-2679,9391,1194,-4915,872,-137,690,3346,10557,-6121,-130,2232,9452,12585,12952,-15264,-15631,13,16,9,7,19,4
1201311170E1F,VIX FUTURES - CBOE FUTURES EXCHANGE,2012-01-31T00:00:00.000,2012 Report Week 05,VIX FUTURES,1170E1,E,CHI,117,VOLATILITY/VARIANCE INDEX,171354,61568,27293,26873,11592,2415,1439,8474,49752,12103,1035,5565,25803,148887,151243,22467,20111,100.0,35.9,15.9,15.7,6.8,1.4,0.8,4.9,29.0,7.1,0.6,3.2,15.1,86.9,88.3,13.1,11.7,80,,4,12,20,4,5,65,62,41.7,28.8,55.8,47.7,32.7,19.0,37.9,27.9,'($1000 X INDEX)',F90,VOLATILITY/VARIANCE INDEX,OTHER FINANCIAL INSTRUMENTS,FINANCIAL INSTRUMENTS,FutOnly,19732,1519,-6404,1418,2077,424,99,-3532,4609,2731,-94,-709,844,5062,3012,14670,16720,14,18,9,8,20,6
1202071170E1F,VIX FUTURES - CBOE FUTURES EXCHANGE,2012-02-07T00:00:00.000,2012 Report Week 06,VIX FUTURES,1170E1,E,CHI,117,VOLATILITY/VARIANCE INDEX,191134,72794,30731,29195,12994,2844,1285,9803,59142,13810,1602,8997,27001,168484,173005,22650,18129,100.0,38.1,16.1,15.3,6.8,1.5,0.7,5.1,30.9,7.2,0.8,4.7,14.1,88.1,90.5,11.9,9.5,96,4,4,17,24,6,7,77,70,43.7,29.1,57.0,47.5,35.6,19.8,40.1,29.7,'($1000 X INDEX)',F90,VOLATILITY/VARIANCE INDEX,OTHER FINANCIAL INSTRUMENTS,FINANCIAL INSTRUMENTS,FutOnly,19780,11226,3438,2322,1402,429,-154,1329,9390,1707,567,3432,1198,19597,21762,183,-1982,16,16,10,9,24,7
1202141170E1F,VIX FUTURES - CBOE FUTURES EXCHANGE,2012-02-14T00:00:00.000,2012 Report Week 07,VIX FUTURES,1170E1,E,CHI,117,VOLATILITY/VARIANCE INDEX,209554,94820,43192,25053,13228,2105,2625,7812,67498,11986,1289,10212,26293,183106,188964,26448,20590,100.0,45.2,20.6,12.0,6.3,1.0,1.3,3.7,32.2,5.7,0.6,4.9,12.5,87.4,90.2,12.6,9.8,95,4,7,14,27,5,7,75,72,47.5,29.1,60.4,47.4,41.4,20.8,46.7,31.9,'($1000 X INDEX)',F90,VOLATILITY/VARIANCE INDEX,OTHER FINANCIAL INSTRUMENTS,FINANCIAL INSTRUMENTS,FutOnly,18420,22026,12461,-4142,234,-739,1340,-1991,8356,-1824,-313,1215,-708,14622,15959,3798,2461,13,18,11,10,20,5
1202211170E1F,VIX FUTURES - CBOE FUTURES EXCHANGE,2012-02-21T00:00:00.000,2012 Report Week 08,VIX FUTURES,1170E1,E,CHI,117,VOLATILITY/VARIANCE INDEX,204578,105180,51259,20457,16086,1983,2313,11891,71221,3684,1358,12815,22829,183798,186561,20780,18017,100.0,51.4,25.1,10.0,7.9,1.0,1.1,5.8,34.8,1.8,0.7,6.3,11.2,89.8,91.2,10.2,8.8,96,4,7,17,24,4,8,70,71,53.2,30.4,67.6,49.3,50.8,25.4,56.0,41.2,'($1000 X INDEX)',F90,VOLATILITY/VARIANCE INDEX,OTHER FINANCIAL INSTRUMENTS,FINANCIAL INSTRUMENTS,FutOnly,-4976,10360,8067,-4596,2858,-122,-312,4079,3723,-8302,69,2603,-3464,692,-2403,-5668,-2573,14,16,10,10,14,7
1202281170E1F,VIX FUTURES - CBOE FUTURES EXCHANGE,2012-02-28T00:00:00.000,2012 Report Week 09,VIX FUTURES,1170E1,E,CHI,117,VOLATILITY/VARIANCE INDEX,236528,124908,57423,19938,27283,4724,2648,10482,85847,5321,1113,15350,23584,215277,214835,21251,21693,100.0,52.8,24.3,8.4,11.5,2.0,1.1,4.4,36.3,2.2,0.5,6.5,10.0,91.0,90.8,9.0,9.2,106,9,7,20,29,4,6,73,82,50.2,27.5,68.2,46.1,49.6,23.6,60.2,39.2,'($1000 X INDEX)',F90,VOLATILITY/VARIANCE INDEX,OTHER FINANCIAL INSTRUMENTS,FINANCIAL INSTRUMENTS,FutOnly,31950,19728,6164,-519,11197,2741,335,-1409,14626,1637,-245,2535,755,31479,28274,471,3676,12,17,12,8,19,6
1203061170E1F,VIX FUTURES - CBOE FUTURES EXCHANGE,2012-03-06T00:00:00.000,2012 Report Week 10,VIX FUTURES,1170E1,E,CHI,117,VOLATILITY/VARIANCE INDEX,271074,144462,63189,27462,31158,5002,3382,6466,96768,9060,1407,17019,26316,249713,248198,21361,22876,100.0,53.3,23.3,10.1,11.5,1.8,1.2,2.4,35.7,3.3,0.5,6.3,9.7,92.1,91.6,7.9,8.4,122,9,9,17,38,8,12,91,100,56.6,25.1,68.9,41.4,56.2,21.3,62.4,34.8,'($1000 X INDEX)',F90,VOLATILITY/VARIANCE INDEX,OTHER FINANCIAL INSTRUMENTS,FINANCIAL INSTRUMENTS,FutOnly,34546,19554,5766,7524,3875,278,734,-4016,10921,3739,294,1669,2732,34436,33363,110,1183,11,18,14,10,30,7
1203131170E1F,VIX FUTURES - CBOE FUTURES EXCHANGE,2012-03-13T00:00:00.000,2012 Report Week 11,VIX FUTURES,1170E1,E,CHI,117,VOLATILITY/VARIANCE INDEX,308953,147154,64098,29004,39234,5522,3586,9968,104097,16002,3059,24744,39170,287177,286223,21776,22730,100.0,47.6,20.7,9.4,12.7,1.8,1.2,3.2,33.7,5.2,1.0,8.0,12.7,93.0,92.6,7.0,7.4,143,9,8,22,39,12,18,108,119,50.5,26.0,63.4,41.7,49.6,19.4,56.4,32.8,'($1000 X INDEX)',F90,VOLATILITY/VARIANCE INDEX,OTHER FINANCIAL INSTRUMENTS,FINANCIAL INSTRUMENTS,FutOnly,37879,2692,909,1542,8076,520,204,3502,7329,6942,1652,7725,12854,37464,38025,415,-146,13,19,15,11,39,14
1203201170E1F,VIX FUTURES - CBOE FUTURES EXCHANGE,2012-03-20T00:00:00.000,2012 Report Week 12,VIX FUTURES,1170E1,E,CHI,117,VOLATILITY/VARIANCE INDEX,363883,175665,74767,30737,44295,8322,5081,7325,118684,22696,2617,26099,44312,332728,330698,31155,33185,100.0,48.3,20.5,8.4,12.2,2.3,1.4,2.0,32.6,6.2,0.7,7.2,12.2,91.4,90.9,8.6,9.1,147,11,10,17,49,9,18,109,129,52.4,26.8,67.3,40.9,50.1,17.9,57.1,29.6,'($1000 X INDEX)',F90,VOLATILITY/VARIANCE INDEX,OTHER FINANCIAL INSTRUMENTS,FINANCIAL INSTRUMENTS,FutOnly,54930,28511,10669,1733,5061,2800,1495,-2643,14587,6694,-442,1355,5142,45551,44475,9379,10455,11,20,17,9,43,14
1203271170E1F,VIX FUTURES - CBOE FUTURES EXCHANGE,2012-03-27T00:00:00.000,2012 Report Week 13,VIX FUTURES,1170E1,E,CHI,117,VOLATILITY/VARIANCE INDEX,304339,154422,64041,26789,31332,6341,4147,6991,101330,13890,1908,18763,42021,281500,277322,22839,27017,100.0,50.7,21.0,8.8,10.3,2.1,1.4,2.3,33.3,4.6,0.6,6.2,13.8,92.5,91.1,7.5,8.9,119,10,7,9,40,9,13,83,104,53.8,28.6,68.7,44.3,50.3,21.1,57.4,33.4,'($1000 X INDEX)',F90,VOLATILITY/VARIANCE INDEX,OTHER FINANCIAL INSTRUMENTS,FINANCIAL INSTRUMENTS,FutOnly,-59544,-21243,-10726,-3948,-12963,-1981,-934,-334,-17354,-8806,-709,-7336,-2291,-51228,-53376,-8316,-6168,12,18,13,7,30,11
1204031170E1F,VIX FUTURES - CBOE FUTURES EXCHANGE,2012-04-03T00:00:00.000,2012 Report Week 14,VIX FUTURES,1170E1,E,CHI,117,VOLATILITY/VARIANCE INDEX,310512,143526,61232,33742,35388,5899,8486,6368,96683,18773,1255,17417,38438,285976,280670,24536,29842,100.0,46.2,19.7,10.9,11.4,1.9,2.7,2.1,31.1,6.0,0.4,5.6,12.4,92.1,90.4,7.9,9.6,125,9,7,13,44,7,10,92,112,50.5,27.4,65.2,41.4,46.8,20.5,53.1,30.6,'($1000 X INDEX)',F90,VOLATILITY/VARIANCE INDEX,OTHER FINANCIAL INSTRUMENTS,FINANCIAL INSTRUMENTS,FutOnly,6173,-10896,-2809,6953,4056,-442,4339,-623,-4647,4883,-653,-1346,-3583,4476,3348,1697,2825,14,24,13,10,38,9
1204101170E1F,VIX FUTURES - CBOE FUTURES EXCHANGE,2012-04-10T00:00:00.000,2012 Report Week 15,VIX FUTURES,1170E1,E,CHI,117,VOLATILITY/VARIANCE INDEX,322529,148479,66984,37214,37677,4521,6521,2569,100848,25567,664,12918,40684,299375,295257,23154,27272,100.0,46.0,20.8,11.5,11.7,1.4,2.0,0.8,31.3,7.9,0.2,4.0,12.6,92.8,91.5,7.2,8.5,129,9,9,10,45,5,13,94,115,50.6,27.1,65.4,41.1,48.6,20.5,54.1,29.8,'($1000 X INDEX)',F90,VOLATILITY/VARIANCE INDEX,OTHER FINANCIAL INSTRUMENTS,FINANCIAL INSTRUMENTS,FutOnly,12017,4953,5752,3472,2289,-1378,-1965,-3799,4165,6794,-591,-4499,2246,13399,14587,-1382,-2570,14,22,13,14,36,13
1204171170E1F,VIX FUTURES - CBOE FUTURES EXCHANGE,2012-04-17T00:00:00.000,2012 Report Week 16,VIX FUTURES,1170E1,E,CHI,117,VOLATILITY/VARIANCE INDEX,340437,139222,59960,44429,38362,3679,5872,5095,102910,28780,961,13178,51860,314581,310668,25856,29769,100.0,40.9,17.6,13.1,11.3,1.1,1.7,1.5,30.2,8.5,0.3,3.9,15.2,92.4,91.3,7.6,8.7,126,7,8,8,48,5,12,93,115,51.0,29.2,64.3,43.5,43.0,19.0,48.6,28.2,'($1000 X INDEX)',F90,VOLATILITY/VARIANCE INDEX,OTHER FINANCIAL INSTRUMENTS,FINANCIAL INSTRUMENTS,FutOnly,17908,-9257,-7024,7215,685,-842,-649,2526,2062,3213,297,260,11176,15206,15411,2702,2497,13,22,14,10,40,14
1204241170E1F,VIX FUTURES - CBOE FUTURES EXCHANGE,2012-04-24T00:00:00.000,2012 Report Week 17,VIX FUTURES,1170E1,E,CHI,117,VOLATILITY/VARIANCE INDEX,300629,141324,57371,28837,35515,3707,6715,7409,106794,18676,1018,15645,40915,280409,278660,20220,21969,100.0,47.0,19.1,9.6,11.8,1.2,2.2,2.5,35.5,6.2,0.3,5.2,13.6,93.3,92.7,6.7,7.3,126,7,9,15,44,5,14,94,113,53.1,30.1,67.0,44.5,47.9,24.6,54.5,35.0,'($1000 X INDEX)',F90,VOLATILITY/VARIANCE INDEX,OTHER FINANCIAL INSTRUMENTS,FINANCIAL INSTRUMENTS,FutOnly,-39808,2102,-2589,-15592,-2847,28,843,2314,3884,-10104,57,2467,-10945,-34172,-32008,-5636,-7800,12,19,14,10,39,11
1205011170E1F,VIX FUTURES - CBOE FUTURES EXCHANGE,2012-05-01T00:00:00.000,2012 Report Week 18,VIX FUTURES,1170E1,E,CHI,117,VOLATILITY/VARIANCE INDEX,318793,147405,58775,28806,41226,5244,7775,10149,118469,19067,2069,18447,40946,297443,297529,21350,21264,100.0,46.2,18.4,9.0,12.9,1.6,2.4,3.2,37.2,6.0,0.6,5.8,12.8,93.3,93.3,6.7,6.7,131,9,10,15,44,4,15,95,118,53.1,29.1,65.9,43.8,48.2,24.3,54.7,34.8,'($1000 X INDEX)',F90,VOLATILITY/VARIANCE INDEX,OTHER FINANCIAL INSTRUMENTS,FINANCIAL INSTRUMENTS,FutOnly,18164,6081,1404,-31,5711,1537,1060,2740,11675,391,1051,2802,31,17034,18869,1130,-705,13,19,13,10,38,12
1205081170E1F,VIX FUTURES - CBOE FUTURES EXCHANGE,2012-05-08T00:00:00.000,2012 Report Week 19,VIX FUTURES,1170E1,E,CHI,117,VOLATILITY/VARIANCE INDEX,326785,143868,62185,31727,38619,4266,7875,6988,109962,21438,1873,13754,49789,302177,300996,24608,25789,100.0,44.0,19.0,9.7,11.8,1.3,2.4,2.1,33.6,6.6,0.6,4.2,15.2,92.5,92.1,7.5,7.9,131,8,9,12,46,5,18,97,120,52.8,30.2,65.8,45.5,45.6,24.0,51.7,32.2,'($1000 X INDEX)',F90,VOLATILITY/VARIANCE INDEX,OTHER FINANCIAL INSTRUMENTS,FINANCIAL INSTRUMENTS,FutOnly,7992,-3537,3410,2921,-2607,-978,100,-3161,-8507,2371,-196,-4693,8843,4734,3467,3258,4525,13,21,13,10,38,14
1205151170E1F,VIX FUTURES - CBOE FUTURES EXCHANGE,2012-05-15T00:00:00.000,2012 Report Week 20,VIX FUTURES,1170E1,E,CHI,117,VOLATILITY/VARIANCE INDEX,326566,137384,58557,33283,36675,3964,6811,6651,106805,28103,1360,10182,50659,300926,298364,25640,28202,100.0,42.1,17.9,10.2,11.2,1.2,2.1,2.0,32.7,8.6,0.4,3.1,15.5,92.1,91.4,7.9,8.6,138,9,9,17,44,6,19,112,123,53.0,30.0,64.8,45.2,44.5,24.2,50.0,32.4,'($1000 X INDEX)',F90,VOLATILITY/VARIANCE INDEX,OTHER FINANCIAL INSTRUMENTS,FINANCIAL INSTRUMENTS,FutOnly,-219,-6484,-3628,1556,-1944,-302,-1064,-337,-3157,6665,-513,-3572,870,-1251,-2632,1032,2413,15,22,13,9,47,13
1205221170E1F,VIX FUTURES - CBOE FUTURES EXCHANGE,2012-05-22T00:00:00.000,2012 Report Week 21,VIX FUTURES,1170E1,E,CHI,117,VOLATILITY/VARIANCE INDEX,287635,124558,61977,26615,34151,3796,6753,11239,98019,26670,1776,9952,36255,268017,270037,19618,17598,100.0,43.3,21.5,9.3,11.9,1.3,2.3,3.9,34.1,9.3,0.6,3.5,12.6,93.2,93.9,6.8,6.1,130,9,10,20,43,6,11,96,114,53.8,28.1,67.1,43.3,47.4,24.8,53.6,35.1,'($1000 X INDEX)',F90,VOLATILITY/VARIANCE INDEX,OTHER FINANCIAL INSTRUMENTS,FINANCIAL INSTRUMENTS,FutOnly,-38931,-12826,3420,-6668,-2524,-168,-58,4588,-8786,-1433,416,-230,-14404,-32909,-28327,-6022,-10604,14,19,12,9,40,8
1205291170E1F,VIX FUTURES - CBOE FUTURES EXCHANGE,2012-05-29T00:00:00.000,2012 Report Week 22,VIX FUTURES,1170E1,E,CHI,117,VOLATILITY/VARIANCE INDEX,272588,105595,53188,30780,33946,3350,6497,17083,87548,26290,1309,14557,29940,251440,252150,21148,20438,100.0,38.7,19.5,11.3,12.5,1.2,2.4,6.3,32.1,9.6,0.5,5.3,11.0,92.2,92.5,7.8,7.5,128,7,10,20,38,8,13,97,113,50.6,28.2,62.5,44.3,44.4,25.3,49.8,34.7,'($1000 X INDEX)',F90,VOLATILITY/VARIANCE INDEX,OTHER FINANCIAL INSTRUMENTS,FINANCIAL INSTRUMENTS,FutOnly,-15047,-18963,-8789,4165,-205,-446,-256,5844,-10471,-380,-467,4605,-6315,-16577,-17887,1530,2840,14,20,13,10,39,10
1206051170E1F,VIX FUTURES - CBOE FUTURES EXCHANGE,2012-06-05T00:00:00.000,2012 Report Week 23,VIX FUTURES,1170E1,E,CHI,117,VOLATILITY/VARIANCE INDEX,277015,114695,54134,37223,25671,4142,6602,18458,82735,28854,1108,18388,23202,255813,255280,21202,21735,100.0,41.4,19.5,13.4,9.3,1.5,2.4,6.7,29.9,10.4,0.4,6.6,8.4,92.3,92.2,7.7,7.8,126,9,10,17,39,6,11,96,109,48.9,24.5,60.0,39.9,45.3,22.4,51.5,31.6,'($1000 X INDEX)',F90,VOLATILITY/VARIANCE INDEX,OTHER FINANCIAL INSTRUMENTS,FINANCIAL INSTRUMENTS,FutOnly,4427,9100,946,6443,-8275,792,105,1375,-4813,2564,-201,3831,-6738,4373,3130,54,1297,14,19,12,10,39,12
1206121170E1F,VIX FUTURES - CBOE FUTURES EXCHANGE,2012-06-12T00:00:00.000,2012 Report Week 24,VIX FUTURES,1170E1,E,CHI,117,VOLATILITY/VARIANCE INDEX,307504,122767,57416,40436,35998,3918,5784,16834,91473,31365,1073,21780,30319,284576,282491,22928,25013,100.0,39.9,18.7,13.1,11.7,1.3,1.9,5.5,29.7,10.2,0.3,7.1,9.9,92.5,91.9,7.5,8.1,129,6,8,17,41,,14,100,112,46.4,26.1,60.5,41.2,45.1,22.4,50.9,32.4,'($1000 X INDEX)',F90,VOLATILITY/VARIANCE INDEX,OTHER FINANCIAL INSTRUMENTS,FINANCIAL INSTRUMENTS,FutOnly,30489,8072,3282,3213,10327,-224,-818,-1624,8738,2511,-35,3392,7117,28763,27211,1726,3278,18,23,13,9,38,12
1206191170E1F,VIX FUTURES - CBOE FUTURES EXCHANGE,2012-06-19T00:00:00.000,2012 Report Week 25,VIX FUTURES,1170E1,E,CHI,117,VOLATILITY/VARIANCE INDEX,343374,122283,54879,46395,43602,5489,4845,25035,107323,30976,5312,26766,38687,317135,315360,26239,28014,100.0,35.6,16.0,13.5,12.7,1.6,1.4,7.3,31.3,9.0,1.5,7.8,11.3,92.4,91.8,7.6,8.2,141,7,8,21,44,7,14,111,121,44.7,29.2,58.6,44.7,41.7,22.6,47.1,32.9,'($1000 X INDEX)',F90,VOLATILITY/VARIANCE INDEX,OTHER FINANCIAL INSTRUMENTS,FINANCIAL INSTRUMENTS,FutOnly,35870,-484,-2537,5959,7604,1571,-939,8201,15850,-389,4239,4986,8368,32559,32869,3311,3001,18,24,12,9,45,14
1206261170E1F,VIX FUTURES - CBOE FUTURES EXCHANGE,2012-06-26T00:00:00.000,2012 Report Week 26,VIX FUTURES,1170E1,E,CHI,117,VOLATILITY/VARIANCE INDEX,309767,132479,56365,28940,40113,6296,4897,23664,104312,25057,1821,28045,32488,289459,286400,20308,23367,100.0,42.8,18.2,9.3,12.9,2.0,1.6,7.6,33.7,8.1,0.6,9.1,10.5,93.4,92.5,6.6,7.5,129,8,9,16,46,5,11,94,111,51.2,30.0,65.5,46.4,49.1,24.5,56.9,36.9,'($1000 X INDEX)',F90,VOLATILITY/VARIANCE INDEX,OTHER FINANCIAL INSTRUMENTS,FINANCIAL INSTRUMENTS,FutOnly,-33607,10196,1486,-17455,-3489,807,52,-1371,-3011,-5919,-3491,1279,-6199,-27676,-28960,-5931,-4647,15,19,12,8,37,13
1207031170E1F,VIX FUTURES - CBOE FUTURES EXCHANGE,2012-07-03T00:00:00.000,2012 Report Week 27,VIX FUTURES,1170E1,E,CHI,117,VOLATILITY/VARIANCE INDEX,334634,132525,51606,31915,42930,7644,3854,24404,108283,29526,2061,34027,41203,308418,308058,26216,26576,100.0,39.6,15.4,9.5,12.8,2.3,1.2,7.3,32.4,8.8,0.6,10.2,12.3,92.2,92.1,7.8,7.9,132,8,7,19,42,6,15,99,115,50.6,33.9,64.0,48.7,45.6,26.5,52.5,36.8,'($1000 X INDEX)',F90,VOLATILITY/VARIANCE INDEX,OTHER FINANCIAL INSTRUMENTS,FINANCIAL INSTRUMENTS,FutOnly,24867,46,-4759,2975,2817,1348,-1043,740,3971,4469,240,5982,8715,18959,21658,5908,3209,14,21,15,7,39,14
1207101170E1F,VIX FUTURES - CBOE FUTURES EXCHANGE,2012-07-10T00:00:00.000,2012 Report Week 28,VIX FUTURES,1170E1,E,CHI,117,VOLATILITY/VARIANCE INDEX,334343,127820,47334,35245,42288,8496,6867,23934,111806,32080,2669,27653,41814,312717,311295,21626,23048,100.0,38.2,14.2,10.5,12.6,2.5,2.1,7.2,33.4,9.6,0.8,8.3,12.5,93.5,93.1,6.5,6.9,141,10,10,22,44,9,14,109,121,51.1,34.5,63.5,49.1,44.5,26.4,51.1,36.7,'($1000 X INDEX)',F90,VOLATILITY/VARIANCE INDEX,OTHER FINANCIAL INSTRUMENTS,FINANCIAL INSTRUMENTS,FutOnly,-291,-4705,-4272,3330,-642,852,3013,-470,3523,2554,608,-6374,611,4299,3237,-4590,-3528,18,20,11,8,45,11
1207171170E1F,VIX FUTURES - CBOE FUTURES EXCHANGE,2012-07-17T00:00:00.000,2012 Report Week 29,VIX FUTURES,1170E1,E,CHI,117,VOLATILITY/VARIANCE INDEX,350768,124268,37972,36077,39844,8719,6334,29119,117503,35953,2467,31899,51329,325391,325786,25377,24982,100.0,35.4,10.8,10.3,11.4,2.5,1.8,8.3,33.5,10.2,0.7,9.1,14.6,92.8,92.9,7.2,7.1,147,9,11,26,43,10,15,115,127,50.0,39.2,62.3,51.5,41.0,27.3,46.6,35.9,'($1000 X INDEX)',F90,VOLATILITY/VARIANCE INDEX,OTHER FINANCIAL INSTRUMENTS,FINANCIAL INSTRUMENTS,FutOnly,16425,-3552,-9362,832,-2444,223,-533,5185,5697,3873,-202,4246,9515,12674,14491,3751,1934,18,21,11,9,48,14
1207241170E1F,VIX FUTURES - CBOE FUTURES EXCHANGE,2012-07-24T00:00:00.000,2012 Report Week 30,VIX FUTURES,1170E1,E,CHI,117,VOLATILITY/VARIANCE INDEX,324056,127515,34917,25974,40138,8376,5311,18789,121314,39471,2366,25711,38861,298425,299935,25631,24121,100.0,39.3,10.8,8.0,12.4,2.6,1.6,5.8,37.4,12.2,0.7,7.9,12.0,92.1,92.6,7.9,7.4,138,10,9,21,37,8,14,105,116,50.6,34.8,62.9,48.0,45.4,26.2,50.9,36.9,'($1000 X INDEX)',F90,VOLATILITY/VARIANCE INDEX,OTHER FINANCIAL INSTRUMENTS,FINANCIAL INSTRUMENTS,FutOnly,-26712,3247,-3055,-10103,294,-343,-1023,-10330,3811,3518,-101,-6188,-12468,-26966,-25851,254,-861,16,20,14,9,40,17
1207311170E1F,VIX FUTURES - CBOE FUTURES EXCHANGE,2012-07-31T00:00:00.000,2012 Report Week 31,VIX FUTURES,1170E1,E,CHI,117,VOLATILITY/VARIANCE INDEX,312880,121200,35157,28086,41178,8050,4978,20973,114871,36613,2173,26471,36166,291367,290392,21513,22488,100.0,38.7,11.2,9.0,13.2,2.6,1.6,6.7,36.7,11.7,0.7,8.5,11.6,93.1,92.8,6.9,7.2,128,8,7,15,37,8,12,93,107,50.9,34.7,64.9,49.0,46.3,26.0,51.9,37.1,'($1000 X INDEX)',F90,VOLATILITY/VARIANCE INDEX,OTHER FINANCIAL INSTRUMENTS,FINANCIAL INSTRUMENTS,FutOnly,-11176,-6315,240,2112,1040,-326,-333,2184,-6443,-2858,-193,760,-2695,-7058,-9543,-4118,-1633,17,19,12,8,34,17
1208071170E1F,VIX FUTURES - CBOE FUTURES EXCHANGE,2012-08-07T00:00:00.000,2012 Report Week 32,VIX FUTURES,1170E1,E,CHI,117,VOLATILITY/VARIANCE INDEX,335902,115656,32097,35558,41274,8864,4256,34087,118228,39608,1686,31903,41520,313645,312034,22257,23868,100.0,34.4,9.6,10.6,12.3,2.6,1.3,10.1,35.2,11.8,0.5,9.5,12.4,93.4,92.9,6.6,7.1,143,8,8,23,44,7,15,109,125,48.7,34.6,62.6,47.7,42.1,24.7,48.4,35.0,'($1000 X INDEX)',F90,VOLATILITY/VARIANCE INDEX,OTHER FINANCIAL INSTRUMENTS,FINANCIAL INSTRUMENTS,FutOnly,23022,-5544,-3060,7472,96,814,-722,13114,3357,2995,-487,5432,5354,22278,21642,744,1380,19,22,13,8,46,14
1208141170E1F,VIX FUTURES - CBOE FUTURES EXCHANGE,2012-08-14T00:00:00.000,2012 Report Week 33,VIX FUTURES,1170E1,E,CHI,117,VOLATILITY/VARIANCE INDEX,364829,129946,33637,38371,42168,9860,5251,32358,129574,41771,1989,40939,39519,331373,338922,33456,25907,100.0,35.6,9.2,10.5,11.6,2.7,1.4,8.9,35.5,11.4,0.5,11.2,10.8,90.8,92.9,9.2,7.1,149,9,7,26,42,8,15,114,126,47.4,35.3,59.2,48.5,41.5,26.6,47.7,37.4,'($1000 X INDEX)',F90,VOLATILITY/VARIANCE INDEX,OTHER FINANCIAL INSTRUMENTS,FINANCIAL INSTRUMENTS,FutOnly,28927,14290,1540,2813,894,996,995,-1729,11346,2163,303,9036,-2001,17728,26888,11199,2039,20,24,13,9,45,16
1208211170E1F,VIX FUTURES - CBOE FUTURES EXCHANGE,2012-08-21T00:00:00.000,2012 Report Week 34,VIX FUTURES,1170E1,E,CHI,117,VOLATILITY/VARIANCE INDEX,403608,131729,33476,44663,46157,10548,5827,34091,136665,48540,3271,36047,56730,371008,372496,32600,31112,100.0,32.6,8.3,11.1,11.4,2.6,1.4,8.4,33.9,12.0,0.8,8.9,14.1,91.9,92.3,8.1,7.7,158,10,9,29,45,8,16,122,134,48.0,33.1,59.2,46.3,38.8,22.5,44.3,33.1,'($1000 X INDEX)',F90,VOLATILITY/VARIANCE INDEX,OTHER FINANCIAL INSTRUMENTS,FINANCIAL INSTRUMENTS,FutOnly,38779,1783,-161,6292,3989,688,576,1733,7091,6769,1282,-4892,17211,39635,33574,-856,5205,22,27,12,8,46,17
1208281170E1F,VIX FUTURES - CBOE FUTURES EXCHANGE,2012-08-28T00:00:00.000,2012 Report Week 35,VIX FUTURES,1170E1,E,CHI,117,VOLATILITY/VARIANCE INDEX,359935,141208,28492,37730,44586,11509,8411,21331,140609,42881,3855,28689,36315,336317,334636,23618,25299,100.0,39.2,7.9,10.5,12.4,3.2,2.3,5.9,39.1,11.9,1.1,8.0,10.1,93.4,93.0,6.6,7.0,151,12,9,17,50,8,15,111,132,50.6,30.0,61.7,43.0,46.0,22.8,51.4,33.7,'($1000 X INDEX)',F90,VOLATILITY/VARIANCE INDEX,OTHER FINANCIAL INSTRUMENTS,FINANCIAL INSTRUMENTS,FutOnly,-43673,9479,-4984,-6933,-1571,961,2584,-12760,3944,-5659,584,-7358,-20415,-34691,-37860,-8982,-5813,20,25,11,5,43,18
1209041170E1F,VIX FUTURES - CBOE FUTURES EXCHANGE,2012-09-04T00:00:00.000,2012 Report Week 36,VIX FUTURES,1170E1,E,CHI,117,VOLATILITY/VARIANCE INDEX,367377,140237,27766,40126,42529,11377,8354,20619,141433,45446,4444,27429,39266,341021,341197,26356,26180,100.0,38.2,7.6,10.9,11.6,3.1,2.3,5.6,38.5,12.4,1.2,7.5,10.7,92.8,92.9,7.2,7.1,157,12,9,17,51,8,18,115,141,49.8,30.5,60.6,42.0,44.3,22.2,49.7,32.0,'($1000 X INDEX)',F90,VOLATILITY/VARIANCE INDEX,OTHER FINANCIAL INSTRUMENTS,FINANCIAL INSTRUMENTS,FutOnly,7442,-971,-726,2396,-2057,-132,-57,-712,824,2565,589,-1260,2951,4704,6561,2738,881,19,25,13,6,47,19
1209111170E1F,VIX FUTURES - CBOE FUTURES EXCHANGE,2012-09-11T00:00:00.000,2012 Report Week 37,VIX FUTURES,1170E1,E,CHI,117,VOLATILITY/VARIANCE INDEX,406958,144579,29175,42295,41869,13156,8728,25097,149368,47987,5830,26167,58769,375154,375645,31804,31313,100.0,35.5,7.2,10.4,10.3,3.2,2.1,6.2,36.7,11.8,1.4,6.4,14.4,92.2,92.3,7.8,7.7,160,13,10,18,53,11,18,121,142,50.2,33.9,59.5,44.7,41.2,21.9,45.4,31.3,'($1000 X INDEX)',F90,VOLATILITY/VARIANCE INDEX,OTHER FINANCIAL INSTRUMENTS,FINANCIAL INSTRUMENTS,FutOnly,39581,4342,1409,2169,-660,1779,374,4478,7935,2541,1386,-1262,19503,34133,34448,5448,5133,18,24,13,6,51,17
1209181170E1F,VIX FUTURES - CBOE FUTURES EXCHANGE,2012-09-18T00:00:00.000,2012 Report Week 38,VIX FUTURES,1170E1,E,CHI,117,VOLATILITY/VARIANCE INDEX,431265,139067,22895,54765,33258,13006,9442,31626,152016,50504,5702,23234,75353,399717,401215,31548,30050,100.0,32.2,5.3,12.7,7.7,3.0,2.2,7.3,35.2,11.7,1.3,5.4,17.5,92.7,93.0,7.3,7.0,163,11,9,22,52,13,21,127,148,49.6,37.8,59.1,47.9,35.3,22.1,39.7,31.3,'($1000 X INDEX)',F90,VOLATILITY/VARIANCE INDEX,OTHER FINANCIAL INSTRUMENTS,FINANCIAL INSTRUMENTS,FutOnly,24307,-5512,-6280,12470,-8611,-150,714,6529,2648,2517,-128,-2933,16584,24563,25570,-256,-1263,21,26,11,6,56,16
1209251170E1F,VIX FUTURES - CBOE FUTURES EXCHANGE,2012-09-25T00:00:00.000,2012 Report Week 39,VIX FUTURES,1170E1,E,CHI,117,VOLATILITY/VARIANCE INDEX,393602,143289,28004,40553,39038,12181,9124,29518,155653,40611,4264,22185,59989,366386,368300,27216,25302,100.0,36.4,7.1,10.3,9.9,3.1,2.3,7.5,39.5,10.3,1.1,5.6,15.2,93.1,93.6,6.9,6.4,166,9,10,26,48,14,20,127,141,51.8,35.2,60.8,48.0,40.6,24.6,45.5,34.5,'($1000 X INDEX)',F90,VOLATILITY/VARIANCE INDEX,OTHER FINANCIAL INSTRUMENTS,FINANCIAL INSTRUMENTS,FutOnly,-37663,4222,5109,-14212,5780,-825,-318,-2108,3637,-9893,-1438,-1049,-15364,-33331,-32915,-4332,-4748,21,22,11,10,50,16
1210021170E1F,VIX FUTURES - CBOE FUTURES EXCHANGE,2012-10-02T00:00:00.000,2012 Report Week 40,VIX FUTURES,1170E1,E,CHI,117,VOLATILITY/VARIANCE INDEX,390364,143057,28062,41593,38104,12724,10422,24936,148378,40712,3663,20124,63452,365939,365467,24425,24897,100.0,36.6,7.2,10.7,9.8,3.3,2.7,6.4,38.0,10.4,0.9,5.2,16.3,93.7,93.6,6.3,6.4,157,11,11,22,46,13,22,124,139,52.7,37.1,61.4,48.4,39.6,22.6,44.5,32.8,'($1000 X INDEX)',F90,VOLATILITY/VARIANCE INDEX,OTHER FINANCIAL INSTRUMENTS,FINANCIAL INSTRUMENTS,FutOnly,-3238,-232,58,1040,-934,543,1298,-4582,-7275,101,-601,-2061,3463,-447,-2833,-2791,-405,23,25,11,9,48,12
1210091170E1F,VIX FUTURES - CBOE FUTURES EXCHANGE,2012-10-09T00:00:00.000,2012 Report Week 41,VIX FUTURES,1170E1,E,CHI,117,VOLATILITY/VARIANCE INDEX,404089,134895,28252,46546,38603,15911,10679,27645,141971,46791,3753,17873,70520,379432,378543,24657,25546,100.0,33.4,7.0,11.5,9.6,3.9,2.6,6.8,35.1,11.6,0.9,4.4,17.5,93.9,93.7,6.1,6.3,163,12,12,27,44,13,23,135,137,50.7,35.4,59.4,46.6,36.2,20.3,40.4,29.8,'($1000 X INDEX)',F90,VOLATILITY/VARIANCE INDEX,OTHER FINANCIAL INSTRUMENTS,FINANCIAL INSTRUMENTS,FutOnly,13725,-8162,190,4953,499,3187,257,2709,-6407,6079,90,-2251,7068,13493,13076,232,649,23,25,10,7,49,15
1210161170E1F,VIX FUTURES - CBOE FUTURES EXCHANGE,2012-10-16T00:00:00.000,2012 Report Week 42,VIX FUTURES,1170E1,E,CHI,117,VOLATILITY/VARIANCE INDEX,424977,133058,27391,52331,34131,15482,10920,40388,150302,47259,3469,18086,76829,398385,398600,26592,26377,100.0,31.3,6.4,12.3,8.0,3.6,2.6,9.5,35.4,11.1,0.8,4.3,18.1,93.7,93.8,6.3,6.2,170,12,10,30,45,13,24,140,145,47.6,36.6,58.7,48.1,31.9,19.5,37.3,28.5,'($1000 X INDEX)',F90,VOLATILITY/VARIANCE INDEX,OTHER FINANCIAL INSTRUMENTS,FINANCIAL INSTRUMENTS,FutOnly,20888,-1837,-861,5785,-4472,-429,241,12743,8331,468,-284,213,6309,18953,20057,1935,831,23,25,11,7,56,15
1210231170E1F,VIX FUTURES - CBOE FUTURES EXCHANGE,2012-10-23T00:00:00.000,2012 Report Week 43,VIX FUTURES,1170E1,E,CHI,117,VOLATILITY/VARIANCE INDEX,376801,124649,23066,49060,34569,14084,10474,30519,145471,39606,4736,10845,57471,351084,350077,25717,26724,100.0,33.1,6.1,13.0,9.2,3.7,2.8,8.1,38.6,10.5,1.3,2.9,15.3,93.2,92.9,6.8,7.1,158,12,10,29,40,15,18,125,129,50.6,33.5,61.1,45.3,37.4,22.3,41.3,29.4,'($1000 X INDEX)',F90,VOLATILITY/VARIANCE INDEX,OTHER FINANCIAL INSTRUMENTS,FINANCIAL INSTRUMENTS,FutOnly,-48176,-8409,-4325,-3271,438,-1398,-446,-9869,-4831,-7653,1267,-7241,-19358,-47301,-48523,-875,347,20,24,12,7,44,14
1210301170E1F,VIX FUTURES - CBOE FUTURES EXCHANGE,2012-10-30T00:00:00.000,2012 Report Week 44,VIX FUTURES,1170E1,E,CHI,117,VOLATILITY/VARIANCE INDEX,361488,117323,25420,46324,31800,13371,11331,29393,130142,43524,4689,12346,58977,343361,341435,18127,20053,100.0,32.5,7.0,12.8,8.8,3.7,3.1,8.1,36.0,12.0,1.3,3.4,16.3,95.0,94.5,5.0,5.5,161,14,10,28,40,15,19,130,128,50.7,35.6,60.6,48.2,36.3,22.3,40.2,29.5,'($1000 X INDEX)',F90,VOLATILITY/VARIANCE INDEX,OTHER FINANCIAL INSTRUMENTS,FINANCIAL INSTRUMENTS,FutOnly,-15313,-7326,2354,-2736,-2769,-713,857,-1126,-15329,3918,-47,1501,1506,-7723,-8642,-7590,-6671,20,25,13,8,43,15
1211061170E1F,VIX FUTURES - CBOE FUTURES EXCHANGE,2012-11-06T00:00:00.000,2012 Report Week 45,VIX FUTURES,1170E1,E,CHI,117,VOLATILITY/VARIANCE INDEX,384223,124336,32065,44152,35598,18730,10116,28378,130573,49845,4011,10460,60828,357264,356769,26959,27454,100.0,32.4,8.3,11.5,9.3,4.9,2.6,7.4,34.0,13.0,1.0,2.7,15.8,93.0,92.9,7.0,7.1,156,14,8,29,39,14,18,124,125,47.8,33.3,57.7,45.4,35.5,21.6,39.7,29.5,'($1000 X INDEX)',F90,VOLATILITY/VARIANCE INDEX,OTHER FINANCIAL INSTRUMENTS,FINANCIAL INSTRUMENTS,FutOnly,22735,7013,6645,-2172,3798,5359,-1215,-1015,431,6321,-678,-1886,1851,13903,15334,8832,7401,21,23,12,7,44,13
1211131170E1F,VIX FUTURES - CBOE FUTURES EXCHANGE,2012-11-13T00:00:00.000,2012 Report Week 46,VIX FUTURES,1170E1,E,CHI,117,VOLATILITY/VARIANCE INDEX,382416,116615,31962,45029,36170,19464,10567,32133,125292,52191,3542,12609,59644,355891,356758,26525,25658,100.0,30.5,8.4,11.8,9.5,5.1,2.8,8.4,32.8,13.6,0.9,3.3,15.6,93.1,93.3,6.9,6.7,167,13,9,33,44,16,19,131,131,46.0,32.8,56.3,45.7,33.6,20.1,37.7,28.7,'($1000 X INDEX)',F90,VOLATILITY/VARIANCE INDEX,OTHER FINANCIAL INSTRUMENTS,FINANCIAL INSTRUMENTS,FutOnly,-1807,-7721,-103,877,572,734,451,3755,-5281,2346,-469,2149,-1184,-1373,-11,-434,-1796,21,23,10,10,44,13
1211201170E1F,VIX FUTURES - CBOE FUTURES EXCHANGE,2012-11-20T00:00:00.000,2012 Report Week 47,VIX FUTURES,1170E1,E,CHI,117,VOLATILITY/VARIANCE INDEX,418381,114205,32132,56897,36510,21455,14101,49923,132207,48226,8086,21546,66486,394434,393050,23947,25331,100.0,27.3,7.7,13.6,8.7,5.1,3.4,11.9,31.6,11.5,1.9,5.1,15.9,94.3,93.9,5.7,6.1,179,11,11,39,41,18,22,144,138,44.7,33.8,54.3,45.7,28.8,19.1,34.5,28.3,'($1000 X INDEX)',F90,VOLATILITY/VARIANCE INDEX,OTHER FINANCIAL INSTRUMENTS,FINANCIAL INSTRUMENTS,FutOnly,35965,-2410,170,11868,340,1991,3534,17790,6915,-3965,4544,8937,6842,38543,36292,-2578,-327,27,23,9,11,47,14
1211271170E1F,VIX FUTURES - CBOE FUTURES EXCHANGE,2012-11-27T00:00:00.000,2012 Report Week 48,VIX FUTURES,1170E1,E,CHI,117,VOLATILITY/VARIANCE INDEX,375098,123871,20010,39810,35817,22199,14181,30126,132397,42708,4144,17624,60685,351342,349614,23756,25484,100.0,33.0,5.3,10.6,9.5,5.9,3.8,8.0,35.3,11.4,1.1,4.7,16.2,93.7,93.2,6.3,6.8,164,13,10,28,40,15,21,130,128,49.1,34.0,57.4,46.9,35.9,22.0,40.8,30.3,'($1000 X INDEX)',F90,VOLATILITY/VARIANCE INDEX,OTHER FINANCIAL INSTRUMENTS,FINANCIAL INSTRUMENTS,FutOnly,-43283,9666,-12122,-17087,-693,744,80,-19797,190,-5518,-3942,-3922,-5801,-43092,-43436,-191,153,27,23,9,9,40,14
1212041170E1F,VIX FUTURES - CBOE FUTURES EXCHANGE,2012-12-04T00:00:00.000,2012 Report Week 49,VIX FUTURES,1170E1,E,CHI,117,VOLATILITY/VARIANCE INDEX,396131,124401,15358,43943,29686,19342,17138,31069,140915,48614,6172,12172,62718,363741,360200,32390,35931,100.0,31.4,3.9,11.1,7.5,4.9,4.3,7.8,35.6,12.3,1.6,3.1,15.8,91.8,90.9,8.2,9.1,168,12,10,32,38,20,27,138,132,43.8,34.6,53.3,47.0,32.1,24.0,36.8,30.8,'($1000 X INDEX)',F90,VOLATILITY/VARIANCE INDEX,OTHER FINANCIAL INSTRUMENTS,FINANCIAL INSTRUMENTS,FutOnly,21033,530,-4652,4133,-6131,-2857,2957,943,8518,5906,2028,-5452,2033,12399,10586,8634,10447,25,25,10,8,40,14
1212111170E1F,VIX FUTURES - CBOE FUTURES EXCHANGE,2012-12-11T00:00:00.000,2012 Report Week 50,VIX FUTURES,1170E1,E,CHI,117,VOLATILITY/VARIANCE INDEX,409743,119580,20883,46588,29338,18189,17618,38289,145173,47285,7652,6952,79702,386052,382390,23691,27353,100.0,29.2,5.1,11.4,7.2,4.4,4.3,9.3,35.4,11.5,1.9,1.7,19.5,94.2,93.3,5.8,6.7,178,12,9,33,41,17,28,142,142,45.0,37.1,54.6,48.9,30.3,23.8,35.0,31.2,'($1000 X INDEX)',F90,VOLATILITY/VARIANCE INDEX,OTHER FINANCIAL INSTRUMENTS,FINANCIAL INSTRUMENTS,FutOnly,13612,-4821,5525,2645,-348,-1153,480,7220,4258,-1329,1480,-5220,16984,22311,22190,-8699,-8578,26,24,10,8,45,19
1212181170E1F,VIX FUTURES - CBOE FUTURES EXCHANGE,2012-12-18T00:00:00.000,2012 Report Week 51,VIX FUTURES,1170E1,E,CHI,117,VOLATILITY/VARIANCE INDEX,398243,109702,25563,46264,24954,18482,16283,39757,131453,45887,9592,4899,79521,371960,368352,26283,29891,100.0,27.5,6.4,11.6,6.3,4.6,4.1,10.0,33.0,11.5,2.4,1.2,20.0,93.4,92.5,6.6,7.5,164,10,8,33,39,18,21,126,134,45.7,38.2,55.3,50.6,28.3,23.2,33.1,30.9,'($1000 X INDEX)',F90,VOLATILITY/VARIANCE INDEX,OTHER FINANCIAL INSTRUMENTS,FINANCIAL INSTRUMENTS,FutOnly,-11500,-9878,4680,-324,-4384,293,-1335,1468,-13720,-1398,1940,-2053,-181,-14092,-14038,2592,2538,21,23,13,7,44,14
1212241170E1F,VIX FUTURES - CBOE FUTURES EXCHANGE,2012-12-24T00:00:00.000,2012 Report Week 52,VIX FUTURES,1170E1,E,CHI,117,VOLATILITY/VARIANCE INDEX,330194,99835,25353,37808,28250,15170,13194,28639,122774,35913,14657,5703,52997,311293,308912,18901,21282,100.0,30.2,7.7,11.5,8.6,4.6,4.0,8.7,37.2,10.9,4.4,1.7,16.1,94.3,93.6,5.7,6.4,146,8,8,31,33,17,20,116,114,49.6,37.0,57.8,51.3,33.7,26.8,39.2,36.2,'($1000 X INDEX)',F90,VOLATILITY/VARIANCE INDEX,OTHER FINANCIAL INSTRUMENTS,FINANCIAL INSTRUMENTS,FutOnly,-68049,-9867,-210,-8456,3296,-3312,-3089,-11118,-8679,-9974,5065,804,-26524,-60667,-59440,-7382,-8609,17,19,11,8,37,13
1212311170E1F,VIX FUTURES - CBOE FUTURES EXCHANGE,2012-12-31T00:00:00.000,2012 Report Week 53,VIX FUTURES,1170E1,E,CHI,117,VOLATILITY/VARIANCE INDEX,326066,95442,29529,46423,22437,9260,14812,29845,115540,34028,11787,5291,50781,305555,305664,20511,20402,100.0,29.3,9.1,14.2,6.9,2.8,4.5,9.2,35.4,10.4,3.6,1.6,15.6,93.7,93.7,6.3,6.3,141,10,10,32,30,20,19,114,113,47.2,31.8,56.8,48.1,30.7,23.9,35.9,32.7,'($1000 X INDEX)',F90,VOLATILITY/VARIANCE INDEX,OTHER FINANCIAL INSTRUMENTS,FINANCIAL INSTRUMENTS,FutOnly,-4128,-4393,4176,8615,-5813,-5910,1618,1206,-7234,-1885,-2870,-412,-2216,-5738,-3248,1610,-880,14,20,13,7,37,8
1301081170E1F,VIX FUTURES - CBOE FUTURES EXCHANGE,2013-01-08T00:00:00.000,2013 Report Week 01,VIX FUTURES,1170E1,E,CHI,117,VOLATILITY/VARIANCE INDEX,410526,119869,29334,51962,33371,14552,15468,45141,155752,42912,13107,13280,60804,382634,384064,27892,26462,100.0,29.2,7.1,12.7,8.1,3.5,3.8,11.0,37.9,10.5,3.2,3.2,14.8,93.2,93.6,6.8,6.4,166,8,10,35,40,21,18,133,125,43.6,31.2,52.3,45.4,29.0,21.2,35.2,31.3,'($1000 X INDEX)',F90,VOLATILITY/VARIANCE INDEX,OTHER FINANCIAL INSTRUMENTS,FINANCIAL INSTRUMENTS,FutOnly,84460,24427,-195,5539,10934,5292,656,15296,40212,8884,1320,7989,10023,77079,78400,7381,6060,20,24,12,8,40,13
1301151170E1F,VIX FUTURES - CBOE FUTURES EXCHANGE,2013-01-15T00:00:00.000,2013 Report Week 02,VIX FUTURES,1170E1,E,CHI,117,VOLATILITY/VARIANCE INDEX,462170,119503,30627,62147,40524,17596,15764,61137,172415,48741,14528,15683,70330,432674,433303,29496,28867,100.0,25.9,6.6,13.4,8.8,3.8,3.4,13.2,37.3,10.5,3.1,3.4,15.2,93.6,93.8,6.4,6.2,191,8,11,41,48,24,25,150,151,40.5,31.3,49.5,45.1,26.1,21.1,31.6,30.7,'($1000 X INDEX)',F90,VOLATILITY/VARIANCE INDEX,OTHER FINANCIAL INSTRUMENTS,FINANCIAL INSTRUMENTS,FutOnly,51644,-366,1293,10185,7153,3044,296,15996,16663,5829,1421,2403,9526,50040,49239,1604,2405,22,24,10,9,50,18
1301221170E1F,VIX FUTURES - CBOE FUTURES EXCHANGE,2013-01-22T00:00:00.000,2013 Report Week 03,VIX FUTURES,1170E1,E,CHI,117,VOLATILITY/VARIANCE INDEX,425350,106853,18062,53816,43260,17897,13777,67669,176024,35530,9675,12580,63347,393927,391033,31423,34317,100.0,25.1,4.2,12.7,10.2,4.2,3.2,15.9,41.4,8.4,2.3,3.0,14.9,92.6,91.9,7.4,8.1,189,9,12,49,43,21,25,151,145,40.2,31.5,49.9,46.1,26.9,22.5,33.1,33.1,'($1000 X INDEX)',F90,VOLATILITY/VARIANCE INDEX,OTHER FINANCIAL INSTRUMENTS,FINANCIAL INSTRUMENTS,FutOnly,-36820,-12650,-12565,-8331,2736,301,-1987,6532,3609,-13211,-4853,-3103,-6983,-38747,-42270,1927,5450,20,21,11,8,49,15
1301291170E1F,VIX FUTURES - CBOE FUTURES EXCHANGE,2013-01-29T00:00:00.000,2013 Report Week 04,VIX FUTURES,1170E1,E,CHI,117,VOLATILITY/VARIANCE INDEX,424170,111562,21008,54541,38659,15895,14679,60416,173412,41319,10423,13411,61820,393419,396085,30751,28085,100.0,26.3,5.0,12.9,9.1,3.7,3.5,14.2,40.9,9.7,2.5,3.2,14.6,92.8,93.4,7.2,6.6,188,9,10,47,41,23,26,150,145,39.7,33.0,50.0,46.3,28.9,24.8,33.6,34.3,'($1000 X INDEX)',F90,VOLATILITY/VARIANCE INDEX,OTHER FINANCIAL INSTRUMENTS,FINANCIAL INSTRUMENTS,FutOnly,-1180,4709,2946,725,-4601,-2002,902,-7253,-2612,5789,748,831,-1527,-508,5052,-672,-6232,20,22,10,8,49,16
1302051170E1F,VIX FUTURES - CBOE FUTURES EXCHANGE,2013-02-05T00:00:00.000,2013 Report Week 05,VIX FUTURES,1170E1,E,CHI,117,VOLATILITY/VARIANCE INDEX,429820,109796,21779,51937,39867,15055,13491,54159,169286,53116,8428,8580,69268,400062,402512,29758,27308,100.0,25.5,5.1,12.1,9.3,3.5,3.1,12.6,39.4,12.4,2.0,2.0,16.1,93.1,93.6,6.9,6.4,176,8,7,34,50,17,24,140,142,41.0,33.5,52.2,46.5,28.8,22.8,33.9,31.9,'($1000 X INDEX)',F90,VOLATILITY/VARIANCE INDEX,OTHER FINANCIAL INSTRUMENTS,FINANCIAL INSTRUMENTS,FutOnly,5650,-1766,771,-2604,1208,-840,-1188,-6257,-4126,11797,-1995,-4831,7448,6643,6427,-993,-777,17,23,12,9,52,19
1302121170E1F,VIX FUTURES - CBOE FUTURES EXCHANGE,2013-02-12T00:00:00.000,2013 Report Week 06,VIX FUTURES,1170E1,E,CHI,117,VOLATILITY/VARIANCE INDEX,445319,105877,21662,53956,41750,16695,11910,59968,167672,52362,8529,13399,73855,408207,411511,37112,33808,100.0,23.8,4.9,12.1,9.4,3.7,2.7,13.5,37.7,11.8,1.9,3.0,16.6,91.7,92.4,8.3,7.6,175,11,9,35,48,19,24,132,144,40.1,33.7,52.1,45.7,27.8,21.7,33.0,29.6,'($1000 X INDEX)',F90,VOLATILITY/VARIANCE INDEX,OTHER FINANCIAL INSTRUMENTS,FINANCIAL INSTRUMENTS,FutOnly,15499,-3919,-117,2019,1883,1640,-1581,5809,-1614,-754,101,4819,4587,8145,8999,7354,6500,15,22,10,7,46,18
1302191170E1F,VIX FUTURES - CBOE FUTURES EXCHANGE,2013-02-19T00:00:00.000,2013 Report Week 07,VIX FUTURES,1170E1,E,CHI,117,VOLATILITY/VARIANCE INDEX,425770,114354,27832,37727,52905,17809,11752,59780,183514,41014,8589,10327,67579,393700,397554,32070,28216,100.0,26.9,6.5,8.9,12.4,4.2,2.8,14.0,43.1,9.6,2.0,2.4,15.9,92.5,93.4,7.5,6.6,174,10,9,36,47,25,24,135,134,43.7,35.2,54.9,49.2,33.6,25.6,39.2,35.2,'($1000 X INDEX)',F90,VOLATILITY/VARIANCE INDEX,OTHER FINANCIAL INSTRUMENTS,FINANCIAL INSTRUMENTS,FutOnly,-19549,8477,6170,-16229,11155,1114,-158,-188,15842,-11348,60,-3072,-6276,-14507,-13957,-5042,-5592,17,17,11,8,45,11
1302261170E1F,VIX FUTURES - CBOE FUTURES EXCHANGE,2013-02-26T00:00:00.000,2013 Report Week 08,VIX FUTURES,1170E1,E,CHI,117,VOLATILITY/VARIANCE INDEX,409106,125179,35691,41248,48623,15212,12103,46681,176017,48113,8619,2658,48011,378577,379053,30529,30053,100.0,30.6,8.7,10.1,11.9,3.7,3.0,11.4,43.0,11.8,2.1,0.6,11.7,92.5,92.7,7.5,7.3,158,9,8,31,49,16,18,129,125,41.9,30.6,53.7,43.2,35.3,26.6,40.9,35.3,'($1000 X INDEX)',F90,VOLATILITY/VARIANCE INDEX,OTHER FINANCIAL INSTRUMENTS,FINANCIAL INSTRUMENTS,FutOnly,-16664,10825,7859,3521,-4282,-2597,351,-13099,-7497,7099,30,-7669,-19568,-15123,-18501,-1541,1837,16,20,10,9,50,8
1303051170E1F,VIX FUTURES - CBOE FUTURES EXCHANGE,2013-03-05T00:00:00.000,2013 Report Week 09,VIX FUTURES,1170E1,E,CHI,117,VOLATILITY/VARIANCE INDEX,413877,124942,45623,34935,52485,14086,13009,58143,175152,39609,6618,5399,57729,387470,385542,26407,28335,100.0,30.2,11.0,8.4,12.7,3.4,3.1,14.0,42.3,9.6,1.6,1.3,13.9,93.6,93.2,6.4,6.8,167,9,9,32,50,19,20,133,131,43.0,31.3,54.8,44.8,35.8,24.0,41.7,33.8,'($1000 X INDEX)',F90,VOLATILITY/VARIANCE INDEX,OTHER FINANCIAL INSTRUMENTS,FINANCIAL INSTRUMENTS,FutOnly,4771,-237,9932,-6313,3862,-1126,906,11462,-865,-8504,-2001,2741,9718,8893,6489,-4122,-1718,20,19,9,9,49,10
1303121170E1F,VIX FUTURES - CBOE FUTURES EXCHANGE,2013-03-12T00:00:00.000,2013 Report Week 10,VIX FUTURES,1170E1,E,CHI,117,VOLATILITY/VARIANCE INDEX,434750,122108,51245,39787,60570,16145,15874,67395,176551,44995,6289,10821,64516,421534,419934,13216,14816,100.0,28.1,11.8,9.2,13.9,3.7,3.7,15.5,40.6,10.3,1.4,2.5,14.8,97.0,96.6,3.0,3.4,180,10,12,32,51,21,23,143,146,43.8,30.6,56.2,45.0,35.5,22.0,42.3,32.9,'($1000 X INDEX)',F90,VOLATILITY/VARIANCE INDEX,OTHER FINANCIAL INSTRUMENTS,FINANCIAL INSTRUMENTS,FutOnly,20873,-2834,5622,4852,8085,2059,2865,9252,1399,5386,-329,5422,6787,34064,34392,-13191,-13519,20,24,11,8,50,18
1303191170E1F,VIX FUTURES - CBOE FUTURES EXCHANGE,2013-03-19T00:00:00.000,2013 Report Week 11,VIX FUTURES,1170E1,E,CHI,117,VOLATILITY/VARIANCE INDEX,463432,124046,57793,46819,59368,16005,12758,63145,164029,54448,6430,11925,64902,431916,428679,31516,34753,100.0,26.8,12.5,10.1,12.8,3.5,2.8,13.6,35.4,11.7,1.4,2.6,14.0,93.2,92.5,6.8,7.5,182,9,8,34,51,18,22,141,145,43.0,29.9,55.0,42.6,33.4,20.9,39.7,29.4,'($1000 X INDEX)',F90,VOLATILITY/VARIANCE INDEX,OTHER FINANCIAL INSTRUMENTS,FINANCIAL INSTRUMENTS,FutOnly,28682,1938,6548,7032,-1202,-140,-3116,-4250,-12522,9453,141,1104,386,10382,8745,18300,19937,22,23,11,8,51,21
1303261170E1F,VIX FUTURES - CBOE FUTURES EXCHANGE,2013-03-26T00:00:00.000,2013 Report Week 12,VIX FUTURES,1170E1,E,CHI,117,VOLATILITY/VARIANCE INDEX,409747,105544,41309,35628,67185,15080,14414,61509,163934,39642,5867,15883,53570,383359,379460,26388,30287,100.0,25.8,10.1,8.7,16.4,3.7,3.5,15.0,40.0,9.7,1.4,3.9,13.1,93.6,92.6,6.4,7.4,172,7,11,36,43,17,24,136,134,44.6,31.8,55.6,44.5,36.2,24.0,42.7,33.1,'($1000 X INDEX)',F90,VOLATILITY/VARIANCE INDEX,OTHER FINANCIAL INSTRUMENTS,FINANCIAL INSTRUMENTS,FutOnly,-53685,-18502,-16484,-11191,7817,-925,1656,-1636,-95,-14806,-563,3958,-11332,-48557,-49219,-5128,-4466,17,19,12,8,44,19
1304021170E1F,VIX FUTURES - CBOE FUTURES EXCHANGE,2013-04-02T00:00:00.000,2013 Report Week 13,VIX FUTURES,1170E1,E,CHI,117,VOLATILITY/VARIANCE INDEX,419124,109497,38912,40980,68783,15261,13732,60682,172207,37749,6712,15125,54593,392728,388559,26396,30565,100.0,26.1,9.3,9.8,16.4,3.6,3.3,14.5,41.1,9.0,1.6,3.6,13.0,93.7,92.7,6.3,7.3,174,6,11,35,44,16,26,141,134,43.3,30.3,55.3,43.5,36.0,23.5,42.6,32.6,'($1000 X INDEX)',F90,VOLATILITY/VARIANCE INDEX,OTHER FINANCIAL INSTRUMENTS,FINANCIAL INSTRUMENTS,FutOnly,9377,3953,-2397,5352,1598,181,-682,-827,8273,-1893,845,-758,1023,9369,9099,8,278,20,21,12,8,43,17
1304091170E1F,VIX FUTURES - CBOE FUTURES EXCHANGE,2013-04-09T00:00:00.000,2013 Report Week 14,VIX FUTURES,1170E1,E,CHI,117,VOLATILITY/VARIANCE INDEX,438715,115243,41864,47974,71206,16900,13427,56308,172953,39511,5420,13320,62162,411251,408111,27464,30604,100.0,26.3,9.5,10.9,16.2,3.9,3.1,12.8,39.4,9.0,1.2,3.0,14.2,93.7,93.0,6.3,7.0,176,8,13,33,48,16,25,142,143,45.3,31.4,57.8,44.1,36.6,21.8,43.9,31.0,'($1000 X INDEX)',F90,VOLATILITY/VARIANCE INDEX,OTHER FINANCIAL INSTRUMENTS,FINANCIAL INSTRUMENTS,FutOnly,19591,5746,2952,6994,2423,1639,-305,-4374,746,1762,-1292,-1805,7569,18523,19552,1068,39,16,24,18,7,47,15
1304161170E1F,VIX FUTURES - CBOE FUTURES EXCHANGE,2013-04-16T00:00:00.000,2013 Report Week 15,VIX FUTURES,1170E1,E,CHI,117,VOLATILITY/VARIANCE INDEX,455094,123796,43765,60162,58132,17321,14971,51484,161788,39489,5684,12121,71671,425389,421288,29705,33806,100.0,27.2,9.6,13.2,12.8,3.8,3.3,11.3,35.6,8.7,1.2,2.7,15.7,93.5,92.6,6.5,7.4,178,11,12,32,51,17,22,145,146,46.5,30.4,58.7,44.2,34.3,20.8,41.6,29.2,'($1000 X INDEX)',F90,VOLATILITY/VARIANCE INDEX,OTHER FINANCIAL INSTRUMENTS,FINANCIAL INSTRUMENTS,FutOnly,16379,8553,1901,12188,-13074,421,1544,-4824,-11165,-22,264,-1199,9509,14138,13177,2241,3202,23,26,13,7,53,15
1304231170E1F,VIX FUTURES - CBOE FUTURES EXCHANGE,2013-04-23T00:00:00.000,2013 Report Week 16,VIX FUTURES,1170E1,E,CHI,117,VOLATILITY/VARIANCE INDEX,381591,104082,43832,36507,47647,18020,15763,45518,130320,41676,5757,8304,60684,357634,355106,23957,26485,100.0,27.3,11.5,9.6,12.5,4.7,4.1,11.9,34.2,10.9,1.5,2.2,15.9,93.7,93.1,6.3,6.9,161,12,10,24,46,22,26,129,135,45.9,31.6,56.9,46.2,34.5,22.2,40.7,31.1,'($1000 X INDEX)',F90,VOLATILITY/VARIANCE INDEX,OTHER FINANCIAL INSTRUMENTS,FINANCIAL INSTRUMENTS,FutOnly,-73503,-19714,67,-23655,-10485,699,792,-5966,-31468,2187,73,-3817,-10987,-67755,-66182,-5748,-7321,21,22,12,5,45,8
1304301170E1F,VIX FUTURES - CBOE FUTURES EXCHANGE,2013-04-30T00:00:00.000,2013 Report Week 17,VIX FUTURES,1170E1,E,CHI,117,VOLATILITY/VARIANCE INDEX,388083,104425,40838,35314,54136,16172,15216,41047,136501,55890,7269,9202,50189,363486,359322,24597,28761,100.0,26.9,10.5,9.1,13.9,4.2,3.9,10.6,35.2,14.4,1.9,2.4,12.9,93.7,92.6,6.3,7.4,165,11,10,27,46,21,24,134,140,42.9,30.2,56.4,44.1,35.3,21.5,41.5,30.3,'($1000 X INDEX)',F90,VOLATILITY/VARIANCE INDEX,OTHER FINANCIAL INSTRUMENTS,FINANCIAL INSTRUMENTS,FutOnly,6492,343,-2994,-1193,6489,-1848,-547,-4471,6181,14214,1512,898,-10495,5852,4216,640,2276,21,25,10,5,50,13
1305071170E1F,VIX FUTURES - CBOE FUTURES EXCHANGE,2013-05-07T00:00:00.000,2013 Report Week 18,VIX FUTURES,1170E1,E,CHI,117,VOLATILITY/VARIANCE INDEX,405092,100705,40693,35297,64672,15595,14759,45114,147557,63593,7898,11673,47164,379202,376331,25890,28761,100.0,24.9,10.0,8.7,16.0,3.8,3.6,11.1,36.4,15.7,1.9,2.9,11.6,93.6,92.9,6.4,7.1,168,9,9,29,48,20,23,129,141,41.8,29.2,56.8,41.6,34.8,19.8,41.3,28.1,'($1000 X INDEX)',F90,VOLATILITY/VARIANCE INDEX,OTHER FINANCIAL INSTRUMENTS,FINANCIAL INSTRUMENTS,FutOnly,17009,-3720,-145,-17,10536,-577,-457,4067,11056,7703,629,2471,-3025,15716,17009,1293,0,20,24,12,6,46,13
1305141170E1F,VIX FUTURES - CBOE FUTURES EXCHANGE,2013-05-14T00:00:00.000,2013 Report Week 19,VIX FUTURES,1170E1,E,CHI,117,VOLATILITY/VARIANCE INDEX,420043,95085,37650,42758,67023,17177,14796,43478,138589,69400,6152,13180,54368,393060,387918,26983,32125,100.0,22.6,9.0,10.2,16.0,4.1,3.5,10.4,33.0,16.5,1.5,3.1,12.9,93.6,92.4,6.4,7.6,173,10,10,30,52,15,23,132,142,41.2,26.8,55.7,39.0,33.5,17.3,39.0,24.0,'($1000 X INDEX)',F90,VOLATILITY/VARIANCE INDEX,OTHER FINANCIAL INSTRUMENTS,FINANCIAL INSTRUMENTS,FutOnly,14951,-5620,-3043,7461,2351,1582,37,-1636,-8968,5807,-1746,1507,7204,13858,11587,1093,3364,18,23,14,6,45,15
1305211170E1F,VIX FUTURES - CBOE FUTURES EXCHANGE,2013-05-21T00:00:00.000,2013 Report Week 20,VIX FUTURES,1170E1,E,CHI,117,VOLATILITY/VARIANCE INDEX,434988,91180,33064,49015,64341,17924,11021,43562,134234,78692,5840,14616,61169,404820,399735,30168,35253,100.0,21.0,7.6,11.3,14.8,4.1,2.5,10.0,30.9,18.1,1.3,3.4,14.1,93.1,91.9,6.9,8.1,188,10,9,33,58,19,26,141,161,39.9,28.3,53.6,38.6,30.5,15.0,36.6,20.5,'($1000 X INDEX)',F90,VOLATILITY/VARIANCE INDEX,OTHER FINANCIAL INSTRUMENTS,FINANCIAL INSTRUMENTS,FutOnly,14945,-3905,-4586,6257,-2682,747,-3775,84,-4355,9292,-312,1436,6801,11760,11817,3185,3128,18,24,16,6,55,16
1305281170E1F,VIX FUTURES - CBOE FUTURES EXCHANGE,2013-05-28T00:00:00.000,2013 Report Week 21,VIX FUTURES,1170E1,E,CHI,117,VOLATILITY/VARIANCE INDEX,389387,81690,23153,41619,63636,17638,10315,36027,127101,70346,6227,17801,47057,356917,355030,32470,34357,100.0,21.0,5.9,10.7,16.3,4.5,2.6,9.3,32.6,18.1,1.6,4.6,12.1,91.7,91.2,8.3,8.8,164,8,9,28,49,15,20,119,138,43.2,30.7,54.8,41.0,32.4,17.7,37.5,23.9,'($1000 X INDEX)',F90,VOLATILITY/VARIANCE INDEX,OTHER FINANCIAL INSTRUMENTS,FINANCIAL INSTRUMENTS,FutOnly,-45601,-9490,-9911,-7396,-705,-286,-706,-7535,-7133,-8346,387,3185,-14112,-47903,-44705,2302,-896,18,21,12,7,43,18
1306041170E1F,VIX FUTURES - CBOE FUTURES EXCHANGE,2013-06-04T00:00:00.000,2013 Report Week 22,VIX FUTURES,1170E1,E,CHI,117,VOLATILITY/VARIANCE INDEX,372793,84725,15794,39604,54584,21066,12593,32109,133768,65546,5518,13418,40661,335340,342450,37453,30343,100.0,22.7,4.2,10.6,14.6,5.7,3.4,8.6,35.9,17.6,1.5,3.6,10.9,90.0,91.9,10.0,8.1,167,12,10,32,45,15,22,126,140,40.7,29.5,52.3,40.5,32.4,20.3,36.3,27.1,'($1000 X INDEX)',F90,VOLATILITY/VARIANCE INDEX,OTHER FINANCIAL INSTRUMENTS,FINANCIAL INSTRUMENTS,FutOnly,-16594,3035,-7359,-2015,-9052,3428,2278,-3918,6667,-4800,-709,-4383,-6396,-21577,-12580,4983,-4014,19,21,11,6,46,18
1306111170E1F,VIX FUTURES - CBOE FUTURES EXCHANGE,2013-06-11T00:00:00.000,2013 Report Week 23,VIX FUTURES,1170E1,E,CHI,117,VOLATILITY/VARIANCE INDEX,367802,86893,19192,36369,47692,21025,14762,31437,123251,61571,4595,11350,47747,331066,335267,36736,32535,100.0,23.6,5.2,9.9,13.0,5.7,4.0,8.5,33.5,16.7,1.2,3.1,13.0,90.0,91.2,10.0,8.8,167,11,11,24,53,15,22,134,140,40.6,26.9,51.5,38.7,30.0,17.0,34.7,23.0,'($1000 X INDEX)',F90,VOLATILITY/VARIANCE INDEX,OTHER FINANCIAL INSTRUMENTS,FINANCIAL INSTRUMENTS,FutOnly,-4991,2168,3398,-3235,-6892,-41,2169,-672,-10517,-3975,-923,-2068,7086,-4274,-7183,-717,2192,20,24,10,7,50,17
1306181170E1F,VIX FUTURES - CBOE FUTURES EXCHANGE,2013-06-18T00:00:00.000,2013 Report Week 24,VIX FUTURES,1170E1,E,CHI,117,VOLATILITY/VARIANCE INDEX,367704,71730,27665,47158,42235,17088,15190,36355,100668,60910,4380,12171,54331,332289,335181,35415,32523,100.0,19.5,7.5,12.8,11.5,4.6,4.1,9.9,27.4,16.6,1.2,3.3,14.8,90.4,91.2,9.6,8.8,172,12,12,30,53,13,21,134,139,39.9,24.3,51.1,37.3,26.8,11.2,31.3,17.3,'($1000 X INDEX)',F90,VOLATILITY/VARIANCE INDEX,OTHER FINANCIAL INSTRUMENTS,FINANCIAL INSTRUMENTS,FutOnly,-98,-15163,8473,10789,-5457,-3937,428,4918,-22583,-661,-215,821,6584,1223,-86,-1321,-12,18,22,14,7,46,17
1306251170E1F,VIX FUTURES - CBOE FUTURES EXCHANGE,2013-06-25T00:00:00.000,2013 Report Week 25,VIX FUTURES,1170E1,E,CHI,117,VOLATILITY/VARIANCE INDEX,293710,60716,29810,28121,35624,14284,13909,26795,76599,53956,2452,10505,38295,259868,265479,33842,28231,100.0,20.7,10.1,9.6,12.1,4.9,4.7,9.1,26.1,18.4,0.8,3.6,13.0,88.5,90.4,11.5,9.6,156,12,11,30,45,10,19,122,127,39.3,25.8,49.7,37.5,25.7,13.9,30.6,20.9,'($1000 X INDEX)',F90,VOLATILITY/VARIANCE INDEX,OTHER FINANCIAL INSTRUMENTS,FINANCIAL INSTRUMENTS,FutOnly,-73994,-11014,2145,-19037,-6611,-2804,-1281,-9560,-24069,-6954,-1928,-1666,-16036,-72421,-69702,-1573,-4292,18,18,14,7,45,12
1307021170E1F,VIX FUTURES - CBOE FUTURES EXCHANGE,2013-07-02T00:00:00.000,2013 Report Week 26,VIX FUTURES,1170E1,E,CHI,117,VOLATILITY/VARIANCE INDEX,301348,72420,25849,31451,46345,19967,10949,27265,91327,56097,3294,13993,30422,278243,280055,23105,21293,100.0,24.0,8.6,10.4,15.4,6.6,3.6,9.0,30.3,18.6,1.1,4.6,10.1,92.3,92.9,7.7,7.1,159,12,12,31,47,11,16,126,129,40.5,23.6,52.6,35.3,30.2,14.4,36.6,22.8,'($1000 X INDEX)',F90,VOLATILITY/VARIANCE INDEX,OTHER FINANCIAL INSTRUMENTS,FINANCIAL INSTRUMENTS,FutOnly,7638,11704,-3961,3330,10721,5683,-2960,470,14728,2141,842,3488,-7873,18375,14576,-10737,-6938,19,20,12,8,48,14
1307091170E1F,VIX FUTURES - CBOE FUTURES EXCHANGE,2013-07-09T00:00:00.000,2013 Report Week 27,VIX FUTURES,1170E1,E,CHI,117,VOLATILITY/VARIANCE INDEX,335927,82836,25244,38455,53507,21248,13384,36266,111297,43339,4264,17653,37460,309511,308080,26416,27847,100.0,24.7,7.5,11.4,15.9,6.3,4.0,10.8,33.1,12.9,1.3,5.3,11.2,92.1,91.7,7.9,8.3,161,13,10,27,49,11,20,127,136,41.8,23.0,53.5,34.3,33.2,15.3,38.8,24.6,'($1000 X INDEX)',F90,VOLATILITY/VARIANCE INDEX,OTHER FINANCIAL INSTRUMENTS,FINANCIAL INSTRUMENTS,FutOnly,34579,10416,-605,7004,7162,1281,2435,9001,19970,-12758,970,3660,7038,31268,28025,3311,6554,18,23,12,6,49,16
1307161170E1F,VIX FUTURES - CBOE FUTURES EXCHANGE,2013-07-16T00:00:00.000,2013 Report Week 28,VIX FUTURES,1170E1,E,CHI,117,VOLATILITY/VARIANCE INDEX,356401,88952,23255,49382,55635,22555,11461,32365,116007,48306,5230,16159,44428,335759,331553,20642,24848,100.0,25.0,6.5,13.9,15.6,6.3,3.2,9.1,32.5,13.6,1.5,4.5,12.5,94.2,93.0,5.8,7.0,166,13,10,28,51,10,19,126,144,42.0,24.8,54.2,37.1,29.3,16.0,35.2,25.4,'($1000 X INDEX)',F90,VOLATILITY/VARIANCE INDEX,OTHER FINANCIAL INSTRUMENTS,FINANCIAL INSTRUMENTS,FutOnly,20474,6116,-1989,10927,2128,1307,-1923,-3901,4710,4967,966,-1494,6968,26248,23473,-5774,-2999,23,24,8,8,51,19
1307231170E1F,VIX FUTURES - CBOE FUTURES EXCHANGE,2013-07-23T00:00:00.000,2013 Report Week 29,VIX FUTURES,1170E1,E,CHI,117,VOLATILITY/VARIANCE INDEX,359429,103543,13776,36134,57693,25081,11613,35751,143283,47160,6715,17565,40170,338779,334782,20650,24647,100.0,28.8,3.8,10.1,16.1,7.0,3.2,9.9,39.9,13.1,1.9,4.9,11.2,94.3,93.1,5.7,6.9,166,16,10,28,49,12,20,123,139,43.1,27.0,55.7,41.0,35.5,19.5,40.6,29.4,'($1000 X INDEX)',F90,VOLATILITY/VARIANCE INDEX,OTHER FINANCIAL INSTRUMENTS,FINANCIAL INSTRUMENTS,FutOnly,3028,14591,-9479,-13248,2058,2526,152,3386,27276,-1146,1485,1406,-4258,3020,3229,8,-201,21,18,8,6,48,18
1307301170E1F,VIX FUTURES - CBOE FUTURES EXCHANGE,2013-07-30T00:00:00.000,2013 Report Week 30,VIX FUTURES,1170E1,E,CHI,117,VOLATILITY/VARIANCE INDEX,362693,111439,14116,35279,53980,22798,11796,42075,156231,49593,3722,14741,33850,341734,338404,20959,24289,100.0,30.7,3.9,9.7,14.9,6.3,3.3,11.6,43.1,13.7,1.0,4.1,9.3,94.2,93.3,5.8,6.7,168,15,12,35,45,12,20,130,139,42.0,25.9,53.1,39.5,36.6,19.8,42.2,30.5,'($1000 X INDEX)',F90,VOLATILITY/VARIANCE INDEX,OTHER FINANCIAL INSTRUMENTS,FINANCIAL INSTRUMENTS,FutOnly,3264,7896,340,-855,-3713,-2283,183,6324,12948,2433,-2993,-2824,-6320,2955,3622,309,-358,22,19,8,5,50,19
1308061170E1F,VIX FUTURES - CBOE FUTURES EXCHANGE,2013-08-06T00:00:00.000,2013 Report Week 31,VIX FUTURES,1170E1,E,CHI,117,VOLATILITY/VARIANCE INDEX,402545,134649,7093,37236,53310,22938,12465,49965,196866,47424,3743,13872,39721,378513,377615,24032,24930,100.0,33.4,1.8,9.3,13.2,5.7,3.1,12.4,48.9,11.8,0.9,3.4,9.9,94.0,93.8,6.0,6.2,173,14,12,34,50,14,21,134,144,42.4,27.9,53.1,41.0,36.8,22.1,43.2,33.9,'($1000 X INDEX)',F90,VOLATILITY/VARIANCE INDEX,OTHER FINANCIAL INSTRUMENTS,FINANCIAL INSTRUMENTS,FutOnly,39852,23210,-7023,1957,-670,140,669,7890,40635,-2169,21,-869,5871,36779,39211,3073,641,24,22,7,6,50,17
1308131170E1F,VIX FUTURES - CBOE FUTURES EXCHANGE,2013-08-13T00:00:00.000,2013 Report Week 32,VIX FUTURES,1170E1,E,CHI,117,VOLATILITY/VARIANCE INDEX,441586,150593,6403,41009,49683,21123,12480,56027,224048,49114,6861,11350,48331,414098,413858,27488,27728,100.0,34.1,1.5,9.3,11.3,4.8,2.8,12.7,50.7,11.1,1.6,2.6,10.9,93.8,93.7,6.2,6.3,182,13,11,35,50,15,19,137,147,39.6,28.2,50.5,42.8,33.3,24.5,39.5,35.9,'($1000 X INDEX)',F90,VOLATILITY/VARIANCE INDEX,OTHER FINANCIAL INSTRUMENTS,FINANCIAL INSTRUMENTS,FutOnly,39041,15944,-690,3773,-3627,-1815,15,6062,27182,1690,3118,-2522,8610,35585,36243,3456,2798,24,23,9,7,49,20
1308201170E1F,VIX FUTURES - CBOE FUTURES EXCHANGE,2013-08-20T00:00:00.000,2013 Report Week 33,VIX FUTURES,1170E1,E,CHI,117,VOLATILITY/VARIANCE INDEX,444632,150131,6670,51235,51110,24812,11331,48239,214560,49456,6538,8026,51698,419738,417788,24894,26844,100.0,33.8,1.5,11.5,11.5,5.6,2.5,10.8,48.3,11.1,1.5,1.8,11.6,94.4,94.0,5.6,6.0,182,12,10,37,51,14,22,134,156,40.9,29.7,53.7,41.5,32.2,25.1,38.2,34.9,'($1000 X INDEX)',F90,VOLATILITY/VARIANCE INDEX,OTHER FINANCIAL INSTRUMENTS,FINANCIAL INSTRUMENTS,FutOnly,3046,-462,267,10226,1427,3689,-1149,-7788,-9488,342,-323,-3324,3367,5640,3930,-2594,-884,22,25,10,7,51,22
1308271170E1F,VIX FUTURES - CBOE FUTURES EXCHANGE,2013-08-27T00:00:00.000,2013 Report Week 34,VIX FUTURES,1170E1,E,CHI,117,VOLATILITY/VARIANCE INDEX,382955,139338,5901,33758,49103,22549,9631,32262,190330,50613,9116,8559,36177,359998,357518,22957,25437,100.0,36.4,1.5,8.8,12.8,5.9,2.5,8.4,49.7,13.2,2.4,2.2,9.4,94.0,93.4,6.0,6.6,164,14,10,33,41,18,19,123,133,41.6,31.6,53.7,42.1,36.3,26.4,43.1,34.6,'($1000 X INDEX)',F90,VOLATILITY/VARIANCE INDEX,OTHER FINANCIAL INSTRUMENTS,FINANCIAL INSTRUMENTS,FutOnly,-61677,-10793,-769,-17477,-2007,-2263,-1700,-15977,-24230,1157,2578,533,-15521,-59740,-60270,-1937,-1407,21,21,8,5,42,16
1309031170E1F,VIX FUTURES - CBOE FUTURES EXCHANGE,2013-09-03T00:00:00.000,2013 Report Week 35,VIX FUTURES,1170E1,E,CHI,117,VOLATILITY/VARIANCE INDEX,355427,133412,4432,38723,39425,17190,11060,30605,182053,40236,9350,8427,30147,332958,332268,22469,23159,100.0,37.5,1.2,10.9,11.1,4.8,3.1,8.6,51.2,11.3,2.6,2.4,8.5,93.7,93.5,6.3,6.5,161,13,11,30,41,18,17,121,132,40.5,30.9,53.3,42.3,35.7,29.1,43.1,37.7,'($1000 X INDEX)',F90,VOLATILITY/VARIANCE INDEX,OTHER FINANCIAL INSTRUMENTS,FINANCIAL INSTRUMENTS,FutOnly,-27528,-5926,-1469,4965,-9678,-5359,1429,-1657,-8277,-10377,234,-132,-6030,-27040,-25250,-488,-2278,24,21,6,5,43,14
1309101170E1F,VIX FUTURES - CBOE FUTURES EXCHANGE,2013-09-10T00:00:00.000,2013 Report Week 36,VIX FUTURES,1170E1,E,CHI,117,VOLATILITY/VARIANCE INDEX,384595,139068,11703,38709,46351,18494,11341,32213,181130,40797,5497,9183,46054,360030,357411,24565,27184,100.0,36.2,3.0,10.1,12.1,4.8,2.9,8.4,47.1,10.6,1.4,2.4,12.0,93.6,92.9,6.4,7.1,164,12,8,29,44,18,24,119,138,43.5,31.5,55.7,44.7,37.2,26.5,43.7,36.8,'($1000 X INDEX)',F90,VOLATILITY/VARIANCE INDEX,OTHER FINANCIAL INSTRUMENTS,FINANCIAL INSTRUMENTS,FutOnly,29168,5656,7271,-14,6926,1304,281,1608,-923,561,-3853,756,15907,27072,25143,2096,4025,20,20,11,5,41,17
1309171170E1F,VIX FUTURES - CBOE FUTURES EXCHANGE,2013-09-17T00:00:00.000,2013 Report Week 37,VIX FUTURES,1170E1,E,CHI,117,VOLATILITY/VARIANCE INDEX,427065,138374,8593,67810,49320,20728,12883,30885,181538,43827,5681,9950,52366,401146,397695,25919,29370,100.0,32.4,2.0,15.9,11.5,4.9,3.0,7.2,42.5,10.3,1.3,2.3,12.3,93.9,93.1,6.1,6.9,166,11,9,34,47,13,18,121,138,47.1,28.4,60.3,42.8,34.2,22.6,39.5,31.8,'($1000 X INDEX)',F90,VOLATILITY/VARIANCE INDEX,OTHER FINANCIAL INSTRUMENTS,FINANCIAL INSTRUMENTS,FutOnly,42470,-694,-3110,29101,2969,2234,1542,-1328,408,3030,184,767,6312,41116,40284,1354,2186,19,22,10,6,44,19
1309241170E1F,VIX FUTURES - CBOE FUTURES EXCHANGE,2013-09-24T00:00:00.000,2013 Report Week 38,VIX FUTURES,1170E1,E,CHI,117,VOLATILITY/VARIANCE INDEX,368232,116485,12574,36941,53642,19596,12634,33327,163413,37361,6480,11134,47781,344651,341434,23581,26798,100.0,31.6,3.4,10.0,14.6,5.3,3.4,9.1,44.4,10.1,1.8,3.0,13.0,93.6,92.7,6.4,7.3,162,10,8,31,43,18,21,117,132,48.7,28.0,57.9,43.0,38.3,23.0,43.1,34.7,'($1000 X INDEX)',F90,VOLATILITY/VARIANCE INDEX,OTHER FINANCIAL INSTRUMENTS,FINANCIAL INSTRUMENTS,FutOnly,-58833,-21889,3981,-30869,4322,-1132,-249,2442,-18125,-6466,799,1184,-4585,-56495,-56261,-2338,-2572,21,21,7,6,37,20
1310011170E1F,VIX FUTURES - CBOE FUTURES EXCHANGE,2013-10-01T00:00:00.000,2013 Report Week 39,VIX FUTURES,1170E1,E,CHI,117,VOLATILITY/VARIANCE INDEX,356219,111104,10091,39971,44746,20953,14683,28445,149172,46422,8024,9902,38443,331838,329637,24381,26582,100.0,31.2,2.8,11.2,12.6,5.9,4.1,8.0,41.9,13.0,2.3,2.8,10.8,93.2,92.5,6.8,7.5,161,11,9,27,44,19,22,119,135,44.0,27.0,54.0,41.8,36.7,25.1,40.8,34.4,'($1000 X INDEX)',F90,VOLATILITY/VARIANCE INDEX,OTHER FINANCIAL INSTRUMENTS,FINANCIAL INSTRUMENTS,FutOnly,-12013,-5381,-2483,3030,-8896,1357,2049,-4882,-14241,9061,1544,-1232,-9338,-12813,-11797,800,-216,20,21,6,7,41,20
1310081170E1F,VIX FUTURES - CBOE FUTURES EXCHANGE,2013-10-08T00:00:00.000,2013 Report Week 40,VIX FUTURES,1170E1,E,CHI,117,VOLATILITY/VARIANCE INDEX,376488,106414,23624,45541,38555,13615,16033,34474,141110,60592,10729,8506,39114,351452,348135,25036,28353,100.0,28.3,6.3,12.1,10.2,3.6,4.3,9.2,37.5,16.1,2.8,2.3,10.4,93.4,92.5,6.6,7.5,170,13,12,36,39,20,21,140,139,38.4,23.9,49.3,35.7,29.6,19.9,35.3,27.2,'($1000 X INDEX)',F90,VOLATILITY/VARIANCE INDEX,OTHER FINANCIAL INSTRUMENTS,FINANCIAL INSTRUMENTS,FutOnly,20269,-4690,13533,5570,-6191,-7338,1350,6029,-8062,14170,2705,-1396,671,19614,18498,655,1771,19,24,10,8,52,14
1310151170E1F,VIX FUTURES - CBOE FUTURES EXCHANGE,2013-10-15T00:00:00.000,2013 Report Week 41,VIX FUTURES,1170E1,E,CHI,117,VOLATILITY/VARIANCE INDEX,362200,111381,29525,45270,33935,15096,13596,22858,118916,55852,7426,9287,50031,340349,337573,21851,24627,100.0,30.8,8.2,12.5,9.4,4.2,3.8,6.3,32.8,15.4,2.1,2.6,13.8,94.0,93.2,6.0,6.8,158,12,10,30,45,13,17,127,135,42.4,25.1,56.1,36.0,30.6,16.0,37.6,23.2,'($1000 X INDEX)',F90,VOLATILITY/VARIANCE INDEX,OTHER FINANCIAL INSTRUMENTS,FINANCIAL INSTRUMENTS,FutOnly,-14288,4967,5901,-271,-4620,1481,-2437,-11616,-22194,-4740,-3303,781,10917,-11103,-10562,-3185,-3726,16,26,16,5,51,13
1310221170E1F,VIX FUTURES - CBOE FUTURES EXCHANGE,2013-10-22T00:00:00.000,2013 Report Week 42,VIX FUTURES,1170E1,E,CHI,117,VOLATILITY/VARIANCE INDEX,350915,93665,35309,38669,42327,17356,17196,41081,107699,48840,2231,13184,47021,331030,325274,19885,25641,100.0,26.7,10.1,11.0,12.1,4.9,4.9,11.7,30.7,13.9,0.6,3.8,13.4,94.3,92.7,5.7,7.3,173,12,10,33,45,10,16,131,142,43.3,29.5,54.8,42.5,31.3,21.1,38.1,29.1,'($1000 X INDEX)',F90,VOLATILITY/VARIANCE INDEX,OTHER FINANCIAL INSTRUMENTS,FINANCIAL INSTRUMENTS,FutOnly,-11285,-17716,5784,-6601,8392,2260,3600,18223,-11217,-7012,-5195,3897,-3010,-9319,-12299,-1966,1014,21,24,11,10,50,22
1310291170E1F,VIX FUTURES - CBOE FUTURES EXCHANGE,2013-10-29T00:00:00.000,2013 Report Week 43,VIX FUTURES,1170E1,E,CHI,117,VOLATILITY/VARIANCE INDEX,362490,92614,34627,39934,55452,19589,16295,42189,122266,49839,3709,12383,41013,341045,335946,21445,26544,100.0,25.5,9.6,11.0,15.3,5.4,4.5,11.6,33.7,13.7,1.0,3.4,11.3,94.1,92.7,5.9,7.3,182,12,10,31,49,14,23,133,153,43.2,26.7,53.5,39.3,33.8,20.7,40.5,29.5,'($1000 X INDEX)',F90,VOLATILITY/VARIANCE INDEX,OTHER FINANCIAL INSTRUMENTS,FINANCIAL INSTRUMENTS,FutOnly,11575,-1051,-682,1265,13125,2233,-901,1108,14567,999,1478,-801,-6008,10015,10672,1560,903,20,24,11,9,47,24
1311051170E1F,VIX FUTURES - CBOE FUTURES EXCHANGE,2013-11-05T00:00:00.000,2013 Report Week 44,VIX FUTURES,1170E1,E,CHI,117,VOLATILITY/VARIANCE INDEX,389521,86874,36445,42240,64485,20887,16043,53525,136711,55773,5361,13800,42538,366839,364437,22682,25084,100.0,22.3,9.4,10.8,16.6,5.4,4.1,13.7,35.1,14.3,1.4,3.5,10.9,94.2,93.6,5.8,6.4,180,12,11,35,46,14,24,132,151,40.1,24.9,51.3,37.7,33.0,20.3,39.4,29.5,'($1000 X INDEX)',F90,VOLATILITY/VARIANCE INDEX,OTHER FINANCIAL INSTRUMENTS,FINANCIAL INSTRUMENTS,FutOnly,27031,-5740,1818,2306,9033,1298,-252,11336,14445,5934,1652,1417,1525,25794,28491,1237,-1460,15,21,13,10,47,22
1311121170E1F,VIX FUTURES - CBOE FUTURES EXCHANGE,2013-11-12T00:00:00.000,2013 Report Week 45,VIX FUTURES,1170E1,E,CHI,117,VOLATILITY/VARIANCE INDEX,407724,86294,34774,42383,66269,22631,17097,53271,134767,62120,5500,15111,51692,384626,380575,23098,27149,100.0,21.2,8.5,10.4,16.3,5.6,4.2,13.1,33.1,15.2,1.3,3.7,12.7,94.3,93.3,5.7,6.7,180,13,12,35,44,15,26,138,146,39.0,25.1,49.1,37.6,30.6,18.3,36.0,27.2,'($1000 X INDEX)',F90,VOLATILITY/VARIANCE INDEX,OTHER FINANCIAL INSTRUMENTS,FINANCIAL INSTRUMENTS,FutOnly,18203,-580,-1671,143,1784,1744,1054,-254,-1944,6347,139,1311,9154,17787,16138,416,2065,16,21,12,11,45,22
1311191170E1F,VIX FUTURES - CBOE FUTURES EXCHANGE,2013-11-19T00:00:00.000,2013 Report Week 46,VIX FUTURES,1170E1,E,CHI,117,VOLATILITY/VARIANCE INDEX,439641,93011,35668,51636,69310,23686,16676,64458,149716,56154,3988,17497,61207,416440,412240,23201,27401,100.0,21.2,8.1,11.7,15.8,5.4,3.8,14.7,34.1,12.8,0.9,4.0,13.9,94.7,93.8,5.3,6.2,192,12,12,35,52,14,28,147,162,38.3,26.1,48.8,37.6,28.9,18.4,36.0,26.0,'($1000 X INDEX)',F90,VOLATILITY/VARIANCE INDEX,OTHER FINANCIAL INSTRUMENTS,FINANCIAL INSTRUMENTS,FutOnly,31917,6717,894,9253,3041,1055,-421,11187,14949,-5966,-1512,2386,9515,31814,31665,103,252,19,26,12,9,51,23
1311261170E1F,VIX FUTURES - CBOE FUTURES EXCHANGE,2013-11-26T00:00:00.000,2013 Report Week 47,VIX FUTURES,1170E1,E,CHI,117,VOLATILITY/VARIANCE INDEX,413869,84859,21656,43214,63170,23581,21295,55768,145930,63458,2588,13848,56117,390469,389099,23400,24770,100.0,20.5,5.2,10.4,15.3,5.7,5.1,13.5,35.3,15.3,0.6,3.3,13.6,94.3,94.0,5.7,6.0,186,13,14,33,51,9,25,135,156,37.0,26.4,48.4,38.3,28.3,20.7,33.7,28.1,'($1000 X INDEX)',F90,VOLATILITY/VARIANCE INDEX,OTHER FINANCIAL INSTRUMENTS,FINANCIAL INSTRUMENTS,FutOnly,-25772,-8152,-14012,-8422,-6140,-105,4619,-8690,-3786,7304,-1400,-3649,-5090,-25971,-23141,199,-2631,22,22,10,10,44,21
1312031170E1F,VIX FUTURES - CBOE FUTURES EXCHANGE,2013-12-03T00:00:00.000,2013 Report Week 48,VIX FUTURES,1170E1,E,CHI,117,VOLATILITY/VARIANCE INDEX,381272,84494,20743,39933,59751,25856,21754,41427,133097,62739,5423,11088,41906,357427,357116,23845,24156,100.0,22.2,5.4,10.5,15.7,6.8,5.7,10.9,34.9,16.5,1.4,2.9,11.0,93.7,93.7,6.3,6.3,175,15,12,28,49,11,22,129,147,36.8,24.5,48.0,37.2,28.9,20.8,34.4,27.1,'($1000 X INDEX)',F90,VOLATILITY/VARIANCE INDEX,OTHER FINANCIAL INSTRUMENTS,FINANCIAL INSTRUMENTS,FutOnly,-32597,-365,-913,-3281,-3419,2275,459,-14341,-12833,-719,2835,-2760,-14211,-33042,-31983,445,-614,22,22,10,9,45,18
1312101170E1F,VIX FUTURES - CBOE FUTURES EXCHANGE,2013-12-10T00:00:00.000,2013 Report Week 49,VIX FUTURES,1170E1,E,CHI,117,VOLATILITY/VARIANCE INDEX,387342,90019,21904,36029,59269,23772,23828,51254,149711,50762,5134,9332,46967,363262,362305,24080,25037,100.0,23.2,5.7,9.3,15.3,6.1,6.2,13.2,38.7,13.1,1.3,2.4,12.1,93.8,93.5,6.2,6.5,171,12,13,32,45,8,20,128,140,37.4,25.9,47.8,38.8,27.3,21.5,33.6,31.2,'($1000 X INDEX)',F90,VOLATILITY/VARIANCE INDEX,OTHER FINANCIAL INSTRUMENTS,FINANCIAL INSTRUMENTS,FutOnly,6070,5525,1161,-3904,-482,-2084,2074,9827,16614,-11977,-289,-1756,5061,5835,5189,235,881,23,21,9,12,43,17
1312171170E1F,VIX FUTURES - CBOE FUTURES EXCHANGE,2013-12-17T00:00:00.000,2013 Report Week 50,VIX FUTURES,1170E1,E,CHI,117,VOLATILITY/VARIANCE INDEX,378966,77248,22128,47210,51120,22640,18435,38557,139768,64435,26345,7886,33483,356833,355985,22133,22981,100.0,20.4,5.8,12.5,13.5,6.0,4.9,10.2,36.9,17.0,7.0,2.1,8.8,94.2,93.9,5.8,6.1,167,11,9,28,49,10,19,126,138,37.3,21.7,49.2,33.2,27.8,19.9,33.7,28.9,'($1000 X INDEX)',F90,VOLATILITY/VARIANCE INDEX,OTHER FINANCIAL INSTRUMENTS,FINANCIAL INSTRUMENTS,FutOnly,-8376,-12771,224,11181,-8149,-1132,-5393,-12697,-9943,13673,21211,-1446,-13484,-6429,-6320,-1947,-2056,21,23,12,9,46,15
1312241170E1F,VIX FUTURES - CBOE FUTURES EXCHANGE,2013-12-24T00:00:00.000,2013 Report Week 51,VIX FUTURES,1170E1,E,CHI,117,VOLATILITY/VARIANCE INDEX,354273,71981,31123,36637,47969,23884,18735,55618,130583,46200,18104,4905,39858,335102,331925,19171,22348,100.0,20.3,8.8,10.3,13.5,6.7,5.3,15.7,36.9,13.0,5.1,1.4,11.3,94.6,93.7,5.4,6.3,163,14,11,28,43,13,17,116,139,37.3,25.5,50.1,38.1,24.2,21.5,33.1,32.2,'($1000 X INDEX)',F90,VOLATILITY/VARIANCE INDEX,OTHER FINANCIAL INSTRUMENTS,FINANCIAL INSTRUMENTS,FutOnly,-24693,-5267,8995,-10573,-3151,1244,300,17061,-9185,-18235,-8241,-2981,6375,-21731,-24060,-2962,-633,23,24,10,9,40,9
1312311170E1F,VIX FUTURES - CBOE FUTURES EXCHANGE,2013-12-31T00:00:00.000,2013 Report Week 52,VIX FUTURES,1170E1,E,CHI,117,VOLATILITY/VARIANCE INDEX,349696,73819,28233,35629,51525,24528,16761,57256,131803,45065,12619,7008,37758,330432,326785,19264,22911,100.0,21.1,8.1,10.2,14.7,7.0,4.8,16.4,37.7,12.9,3.6,2.0,10.8,94.5,93.4,5.5,6.6,155,13,11,29,33,14,20,115,125,36.4,25.5,47.6,39.5,25.6,22.2,32.2,34.1,'($1000 X INDEX)',F90,VOLATILITY/VARIANCE INDEX,OTHER FINANCIAL INSTRUMENTS,FINANCIAL INSTRUMENTS,FutOnly,-4577,1838,-2890,-1008,3556,644,-1974,1638,1220,-1135,-5485,2103,-2100,-4670,-5140,93,563,21,22,10,9,32,13
1401071170E1F,VIX FUTURES - CBOE FUTURES EXCHANGE,2014-01-07T00:00:00.000,2014 Report Week 01,VIX FUTURES,1170E1,E,CHI,117,VOLATILITY/VARIANCE INDEX,359668,83059,27873,32584,48073,25032,19143,63271,139849,47524,11178,8851,35543,340375,336399,19293,23269,100.0,23.1,7.7,9.1,13.4,7.0,5.3,17.6,38.9,13.2,3.1,2.5,9.9,94.6,93.5,5.4,6.5,167,15,10,34,38,15,20,121,135,31.9,23.7,43.6,38.2,21.6,22.1,29.2,33.9,'($1000 X INDEX)',F90,VOLATILITY/VARIANCE INDEX,OTHER FINANCIAL INSTRUMENTS,FINANCIAL INSTRUMENTS,FutOnly,9972,9240,-360,-3045,-3452,504,2382,6015,8046,2459,-1441,1843,-2215,9943,9614,29,358,22,22,8,9,37,15
1401141170E1F,VIX FUTURES - CBOE FUTURES EXCHANGE,2014-01-14T00:00:00.000,2014 Report Week 02,VIX FUTURES,1170E1,E,CHI,117,VOLATILITY/VARIANCE INDEX,397328,95883,27541,37069,52556,26844,20275,65869,157286,47071,8926,8080,48556,376205,372722,21123,24606,100.0,24.1,6.9,9.3,13.2,6.8,5.1,16.6,39.6,11.8,2.2,2.0,12.2,94.7,93.8,5.3,6.2,188,14,11,36,47,13,27,136,156,30.6,27.1,42.1,41.6,22.2,24.6,29.6,35.4,'($1000 X INDEX)',F90,VOLATILITY/VARIANCE INDEX,OTHER FINANCIAL INSTRUMENTS,FINANCIAL INSTRUMENTS,FutOnly,37660,12824,-332,4485,4483,1812,1132,2598,17437,-453,-2252,-771,13013,35830,36323,1830,1337,24,23,8,10,43,21
1401211170E1F,VIX FUTURES - CBOE FUTURES EXCHANGE,2014-01-21T00:00:00.000,2014 Report Week 03,VIX FUTURES,1170E1,E,CHI,117,VOLATILITY/VARIANCE INDEX,416956,96529,27625,44147,57531,26800,20441,71082,158866,48479,3428,13155,53099,394736,392612,22220,24344,100.0,23.2,6.6,10.6,13.8,6.4,4.9,17.0,38.1,11.6,0.8,3.2,12.7,94.7,94.2,5.3,5.8,188,15,11,36,51,9,25,138,157,31.0,25.9,42.1,40.0,22.1,21.6,29.0,31.4,'($1000 X INDEX)',F90,VOLATILITY/VARIANCE INDEX,OTHER FINANCIAL INSTRUMENTS,FINANCIAL INSTRUMENTS,FutOnly,19628,646,84,7078,4975,-44,166,5213,1580,1408,-5498,5075,4543,18531,19890,1097,-262,25,25,8,9,46,22
1401281170E1F,VIX FUTURES - CBOE FUTURES EXCHANGE,2014-01-28T00:00:00.000,2014 Report Week 04,VIX FUTURES,1170E1,E,CHI,117,VOLATILITY/VARIANCE INDEX,376043,94932,25094,36407,42946,21141,20332,55983,144172,52877,4938,6824,45403,353818,352250,22225,23793,100.0,25.2,6.7,9.7,11.4,5.6,5.4,14.9,38.3,14.1,1.3,1.8,12.1,94.1,93.7,5.9,6.3,167,12,11,39,33,12,26,137,133,29.7,27.7,42.3,43.0,20.7,24.2,29.2,35.9,'($1000 X INDEX)',F90,VOLATILITY/VARIANCE INDEX,OTHER FINANCIAL INSTRUMENTS,FINANCIAL INSTRUMENTS,FutOnly,-40913,-1597,-2531,-7740,-14585,-5659,-109,-15099,-14694,4398,1510,-6331,-7696,-40918,-40362,5,-551,25,22,7,9,44,15
1402041170E1F,VIX FUTURES - CBOE FUTURES EXCHANGE,2014-02-04T00:00:00.000,2014 Report Week 05,VIX FUTURES,1170E1,E,CHI,117,VOLATILITY/VARIANCE INDEX,384117,86998,63543,46133,36943,14048,20413,49372,128349,58794,43391,9770,16878,358922,357928,25195,26189,100.0,22.6,16.5,12.0,9.6,3.7,5.3,12.9,33.4,15.3,11.3,2.5,4.4,93.4,93.2,6.6,6.8,168,9,12,38,39,16,21,142,134,29.3,31.2,43.7,43.2,24.6,27.0,33.7,37.3,'($1000 X INDEX)',F90,VOLATILITY/VARIANCE INDEX,OTHER FINANCIAL INSTRUMENTS,FINANCIAL INSTRUMENTS,FutOnly,8074,-7934,38449,9726,-6003,-7093,81,-6611,-15823,5917,38453,2946,-28525,5104,5678,2970,2396,22,24,10,8,51,15
1402111170E1F,VIX FUTURES - CBOE FUTURES EXCHANGE,2014-02-11T00:00:00.000,2014 Report Week 06,VIX FUTURES,1170E1,E,CHI,117,VOLATILITY/VARIANCE INDEX,378851,77858,75587,51084,27679,14077,29503,48477,94340,62372,41240,7851,19292,357505,354106,21346,24745,100.0,20.6,20.0,13.5,7.3,3.7,7.8,12.8,24.9,16.5,10.9,2.1,5.1,94.4,93.5,5.6,6.5,169,11,11,41,40,15,23,138,142,29.0,32.0,42.9,44.9,22.0,26.8,30.0,33.9,'($1000 X INDEX)',F90,VOLATILITY/VARIANCE INDEX,OTHER FINANCIAL INSTRUMENTS,FINANCIAL INSTRUMENTS,FutOnly,-5266,-9140,12044,4951,-9264,29,9090,-895,-34009,3578,-2151,-1919,2414,-1417,-3822,-3849,-1444,23,24,9,6,53,11
1402181170E1F,VIX FUTURES - CBOE FUTURES EXCHANGE,2014-02-18T00:00:00.000,2014 Report Week 07,VIX FUTURES,1170E1,E,CHI,117,VOLATILITY/VARIANCE INDEX,409111,80551,68125,57515,28079,19588,33781,66828,90345,64114,13687,5888,44405,388960,383761,20151,25350,100.0,19.7,16.7,14.1,6.9,4.8,8.3,16.3,22.1,15.7,3.3,1.4,10.9,95.1,93.8,4.9,6.2,185,13,13,45,41,20,32,156,157,25.7,29.7,38.9,44.4,13.6,23.5,20.3,29.4,'($1000 X INDEX)',F90,VOLATILITY/VARIANCE INDEX,OTHER FINANCIAL INSTRUMENTS,FINANCIAL INSTRUMENTS,FutOnly,30260,2693,-7462,6431,400,5511,4278,18351,-3995,1742,-27553,-1963,25113,31455,29655,-1195,605,24,25,9,7,58,12
1402251170E1F,VIX FUTURES - CBOE FUTURES EXCHANGE,2014-02-25T00:00:00.000,2014 Report Week 08,VIX FUTURES,1170E1,E,CHI,117,VOLATILITY/VARIANCE INDEX,367042,64652,54809,42576,33917,18401,29063,70104,91414,56595,10709,7298,38088,345704,338244,21338,28798,100.0,17.6,14.9,11.6,9.2,5.0,7.9,19.1,24.9,15.4,2.9,2.0,10.4,94.2,92.2,5.8,7.8,179,13,10,43,44,16,22,142,147,27.8,27.6,39.1,41.4,16.3,22.3,23.9,28.0,'($1000 X INDEX)',F90,VOLATILITY/VARIANCE INDEX,OTHER FINANCIAL INSTRUMENTS,FINANCIAL INSTRUMENTS,FutOnly,-42069,-15899,-13316,-14939,5838,-1187,-4718,3276,1069,-7519,-2978,1410,-6317,-43256,-45517,1187,3448,21,24,14,7,54,11
1403041170E1F,VIX FUTURES - CBOE FUTURES EXCHANGE,2014-03-04T00:00:00.000,2014 Report Week 09,VIX FUTURES,1170E1,E,CHI,117,VOLATILITY/VARIANCE INDEX,362996,65633,47201,40466,37495,19589,26147,60384,90203,70459,9913,8919,31526,342023,334510,20973,28486,100.0,18.1,13.0,11.1,10.3,5.4,7.2,16.6,24.8,19.4,2.7,2.5,8.7,94.2,92.2,5.8,7.8,177,13,12,38,45,16,26,145,150,26.6,24.1,37.5,37.0,18.6,18.7,25.5,24.5,'($1000 X INDEX)',F90,VOLATILITY/VARIANCE INDEX,OTHER FINANCIAL INSTRUMENTS,FINANCIAL INSTRUMENTS,FutOnly,-4046,981,-7608,-2110,3578,1188,-2916,-9720,-1211,13864,-796,1621,-6562,-3681,-3734,-365,-312,20,27,10,8,53,13
1403111170E1F,VIX FUTURES - CBOE FUTURES EXCHANGE,2014-03-11T00:00:00.000,2014 Report Week 10,VIX FUTURES,1170E1,E,CHI,117,VOLATILITY/VARIANCE INDEX,355040,58509,48998,38303,44084,19581,23050,61692,90209,67981,9990,8532,31039,334648,327693,20392,27347,100.0,16.5,13.8,10.8,12.4,5.5,6.5,17.4,25.4,19.1,2.8,2.4,8.7,94.3,92.3,5.7,7.7,183,12,12,38,50,14,25,146,153,28.4,21.9,39.3,34.6,20.2,18.1,27.6,24.1,'($1000 X INDEX)',F90,VOLATILITY/VARIANCE INDEX,OTHER FINANCIAL INSTRUMENTS,FINANCIAL INSTRUMENTS,FutOnly,-7956,-7124,1797,-2163,6589,-8,-3097,1308,6,-2478,77,-387,-487,-7375,-6817,-581,-1139,20,27,13,9,52,13
1403181170E1F,VIX FUTURES - CBOE FUTURES EXCHANGE,2014-03-18T00:00:00.000,2014 Report Week 11,VIX FUTURES,1170E1,E,CHI,117,VOLATILITY/VARIANCE INDEX,336625,49924,48993,39996,42883,16422,20405,54413,72503,58114,9095,8507,36915,311745,301855,24880,34770,100.0,14.8,14.6,11.9,12.7,4.9,6.1,16.2,21.5,17.3,2.7,2.5,11.0,92.6,89.7,7.4,10.3,180,11,8,45,43,12,23,144,143,30.7,23.9,39.8,35.0,19.9,17.4,26.3,23.5,'($1000 X INDEX)',F90,VOLATILITY/VARIANCE INDEX,OTHER FINANCIAL INSTRUMENTS,FINANCIAL INSTRUMENTS,FutOnly,-18415,-8585,-5,1693,-1201,-3159,-2645,-7279,-17706,-9867,-895,-25,5876,-22903,-25838,4488,7423,19,24,13,9,52,13
1403251170E1F,VIX FUTURES - CBOE FUTURES EXCHANGE,2014-03-25T00:00:00.000,2014 Report Week 12,VIX FUTURES,1170E1,E,CHI,117,VOLATILITY/VARIANCE INDEX,335826,45565,48625,34258,47887,19254,20653,58466,80183,62909,11125,8498,33346,314209,307726,21617,28100,100.0,13.6,14.5,10.2,14.3,5.7,6.1,17.4,23.9,18.7,3.3,2.5,9.9,93.6,91.6,6.4,8.4,178,12,10,44,41,16,23,141,149,29.6,20.6,38.4,31.4,19.9,16.0,26.5,22.9,'($1000 X INDEX)',F90,VOLATILITY/VARIANCE INDEX,OTHER FINANCIAL INSTRUMENTS,FINANCIAL INSTRUMENTS,FutOnly,-799,-4359,-368,-5738,5004,2832,248,4053,7680,4795,2030,-9,-3569,2464,5871,-3263,-6670,17,26,15,8,53,11
1404011170E1F,VIX FUTURES - CBOE FUTURES EXCHANGE,2014-04-01T00:00:00.000,2014 Report Week 13,VIX FUTURES,1170E1,E,CHI,117,VOLATILITY/VARIANCE INDEX,357046,65748,46668,32543,50486,21861,21940,69263,108762,58026,10468,11278,31735,340209,332813,16837,24233,100.0,18.4,13.1,9.1,14.1,6.1,6.1,19.4,30.5,16.3,2.9,3.2,8.9,95.3,93.2,4.7,6.8,189,13,10,45,47,17,22,139,151,28.3,20.2,39.1,32.0,22.0,18.0,30.6,25.9,'($1000 X INDEX)',F90,VOLATILITY/VARIANCE INDEX,OTHER FINANCIAL INSTRUMENTS,FINANCIAL INSTRUMENTS,FutOnly,21220,20183,-1957,-1715,2599,2607,1287,10797,28579,-4883,-657,2780,-1611,26000,25087,-4780,-3867,21,22,13,7,47,14
1404081170E1F,VIX FUTURES - CBOE FUTURES EXCHANGE,2014-04-08T00:00:00.000,2014 Report Week 14,VIX FUTURES,1170E1,E,CHI,117,VOLATILITY/VARIANCE INDEX,359952,66641,39839,35186,49751,23372,22509,61513,106680,61727,7122,9047,34775,339224,333135,20728,26817,100.0,18.5,11.1,9.8,13.8,6.5,6.3,17.1,29.6,17.1,2.0,2.5,9.7,94.2,92.5,5.8,7.5,177,14,12,40,52,12,22,135,147,29.4,18.5,40.0,29.6,22.0,15.9,30.2,23.9,'($1000 X INDEX)',F90,VOLATILITY/VARIANCE INDEX,OTHER FINANCIAL INSTRUMENTS,FINANCIAL INSTRUMENTS,FutOnly,2906,893,-6829,2643,-735,1511,569,-7750,-2082,3701,-3346,-2231,3040,-985,322,3891,2584,18,22,11,8,49,11
1404151170E1F,VIX FUTURES - CBOE FUTURES EXCHANGE,2014-04-15T00:00:00.000,2014 Report Week 15,VIX FUTURES,1170E1,E,CHI,117,VOLATILITY/VARIANCE INDEX,368887,78719,38447,38956,37821,21898,20318,57855,107995,60796,9156,10351,42889,346510,341650,22377,27237,100.0,21.3,10.4,10.6,10.3,5.9,5.5,15.7,29.3,16.5,2.5,2.8,11.6,93.9,92.6,6.1,7.4,183,13,10,39,49,14,23,138,149,29.1,18.0,44.0,30.0,21.4,14.4,28.7,23.3,'($1000 X INDEX)',F90,VOLATILITY/VARIANCE INDEX,OTHER FINANCIAL INSTRUMENTS,FINANCIAL INSTRUMENTS,FutOnly,8935,12078,-1392,3770,-11930,-1474,-2191,-3658,1315,-931,2034,1304,8114,7286,8515,1649,420,19,21,15,8,50,14
1404221170E1F,VIX FUTURES - CBOE FUTURES EXCHANGE,2014-04-22T00:00:00.000,2014 Report Week 16,VIX FUTURES,1170E1,E,CHI,117,VOLATILITY/VARIANCE INDEX,362130,74569,32067,30095,42601,20412,28459,64064,121170,53629,11115,11763,37122,341654,334717,20476,27413,100.0,20.6,8.9,8.3,11.8,5.6,7.9,17.7,33.5,14.8,3.1,3.2,10.3,94.3,92.4,5.7,7.6,185,14,12,36,50,13,23,141,152,28.9,20.0,40.9,32.2,23.2,18.2,31.2,27.1,'($1000 X INDEX)',F90,VOLATILITY/VARIANCE INDEX,OTHER FINANCIAL INSTRUMENTS,FINANCIAL INSTRUMENTS,FutOnly,-6757,-4150,-6380,-8861,4780,-1486,8141,6209,13175,-7167,1959,1412,-5767,-4856,-6933,-1901,176,19,21,14,9,52,16
1404291170E1F,VIX FUTURES - CBOE FUTURES EXCHANGE,2014-04-29T00:00:00.000,2014 Report Week 17,VIX FUTURES,1170E1,E,CHI,117,VOLATILITY/VARIANCE INDEX,365215,84172,31153,34336,47694,21125,27205,60954,136976,46960,13739,11885,28171,343231,337811,21984,27404,100.0,23.0,8.5,9.4,13.1,5.8,7.4,16.7,37.5,12.9,3.8,3.3,7.7,94.0,92.5,6.0,7.5,192,11,11,41,55,17,21,146,156,29.9,18.1,41.6,30.5,24.2,17.2,31.8,27.4,'($1000 X INDEX)',F90,VOLATILITY/VARIANCE INDEX,OTHER FINANCIAL INSTRUMENTS,FINANCIAL INSTRUMENTS,FutOnly,3085,9603,-914,4241,5093,713,-1254,-3110,15806,-6669,2624,122,-8951,1577,3094,1508,-9,19,22,11,10,56,17
1405061170E1F,VIX FUTURES - CBOE FUTURES EXCHANGE,2014-05-06T00:00:00.000,2014 Report Week 18,VIX FUTURES,1170E1,E,CHI,117,VOLATILITY/VARIANCE INDEX,391848,93857,26762,37676,56855,24792,26746,50214,149845,49868,13690,11521,29115,358021,356325,33827,35523,100.0,24.0,6.8,9.6,14.5,6.3,6.8,12.8,38.2,12.7,3.5,2.9,7.4,91.4,90.9,8.6,9.1,195,15,12,36,59,18,22,149,161,32.6,17.2,44.3,28.2,27.9,15.9,35.4,25.4,'($1000 X INDEX)',F90,VOLATILITY/VARIANCE INDEX,OTHER FINANCIAL INSTRUMENTS,FINANCIAL INSTRUMENTS,FutOnly,26633,9685,-4391,3340,9161,3667,-459,-10740,12869,2908,-49,-364,944,14790,18514,11843,8119,22,23,9,9,58,17
1405131170E1F,VIX FUTURES - CBOE FUTURES EXCHANGE,2014-05-13T00:00:00.000,2014 Report Week 19,VIX FUTURES,1170E1,E,CHI,117,VOLATILITY/VARIANCE INDEX,419669,100991,28608,39828,61151,27539,25299,71833,174652,53000,10001,11920,29130,391233,389976,28436,29693,100.0,24.1,6.8,9.5,14.6,6.6,6.0,17.1,41.6,12.6,2.4,2.8,6.9,93.2,92.9,6.8,7.1,195,16,12,38,55,18,23,147,161,33.0,17.4,45.4,29.7,29.5,16.8,37.1,27.2,'($1000 X INDEX)',F90,VOLATILITY/VARIANCE INDEX,OTHER FINANCIAL INSTRUMENTS,FINANCIAL INSTRUMENTS,FutOnly,27821,7134,1846,2152,4296,2747,-1447,21619,24807,3132,-3689,399,15,33212,33651,-5391,-5830,21,22,10,8,56,18
1405201170E1F,VIX FUTURES - CBOE FUTURES EXCHANGE,2014-05-20T00:00:00.000,2014 Report Week 20,VIX FUTURES,1170E1,E,CHI,117,VOLATILITY/VARIANCE INDEX,425151,88196,27674,55369,60451,29375,25382,86181,174608,43126,10677,12524,31187,400569,399245,24582,25906,100.0,20.7,6.5,13.0,14.2,6.9,6.0,20.3,41.1,10.1,2.5,2.9,7.3,94.2,93.9,5.8,6.1,207,18,12,38,64,18,26,153,176,34.6,18.5,46.9,30.0,29.1,17.5,37.3,26.3,'($1000 X INDEX)',F90,VOLATILITY/VARIANCE INDEX,OTHER FINANCIAL INSTRUMENTS,FINANCIAL INSTRUMENTS,FutOnly,5482,-12795,-934,15541,-700,1836,83,14348,-44,-9874,676,604,2057,9336,9269,-3854,-3787,20,26,11,7,58,20
1405271170E1F,VIX FUTURES - CBOE FUTURES EXCHANGE,2014-05-27T00:00:00.000,2014 Report Week 21,VIX FUTURES,1170E1,E,CHI,117,VOLATILITY/VARIANCE INDEX,420366,89325,24706,47673,56748,27160,28538,82267,177679,45071,13268,12392,30319,393209,393538,27157,26828,100.0,21.2,5.9,11.3,13.5,6.5,6.8,19.6,42.3,10.7,3.2,2.9,7.2,93.5,93.6,6.5,6.4,208,17,11,44,56,21,25,151,171,33.7,18.0,46.4,31.0,29.2,17.9,35.1,28.7,'($1000 X INDEX)',F90,VOLATILITY/VARIANCE INDEX,OTHER FINANCIAL INSTRUMENTS,FINANCIAL INSTRUMENTS,FutOnly,-4785,1129,-2968,-7696,-3703,-2215,3156,-3914,3071,1945,2591,-132,-868,-7360,-5707,2575,922,21,22,11,8,56,21
1406031170E1F,VIX FUTURES - CBOE FUTURES EXCHANGE,2014-06-03T00:00:00.000,2014 Report Week 22,VIX FUTURES,1170E1,E,CHI,117,VOLATILITY/VARIANCE INDEX,448926,84315,23054,42497,61667,31002,31209,99999,191964,52908,12624,12923,34452,419671,420009,29255,28917,100.0,18.8,5.1,9.5,13.7,6.9,7.0,22.3,42.8,11.8,2.8,2.9,7.7,93.5,93.6,6.5,6.4,215,19,12,43,56,22,31,159,180,34.8,18.0,46.6,30.0,31.5,17.1,37.5,27.7,'($1000 X INDEX)',F90,VOLATILITY/VARIANCE INDEX,OTHER FINANCIAL INSTRUMENTS,FINANCIAL INSTRUMENTS,FutOnly,28560,-5010,-1652,-5176,4919,3842,2671,17732,14285,7837,-644,531,4133,26462,26471,2098,2089,22,24,11,6,57,22
1406101170E1F,VIX FUTURES - CBOE FUTURES EXCHANGE,2014-06-10T00:00:00.000,2014 Report Week 23,VIX FUTURES,1170E1,E,CHI,117,VOLATILITY/VARIANCE INDEX,457503,87384,20311,49328,55070,35766,32435,102089,192832,52953,15394,14371,32311,426964,430307,30539,27196,100.0,19.1,4.4,10.8,12.0,7.8,7.1,22.3,42.1,11.6,3.4,3.1,7.1,93.3,94.1,6.7,5.9,221,19,13,40,62,29,25,161,179,30.4,18.0,42.6,29.3,26.4,15.8,33.2,26.0,'($1000 X INDEX)',F90,VOLATILITY/VARIANCE INDEX,OTHER FINANCIAL INSTRUMENTS,FINANCIAL INSTRUMENTS,FutOnly,8577,3069,-2743,6831,-6597,4764,1226,2090,868,45,2770,1448,-2141,7293,10298,1284,-1721,25,27,11,6,54,19
1406171170E1F,VIX FUTURES - CBOE FUTURES EXCHANGE,2014-06-17T00:00:00.000,2014 Report Week 24,VIX FUTURES,1170E1,E,CHI,117,VOLATILITY/VARIANCE INDEX,456312,92784,19906,54137,53359,28189,28951,91664,185492,61955,11259,12782,37927,432036,429339,24276,26973,100.0,20.3,4.4,11.9,11.7,6.2,6.3,20.1,40.7,13.6,2.5,2.8,8.3,94.7,94.1,5.3,5.9,219,15,12,43,60,23,26,160,178,27.6,20.9,39.5,32.1,21.8,18.7,28.6,27.7,'($1000 X INDEX)',F90,VOLATILITY/VARIANCE INDEX,OTHER FINANCIAL INSTRUMENTS,FINANCIAL INSTRUMENTS,FutOnly,-1191,5400,-405,4809,-1711,-7577,-3484,-10425,-7340,9002,-4135,-1589,5616,5072,-968,-6263,-223,26,27,10,9,54,22
1406241170E1F,VIX FUTURES - CBOE FUTURES EXCHANGE,2014-06-24T00:00:00.000,2014 Report Week 25,VIX FUTURES,1170E1,E,CHI,117,VOLATILITY/VARIANCE INDEX,424966,87179,15828,46173,57165,27404,26758,76985,178592,58873,12626,12067,32419,398178,398114,26788,26852,100.0,20.5,3.7,10.9,13.5,6.4,6.3,18.1,42.0,13.9,3.0,2.8,7.6,93.7,93.7,6.3,6.3,215,17,12,41,61,22,25,162,171,29.8,21.4,42.2,34.5,24.9,21.0,32.0,31.5,'($1000 X INDEX)',F90,VOLATILITY/VARIANCE INDEX,OTHER FINANCIAL INSTRUMENTS,FINANCIAL INSTRUMENTS,FutOnly,-31346,-5605,-4078,-7964,3806,-785,-2193,-14679,-6900,-3082,1367,-715,-5508,-33858,-31225,2512,-121,24,23,12,6,58,21
1407011170E1F,VIX FUTURES - CBOE FUTURES EXCHANGE,2014-07-01T00:00:00.000,2014 Report Week 26,VIX FUTURES,1170E1,E,CHI,117,VOLATILITY/VARIANCE INDEX,449836,101413,20157,43453,50347,28466,26601,85636,187273,66688,11929,11670,33781,419848,418089,29988,31747,100.0,22.5,4.5,9.7,11.2,6.3,5.9,19.0,41.6,14.8,2.7,2.6,7.5,93.3,92.9,6.7,7.1,211,17,13,45,56,25,24,155,169,26.9,23.7,39.2,37.1,22.1,23.7,29.5,33.9,'($1000 X INDEX)',F90,VOLATILITY/VARIANCE INDEX,OTHER FINANCIAL INSTRUMENTS,FINANCIAL INSTRUMENTS,FutOnly,24870,14234,4329,-2720,-6818,1062,-157,8651,8681,7815,-697,-397,1362,21670,19975,3200,4895,25,23,8,7,53,17
1407081170E1F,VIX FUTURES - CBOE FUTURES EXCHANGE,2014-07-08T00:00:00.000,2014 Report Week 27,VIX FUTURES,1170E1,E,CHI,117,VOLATILITY/VARIANCE INDEX,457197,104640,22021,42936,48533,29528,25420,88100,187222,70134,12131,12800,33591,425485,423652,31712,33545,100.0,22.9,4.8,9.4,10.6,6.5,5.6,19.3,40.9,15.3,2.7,2.8,7.3,93.1,92.7,6.9,7.3,211,17,12,44,55,22,26,152,167,25.7,23.4,38.3,36.4,21.4,23.4,29.9,33.1,'($1000 X INDEX)',F90,VOLATILITY/VARIANCE INDEX,OTHER FINANCIAL INSTRUMENTS,FINANCIAL INSTRUMENTS,FutOnly,7361,3227,1864,-517,-1814,1062,-1181,2464,-51,3446,202,1130,-190,5637,5563,1724,1798,27,20,8,7,50,21
1407151170E1F,VIX FUTURES - CBOE FUTURES EXCHANGE,2014-07-15T00:00:00.000,2014 Report Week 28,VIX FUTURES,1170E1,E,CHI,117,VOLATILITY/VARIANCE INDEX,435001,103979,28088,43356,41792,29049,25734,79750,163173,65839,10426,15086,36935,407811,407260,27190,27741,100.0,23.9,6.5,10.0,9.6,6.7,5.9,18.3,37.5,15.1,2.4,3.5,8.5,93.7,93.6,6.3,6.4,217,18,11,44,60,21,25,161,169,26.6,20.7,40.3,34.8,18.2,20.5,27.5,29.7,'($1000 X INDEX)',F90,VOLATILITY/VARIANCE INDEX,OTHER FINANCIAL INSTRUMENTS,FINANCIAL INSTRUMENTS,FutOnly,-22196,-661,6067,420,-6741,-479,314,-8350,-24049,-4295,-1705,2286,3344,-17674,-16392,-4522,-5804,23,22,13,7,55,19
1407221170E1F,VIX FUTURES - CBOE FUTURES EXCHANGE,2014-07-22T00:00:00.000,2014 Report Week 29,VIX FUTURES,1170E1,E,CHI,117,VOLATILITY/VARIANCE INDEX,414392,91073,28454,32001,43537,30649,29905,80909,151421,70582,10829,10914,31940,390776,385866,23616,28526,100.0,22.0,6.9,7.7,10.5,7.4,7.2,19.5,36.5,17.0,2.6,2.6,7.7,94.3,93.1,5.7,6.9,204,19,11,45,51,18,26,157,159,26.7,22.0,38.8,35.9,18.5,21.2,27.2,30.4,'($1000 X INDEX)',F90,VOLATILITY/VARIANCE INDEX,OTHER FINANCIAL INSTRUMENTS,FINANCIAL INSTRUMENTS,FutOnly,-20609,-12906,366,-11355,1745,1600,4171,1159,-11752,4743,403,-4172,-4995,-17035,-21394,-3574,785,25,22,9,8,53,16
1407291170E1F,VIX FUTURES - CBOE FUTURES EXCHANGE,2014-07-29T00:00:00.000,2014 Report Week 30,VIX FUTURES,1170E1,E,CHI,117,VOLATILITY/VARIANCE INDEX,419946,97843,27924,31641,45403,32393,30184,74143,154811,68556,12266,11033,34253,394289,390795,25657,29151,100.0,23.3,6.6,7.5,10.8,7.7,7.2,17.7,36.9,16.3,2.9,2.6,8.2,93.9,93.1,6.1,6.9,205,20,11,48,49,18,26,157,162,25.6,22.2,38.1,35.7,18.9,21.3,27.3,30.0,'($1000 X INDEX)',F90,VOLATILITY/VARIANCE INDEX,OTHER FINANCIAL INSTRUMENTS,FINANCIAL INSTRUMENTS,FutOnly,5554,6770,-530,-360,1866,1744,279,-6766,3390,-2026,1437,119,2313,3513,4929,2041,625,26,22,8,6,55,17
1408051170E1F,VIX FUTURES - CBOE FUTURES EXCHANGE,2014-08-05T00:00:00.000,2014 Report Week 31,VIX FUTURES,1170E1,E,CHI,117,VOLATILITY/VARIANCE INDEX,409891,82247,32803,36318,33856,23871,38888,77067,131646,69852,10602,10407,34474,383304,378259,26587,31632,100.0,20.1,8.0,8.9,8.3,5.8,9.5,18.8,32.1,17.0,2.6,2.5,8.4,93.5,92.3,6.5,7.7,187,16,14,45,42,14,23,152,154,23.7,20.0,36.2,32.3,15.9,18.9,24.3,26.6,'($1000 X INDEX)',F90,VOLATILITY/VARIANCE INDEX,OTHER FINANCIAL INSTRUMENTS,FINANCIAL INSTRUMENTS,FutOnly,-10055,-15596,4879,4677,-11547,-8522,8704,2924,-23165,1296,-1664,-626,221,-10985,-12536,930,2481,23,23,16,6,59,13
1408121170E1F,VIX FUTURES - CBOE FUTURES EXCHANGE,2014-08-12T00:00:00.000,2014 Report Week 32,VIX FUTURES,1170E1,E,CHI,117,VOLATILITY/VARIANCE INDEX,390841,71625,57964,42250,23582,23850,37363,75484,83168,69714,11485,9709,34840,366343,358858,24498,31983,100.0,18.3,14.8,10.8,6.0,6.1,9.6,19.3,21.3,17.8,2.9,2.5,8.9,93.7,91.8,6.3,8.2,190,17,12,39,51,14,24,151,160,24.4,23.0,36.8,33.2,13.9,14.6,22.5,20.1,'($1000 X INDEX)',F90,VOLATILITY/VARIANCE INDEX,OTHER FINANCIAL INSTRUMENTS,FINANCIAL INSTRUMENTS,FutOnly,-19050,-10622,25161,5932,-10274,-21,-1525,-1583,-48478,-138,883,-698,366,-16961,-19401,-2089,351,20,25,17,6,60,15
1408191170E1F,VIX FUTURES - CBOE FUTURES EXCHANGE,2014-08-19T00:00:00.000,2014 Report Week 33,VIX FUTURES,1170E1,E,CHI,117,VOLATILITY/VARIANCE INDEX,418454,66487,61609,48734,33742,28986,34088,89697,95750,73342,10309,8326,38079,394478,388914,23976,29540,100.0,15.9,14.7,11.6,8.1,6.9,8.1,21.4,22.9,17.5,2.5,2.0,9.1,94.3,92.9,5.7,7.1,195,18,11,43,48,15,25,146,166,25.0,23.6,38.0,35.7,16.2,18.9,23.9,24.1,'($1000 X INDEX)',F90,VOLATILITY/VARIANCE INDEX,OTHER FINANCIAL INSTRUMENTS,FINANCIAL INSTRUMENTS,FutOnly,27613,-5138,3645,6484,10160,5136,-3275,14213,12582,3628,-1176,-1383,3239,28135,30056,-522,-2443,17,24,19,5,57,18
1408261170E1F,VIX FUTURES - CBOE FUTURES EXCHANGE,2014-08-26T00:00:00.000,2014 Report Week 34,VIX FUTURES,1170E1,E,CHI,117,VOLATILITY/VARIANCE INDEX,414365,64951,45640,48147,49869,29437,34558,82445,112742,61488,12570,11335,36723,390751,380070,23614,34295,100.0,15.7,11.0,11.6,12.0,7.1,8.3,19.9,27.2,14.8,3.0,2.7,8.9,94.3,91.7,5.7,8.3,202,18,12,46,45,18,24,152,164,26.6,23.0,37.8,37.1,18.2,20.6,25.6,28.5,'($1000 X INDEX)',F90,VOLATILITY/VARIANCE INDEX,OTHER FINANCIAL INSTRUMENTS,FINANCIAL INSTRUMENTS,FutOnly,-4089,-1536,-15969,-587,16127,451,470,-7252,16992,-11854,2261,3009,-1356,-3727,-8844,-362,4755,21,24,15,9,54,20
1409021170E1F,VIX FUTURES - CBOE FUTURES EXCHANGE,2014-09-02T00:00:00.000,2014 Report Week 35,VIX FUTURES,1170E1,E,CHI,117,VOLATILITY/VARIANCE INDEX,409378,61666,42862,51903,54756,30767,30270,76241,111561,62163,13590,10835,34764,385353,375125,24025,34253,100.0,15.1,10.5,12.7,13.4,7.5,7.4,18.6,27.3,15.2,3.3,2.6,8.5,94.1,91.6,5.9,8.4,203,19,12,45,46,18,24,152,166,27.8,19.9,39.0,34.6,19.1,17.7,27.1,26.1,'($1000 X INDEX)',F90,VOLATILITY/VARIANCE INDEX,OTHER FINANCIAL INSTRUMENTS,FINANCIAL INSTRUMENTS,FutOnly,-4987,-3285,-2778,3756,4887,1330,-4288,-6204,-1181,675,1020,-500,-1959,-5398,-4945,411,-42,19,25,17,8,54,20
1409091170E1F,VIX FUTURES - CBOE FUTURES EXCHANGE,2014-09-09T00:00:00.000,2014 Report Week 36,VIX FUTURES,1170E1,E,CHI,117,VOLATILITY/VARIANCE INDEX,425310,61706,41467,56321,59555,32936,27382,85662,123437,62582,9254,8259,39038,401500,391422,23810,33888,100.0,14.5,9.7,13.2,14.0,7.7,6.4,20.1,29.0,14.7,2.2,1.9,9.2,94.4,92.0,5.6,8.0,202,18,11,43,49,17,26,155,164,27.2,19.0,38.5,33.3,19.3,18.0,27.8,26.1,'($1000 X INDEX)',F90,VOLATILITY/VARIANCE INDEX,OTHER FINANCIAL INSTRUMENTS,FINANCIAL INSTRUMENTS,FutOnly,15932,40,-1395,4418,4799,2169,-2888,9421,11876,419,-4336,-2576,4274,16147,16297,-215,-365,21,24,14,9,56,19
1409161170E1F,VIX FUTURES - CBOE FUTURES EXCHANGE,2014-09-16T00:00:00.000,2014 Report Week 37,VIX FUTURES,1170E1,E,CHI,117,VOLATILITY/VARIANCE INDEX,413477,76679,41983,58248,52857,32445,28574,72963,121200,51130,13562,9161,38238,392251,380979,21226,32498,100.0,18.5,10.2,14.1,12.8,7.8,6.9,17.6,29.3,12.4,3.3,2.2,9.2,94.9,92.1,5.1,7.9,204,20,13,42,48,15,25,151,171,28.1,21.7,40.6,35.5,20.3,20.5,28.8,26.0,'($1000 X INDEX)',F90,VOLATILITY/VARIANCE INDEX,OTHER FINANCIAL INSTRUMENTS,FINANCIAL INSTRUMENTS,FutOnly,-11833,14973,516,1927,-6698,-491,1192,-12699,-2237,-11452,4308,902,-800,-9249,-10443,-2584,-1390,21,23,15,9,57,20
1409231170E1F,VIX FUTURES - CBOE FUTURES EXCHANGE,2014-09-23T00:00:00.000,2014 Report Week 38,VIX FUTURES,1170E1,E,CHI,117,VOLATILITY/VARIANCE INDEX,389039,80367,38482,36042,56061,24871,25654,69771,126875,54064,10339,10892,34030,366328,350910,22711,38129,100.0,20.7,9.9,9.3,14.4,6.4,6.6,17.9,32.6,13.9,2.7,2.8,8.7,94.2,90.2,5.8,9.8,197,15,11,43,46,16,28,148,165,29.9,18.4,42.3,31.7,24.0,17.3,32.8,25.6,'($1000 X INDEX)',F90,VOLATILITY/VARIANCE INDEX,OTHER FINANCIAL INSTRUMENTS,FINANCIAL INSTRUMENTS,FutOnly,-24438,3688,-3501,-22206,3204,-7574,-2920,-3192,5675,2934,-3223,1731,-4208,-25923,-30069,1485,5631,19,22,17,10,55,17
1409301170E1F,VIX FUTURES - CBOE FUTURES EXCHANGE,2014-09-30T00:00:00.000,2014 Report Week 39,VIX FUTURES,1170E1,E,CHI,117,VOLATILITY/VARIANCE INDEX,358837,73712,33017,42437,35662,27787,27545,55488,91934,57353,11045,11906,32768,336010,324747,22827,34090,100.0,20.5,9.2,11.8,9.9,7.7,7.7,15.5,25.6,16.0,3.1,3.3,9.1,93.6,90.5,6.4,9.5,183,15,10,38,42,10,26,140,154,30.8,16.9,43.9,27.9,23.0,13.1,30.6,20.1,'($1000 X INDEX)',F90,VOLATILITY/VARIANCE INDEX,OTHER FINANCIAL INSTRUMENTS,FINANCIAL INSTRUMENTS,FutOnly,-30202,-6655,-5465,6395,-20399,2916,1891,-14283,-34941,3289,706,1014,-1262,-30318,-26163,116,-4039,16,23,18,9,52,20
1410071170E1F,VIX FUTURES - CBOE FUTURES EXCHANGE,2014-10-07T00:00:00.000,2014 Report Week 40,VIX FUTURES,1170E1,E,CHI,117,VOLATILITY/VARIANCE INDEX,365241,72690,48644,42791,38247,26535,30561,53536,79092,59132,9261,12014,35480,341698,334249,23543,30992,100.0,19.9,13.3,11.7,10.5,7.3,8.4,14.7,21.7,16.2,2.5,3.3,9.7,93.6,91.5,6.4,8.5,187,18,10,34,51,9,27,146,158,31.0,20.6,43.0,30.4,22.9,13.6,29.5,20.7,'($1000 X INDEX)',F90,VOLATILITY/VARIANCE INDEX,OTHER FINANCIAL INSTRUMENTS,FINANCIAL INSTRUMENTS,FutOnly,6404,-1022,15627,354,2585,-1252,3016,-1952,-12842,1779,-1784,108,2712,5688,9502,716,-3098,16,24,19,8,56,16
1410141170E1F,VIX FUTURES - CBOE FUTURES EXCHANGE,2014-10-14T00:00:00.000,2014 Report Week 41,VIX FUTURES,1170E1,E,CHI,117,VOLATILITY/VARIANCE INDEX,407816,82256,93997,40262,33668,19602,42073,76149,78937,54489,16288,12496,33989,379174,375845,28642,31971,100.0,20.2,23.0,9.9,8.3,4.8,10.3,18.7,19.4,13.4,4.0,3.1,8.3,93.0,92.2,7.0,7.8,187,14,11,46,39,15,24,153,149,29.3,21.1,39.7,34.4,22.2,16.6,30.8,25.2,'($1000 X INDEX)',F90,VOLATILITY/VARIANCE INDEX,OTHER FINANCIAL INSTRUMENTS,FINANCIAL INSTRUMENTS,FutOnly,42575,9566,45353,-2529,-4579,-6933,11512,22613,-155,-4643,7027,482,-1491,37476,41596,5099,979,14,24,18,11,56,14
1410211170E1F,VIX FUTURES - CBOE FUTURES EXCHANGE,2014-10-21T00:00:00.000,2014 Report Week 42,VIX FUTURES,1170E1,E,CHI,117,VOLATILITY/VARIANCE INDEX,422049,77177,129967,46152,15333,17692,53191,101216,51686,62956,14259,7987,27545,397829,397176,24220,24873,100.0,18.3,30.8,10.9,3.6,4.2,12.6,24.0,12.2,14.9,3.4,1.9,6.5,94.3,94.1,5.7,5.9,193,14,12,48,41,15,25,158,153,28.2,32.4,40.0,46.2,22.3,25.5,29.0,31.7,'($1000 X INDEX)',F90,VOLATILITY/VARIANCE INDEX,OTHER FINANCIAL INSTRUMENTS,FINANCIAL INSTRUMENTS,FutOnly,14233,-5079,35970,5890,-18335,-1910,11118,25067,-27251,8467,-2029,-4509,-6444,18655,21331,-4422,-7098,17,23,17,13,58,11
1410281170E1F,VIX FUTURES - CBOE FUTURES EXCHANGE,2014-10-28T00:00:00.000,2014 Report Week 43,VIX FUTURES,1170E1,E,CHI,117,VOLATILITY/VARIANCE INDEX,355595,53274,103345,38970,9418,21523,48733,94637,35868,53069,12314,6630,24489,334904,332627,20691,22968,100.0,15.0,29.1,11.0,2.6,6.1,13.7,26.6,10.1,14.9,3.5,1.9,6.9,94.2,93.5,5.8,6.5,191,18,13,40,44,11,24,145,158,29.6,36.8,41.9,46.5,21.4,25.2,28.9,29.6,'($1000 X INDEX)',F90,VOLATILITY/VARIANCE INDEX,OTHER FINANCIAL INSTRUMENTS,FINANCIAL INSTRUMENTS,FutOnly,-66454,-23903,-26622,-7182,-5915,3831,-4458,-6579,-15818,-9887,-1945,-1357,-3056,-62925,-64549,-3529,-1905,14,22,20,10,53,14
1411041170E1F,VIX FUTURES - CBOE FUTURES EXCHANGE,2014-11-04T00:00:00.000,2014 Report Week 44,VIX FUTURES,1170E1,E,CHI,117,VOLATILITY/VARIANCE INDEX,354875,48829,86743,39879,27150,20374,47398,80730,44036,55072,9502,5803,24982,333542,324287,21333,30588,100.0,13.8,24.4,11.2,7.7,5.7,13.4,22.7,12.4,15.5,2.7,1.6,7.0,94.0,91.4,6.0,8.6,183,17,11,37,47,5,23,144,155,33.9,31.7,45.3,43.5,21.1,22.4,29.6,27.8,'($1000 X INDEX)',F90,VOLATILITY/VARIANCE INDEX,OTHER FINANCIAL INSTRUMENTS,FINANCIAL INSTRUMENTS,FutOnly,-720,-4445,-16602,909,17732,-1149,-1335,-13907,8168,2003,-2812,-827,493,-1362,-8340,642,7620,16,23,17,10,59,16
1411111170E1F,VIX FUTURES - CBOE FUTURES EXCHANGE,2014-11-11T00:00:00.000,2014 Report Week 45,VIX FUTURES,1170E1,E,CHI,117,VOLATILITY/VARIANCE INDEX,392934,52612,96002,44004,29851,26936,46847,95096,54694,60614,10147,7171,28551,367722,364819,25212,28115,100.0,13.4,24.4,11.2,7.6,6.9,11.9,24.2,13.9,15.4,2.6,1.8,7.3,93.6,92.8,6.4,7.2,183,20,9,38,46,9,23,137,156,33.0,31.1,44.4,44.0,20.4,23.9,29.1,29.5,'($1000 X INDEX)',F90,VOLATILITY/VARIANCE INDEX,OTHER FINANCIAL INSTRUMENTS,FINANCIAL INSTRUMENTS,FutOnly,38059,3783,9259,4125,2701,6562,-551,14366,10658,5542,645,1368,3569,34180,40532,3879,-2473,17,21,15,6,57,17
1411181170E1F,VIX FUTURES - CBOE FUTURES EXCHANGE,2014-11-18T00:00:00.000,2014 Report Week 46,VIX FUTURES,1170E1,E,CHI,117,VOLATILITY/VARIANCE INDEX,385463,45533,79726,50836,50476,25810,44478,75010,58615,58948,10311,7621,27973,363565,354007,21898,31456,100.0,11.8,20.7,13.2,13.1,6.7,11.5,19.5,15.2,15.3,2.7,2.0,7.3,94.3,91.8,5.7,8.2,188,18,13,38,49,8,24,146,154,32.9,28.0,45.9,41.3,20.6,21.6,28.7,26.9,'($1000 X INDEX)',F90,VOLATILITY/VARIANCE INDEX,OTHER FINANCIAL INSTRUMENTS,FINANCIAL INSTRUMENTS,FutOnly,-7471,-7079,-16276,6832,20625,-1126,-2369,-20086,3921,-1666,164,450,-578,-4157,-10812,-3314,3341,16,22,16,7,53,18
1411251170E1F,VIX FUTURES - CBOE FUTURES EXCHANGE,2014-11-25T00:00:00.000,2014 Report Week 47,VIX FUTURES,1170E1,E,CHI,117,VOLATILITY/VARIANCE INDEX,369744,56397,72141,35551,46095,29018,46913,72040,71232,47756,13361,7434,30139,348252,340184,21492,29560,100.0,15.3,19.5,9.6,12.5,7.8,12.7,19.5,19.3,12.9,3.6,2.0,8.2,94.2,92.0,5.8,8.0,183,18,10,37,49,13,24,134,151,30.8,29.9,42.4,42.0,19.0,22.6,27.8,31.0,'($1000 X INDEX)',F90,VOLATILITY/VARIANCE INDEX,OTHER FINANCIAL INSTRUMENTS,FINANCIAL INSTRUMENTS,FutOnly,-15719,10864,-7585,-15285,-4381,3208,2435,-2970,12617,-11192,3050,-187,2166,-15313,-13823,-406,-1896,19,20,11,7,48,14
1412021170E1F,VIX FUTURES - CBOE FUTURES EXCHANGE,2014-12-02T00:00:00.000,2014 Report Week 48,VIX FUTURES,1170E1,E,CHI,117,VOLATILITY/VARIANCE INDEX,373854,62515,64916,37536,47919,30900,45443,61941,75639,50352,13125,7093,31081,349912,342960,23942,30894,100.0,16.7,17.4,10.0,12.8,8.3,12.2,16.6,20.2,13.5,3.5,1.9,8.3,93.6,91.7,6.4,8.3,175,18,9,39,46,12,22,128,147,31.2,28.6,42.0,41.6,19.2,21.9,27.3,29.9,'($1000 X INDEX)',F90,VOLATILITY/VARIANCE INDEX,OTHER FINANCIAL INSTRUMENTS,FINANCIAL INSTRUMENTS,FutOnly,4110,6118,-7225,1985,1824,1882,-1470,-10099,4407,2596,-236,-341,942,1660,2776,2450,1334,17,20,10,6,49,12
1412091170E1F,VIX FUTURES - CBOE FUTURES EXCHANGE,2014-12-09T00:00:00.000,2014 Report Week 49,VIX FUTURES,1170E1,E,CHI,117,VOLATILITY/VARIANCE INDEX,361415,64992,59382,37867,54410,31758,40699,49437,75974,49870,13371,6826,28208,338854,330584,22561,30831,100.0,18.0,16.4,10.5,15.1,8.8,11.3,13.7,21.0,13.8,3.7,1.9,7.8,93.8,91.5,6.2,8.5,178,18,10,35,47,12,21,136,147,34.3,26.9,45.8,40.0,23.9,20.6,32.1,28.9,'($1000 X INDEX)',F90,VOLATILITY/VARIANCE INDEX,OTHER FINANCIAL INSTRUMENTS,FINANCIAL INSTRUMENTS,FutOnly,-12439,2477,-5534,331,6491,858,-4744,-12504,335,-482,246,-267,-2873,-11058,-12376,-1381,-63,20,23,9,7,51,17
1412161170E1F,VIX FUTURES - CBOE FUTURES EXCHANGE,2014-12-16T00:00:00.000,2014 Report Week 50,VIX FUTURES,1170E1,E,CHI,117,VOLATILITY/VARIANCE INDEX,324703,58605,38901,39548,35285,22698,29374,50323,84297,52635,16150,7487,23249,305169,298189,19534,26514,100.0,18.0,12.0,12.2,10.9,7.0,9.0,15.5,26.0,16.2,5.0,2.3,7.2,94.0,91.8,6.0,8.2,173,12,8,39,45,12,22,133,146,29.2,19.8,41.6,33.2,20.1,15.5,29.2,24.2,'($1000 X INDEX)',F90,VOLATILITY/VARIANCE INDEX,OTHER FINANCIAL INSTRUMENTS,FINANCIAL INSTRUMENTS,FutOnly,-36712,-6387,-20481,1681,-19125,-9060,-11325,886,8323,2765,2779,661,-4959,-33685,-32395,-3027,-4317,17,22,13,7,54,15
1412231170E1F,VIX FUTURES - CBOE FUTURES EXCHANGE,2014-12-23T00:00:00.000,2014 Report Week 51,VIX FUTURES,1170E1,E,CHI,117,VOLATILITY/VARIANCE INDEX,325276,63255,70451,27283,9626,23022,48048,71175,52674,45263,18184,6708,17903,300737,291352,24539,33924,100.0,19.4,21.7,8.4,3.0,7.1,14.8,21.9,16.2,13.9,5.6,2.1,5.5,92.5,89.6,7.5,10.4,158,15,12,30,43,9,18,115,140,27.5,32.1,41.8,44.0,18.3,21.2,29.6,28.5,'($1000 X INDEX)',F90,VOLATILITY/VARIANCE INDEX,OTHER FINANCIAL INSTRUMENTS,FINANCIAL INSTRUMENTS,FutOnly,573,4650,31550,-12265,-25659,324,18674,20852,-31623,-7372,2034,-779,-5346,-4432,-6837,5005,7410,14,20,16,6,47,16
1412301170E1F,VIX FUTURES - CBOE FUTURES EXCHANGE,2014-12-30T00:00:00.000,2014 Report Week 52,VIX FUTURES,1170E1,E,CHI,117,VOLATILITY/VARIANCE INDEX,308318,66206,70157,25840,16544,24088,45085,62780,52156,42342,16231,5356,15227,290255,280251,18063,28067,100.0,21.5,22.8,8.4,5.4,7.8,14.6,20.4,16.9,13.7,5.3,1.7,4.9,94.1,90.9,5.9,9.1,150,15,10,30,40,6,18,111,129,31.2,34.0,45.6,45.3,19.7,23.2,31.7,31.3,'($1000 X INDEX)',F90,VOLATILITY/VARIANCE INDEX,OTHER FINANCIAL INSTRUMENTS,FINANCIAL INSTRUMENTS,FutOnly,-16958,2951,-294,-1443,6918,1066,-2963,-8395,-518,-2921,-1953,-1352,-2676,-10482,-11101,-6476,-5857,15,18,14,5,44,15
1501061170E1F,VIX FUTURES - CBOE FUTURES EXCHANGE,2015-01-06T00:00:00.000,2015 Report Week 01,VIX FUTURES,1170E1,E,CHI,117,VOLATILITY/VARIANCE INDEX,285927,52617,57555,26230,25948,22437,33072,57343,59133,40045,15635,5372,15250,266140,259094,19787,26833,100.0,18.4,20.1,9.2,9.1,7.8,11.6,20.1,20.7,14.0,5.5,1.9,5.3,93.1,90.6,6.9,9.4,155,15,10,40,36,9,17,123,128,30.7,27.7,44.1,41.4,20.8,20.2,31.2,29.2,($1000 X INDEX),F90,VOLATILITY/VARIANCE INDEX,OTHER FINANCIAL INSTRUMENTS,FINANCIAL INSTRUMENTS,FutOnly,-22391,-13589,-12602,390,9404,-1651,-12013,-5437,6977,-2297,-596,16,23,-24115,-21157,1724,-1234,13,21,14,7,48,11
1501131170E1F,VIX FUTURES - CBOE FUTURES EXCHANGE,2015-01-13T00:00:00.000,2015 Report Week 02,VIX FUTURES,1170E1,E,CHI,117,VOLATILITY/VARIANCE INDEX,295473,49267,59223,29829,27100,18488,34314,64803,64820,38968,15740,8027,16312,276333,269981,19140,25492,100.0,16.7,20.0,10.1,9.2,6.3,11.6,21.9,21.9,13.2,5.3,2.7,5.5,93.5,91.4,6.5,8.6,165,12,9,45,37,10,19,131,135,31.4,26.3,46.0,39.8,21.2,19.1,33.8,28.6,($1000 X INDEX),F90,VOLATILITY/VARIANCE INDEX,OTHER FINANCIAL INSTRUMENTS,FINANCIAL INSTRUMENTS,FutOnly,9546,-3350,1668,3599,1152,-3949,1242,7460,5687,-1077,105,2655,1062,10193,10887,-647,-1341,13,21,17,6,52,14
1501201170E1F,VIX FUTURES - CBOE FUTURES EXCHANGE,2015-01-20T00:00:00.000,2015 Report Week 03,VIX FUTURES,1170E1,E,CHI,117,VOLATILITY/VARIANCE INDEX,306961,31017,58078,44400,26091,17002,35320,69582,56617,48319,17170,6426,13389,285288,279551,21673,27410,100.0,10.1,18.9,14.5,8.5,5.5,11.5,22.7,18.4,15.7,5.6,2.1,4.4,92.9,91.1,7.1,8.9,158,12,7,34,44,7,18,125,136,28.4,24.7,42.0,37.7,16.4,15.6,25.3,23.7,($1000 X INDEX),F90,VOLATILITY/VARIANCE INDEX,OTHER FINANCIAL INSTRUMENTS,FINANCIAL INSTRUMENTS,FutOnly,11488,-18250,-1145,14571,-1009,-1486,1006,4779,-8203,9351,1430,-1601,-2923,8955,9570,2533,1918,12,23,18,7,55,13
1501271170E1F,VIX FUTURES - CBOE FUTURES EXCHANGE,2015-01-27T00:00:00.000,2015 Report Week 04,VIX FUTURES,1170E1,E,CHI,117,VOLATILITY/VARIANCE INDEX,275472,26234,69659,36061,25133,16931,39543,66947,37267,39159,15982,4661,8700,257759,251981,17713,23491,100.0,9.5,25.3,13.1,9.1,6.1,14.4,24.3,13.5,14.2,5.8,1.7,3.2,93.6,91.5,6.4,8.5,148,13,9,37,37,5,15,112,126,35.2,33.3,48.0,44.5,22.5,20.2,32.1,27.0,($1000 X INDEX),F90,VOLATILITY/VARIANCE INDEX,OTHER FINANCIAL INSTRUMENTS,FINANCIAL INSTRUMENTS,FutOnly,-31489,-4783,11581,-8339,-958,-71,4223,-2635,-19350,-9160,-1188,-1765,-4689,-27529,-27570,-3960,-3919,12,20,16,4,46,13
1502031170E1F,VIX FUTURES - CBOE FUTURES EXCHANGE,2015-02-03T00:00:00.000,2015 Report Week 05,VIX FUTURES,1170E1,E,CHI,117,VOLATILITY/VARIANCE INDEX,275773,17575,62874,34759,20930,16416,34209,84352,46161,42543,13388,4652,9311,257067,250925,18706,24848,100.0,6.4,22.8,12.6,7.6,6.0,12.4,30.6,16.7,15.4,4.9,1.7,3.4,93.2,91.0,6.8,9.0,152,13,9,34,41,5,16,114,131,32.4,28.9,45.3,40.9,22.0,18.4,29.4,26.2,($1000 X INDEX),F90,VOLATILITY/VARIANCE INDEX,OTHER FINANCIAL INSTRUMENTS,FINANCIAL INSTRUMENTS,FutOnly,301,-8659,-6785,-1302,-4203,-515,-5334,17405,8894,3384,-2594,-9,611,-692,-1056,993,1357,11,19,18,5,49,13
1502101170E1F,VIX FUTURES - CBOE FUTURES EXCHANGE,2015-02-10T00:00:00.000,2015 Report Week 06,VIX FUTURES,1170E1,E,CHI,117,VOLATILITY/VARIANCE INDEX,296263,19043,53117,40251,31576,18124,34064,83195,65734,47649,12906,3557,9547,278231,272043,18032,24220,100.0,6.4,17.9,13.6,10.7,6.1,11.5,28.1,22.2,16.1,4.4,1.2,3.2,93.9,91.8,6.1,8.2,155,14,8,28,48,5,15,109,137,35.1,27.1,47.8,38.9,26.1,17.1,33.1,24.6,($1000 X INDEX),F90,VOLATILITY/VARIANCE INDEX,OTHER FINANCIAL INSTRUMENTS,FINANCIAL INSTRUMENTS,FutOnly,20490,1468,-9757,5492,10646,1708,-145,-1157,19573,5106,-482,-1095,236,21164,21118,-674,-628,17,20,15,5,48,9
1502171170E1F,VIX FUTURES - CBOE FUTURES EXCHANGE,2015-02-17T00:00:00.000,2015 Report Week 07,VIX FUTURES,1170E1,E,CHI,117,VOLATILITY/VARIANCE INDEX,329988,17440,52832,43059,44032,22565,36402,78120,65900,53488,12401,2819,9209,294151,286274,35837,43714,100.0,5.3,16.0,13.0,13.3,6.8,11.0,23.7,20.0,16.2,3.8,0.9,2.8,89.1,86.8,10.9,13.2,164,16,9,33,50,5,16,118,149,34.6,25.0,46.6,37.2,26.3,16.6,31.7,23.2,($1000 X INDEX),F90,VOLATILITY/VARIANCE INDEX,OTHER FINANCIAL INSTRUMENTS,FINANCIAL INSTRUMENTS,FutOnly,33725,-1603,-285,2808,12456,4441,2338,-5075,166,5839,-505,-738,-338,15920,14231,17805,19494,18,22,15,7,56,10
1502241170E1F,VIX FUTURES - CBOE FUTURES EXCHANGE,2015-02-24T00:00:00.000,2015 Report Week 08,VIX FUTURES,1170E1,E,CHI,117,VOLATILITY/VARIANCE INDEX,308036,25552,45894,37171,55038,25511,38196,72670,77895,46077,8614,4285,9196,292514,284225,15522,23811,100.0,8.3,14.9,12.1,17.9,8.3,12.4,23.6,25.3,15.0,2.8,1.4,3.0,95.0,92.3,5.0,7.7,173,17,9,37,52,7,14,121,150,36.8,26.2,48.1,38.3,26.4,17.5,36.5,25.0,($1000 X INDEX),F90,VOLATILITY/VARIANCE INDEX,OTHER FINANCIAL INSTRUMENTS,FINANCIAL INSTRUMENTS,FutOnly,-21952,8112,-6938,-5888,11006,2946,1794,-5450,11995,-7411,-3787,1466,-13,-1637,-2049,-20315,-19903,14,19,16,6,56,13
1503031170E1F,VIX FUTURES - CBOE FUTURES EXCHANGE,2015-03-03T00:00:00.000,2015 Report Week 09,VIX FUTURES,1170E1,E,CHI,117,VOLATILITY/VARIANCE INDEX,337070,48052,28837,40154,72600,29882,34060,52925,107373,50418,8090,4812,13091,319390,308627,17680,28443,100.0,14.3,8.6,11.9,21.5,8.9,10.1,15.7,31.9,15.0,2.4,1.4,3.9,94.8,91.6,5.2,8.4,175,17,9,38,53,7,18,126,152,40.9,20.4,51.3,31.7,32.0,14.7,39.3,23.7,($1000 X INDEX),F90,VOLATILITY/VARIANCE INDEX,OTHER FINANCIAL INSTRUMENTS,FINANCIAL INSTRUMENTS,FutOnly,29034,22500,-17057,2983,17562,4371,-4136,-19745,29478,4341,-524,527,3895,26876,24402,2158,4632,14,19,14,6,57,14
1503101170E1F,VIX FUTURES - CBOE FUTURES EXCHANGE,2015-03-10T00:00:00.000,2015 Report Week 10,VIX FUTURES,1170E1,E,CHI,117,VOLATILITY/VARIANCE INDEX,355240,58209,19288,41968,88231,32840,27677,39304,124322,54701,8862,6976,17454,336406,325226,18834,30014,100.0,16.4,5.4,11.8,24.8,9.2,7.8,11.1,35.0,15.4,2.5,2.0,4.9,94.7,91.6,5.3,8.4,186,17,8,37,59,8,17,136,157,44.4,16.7,54.7,28.0,37.4,13.8,43.9,23.3,($1000 X INDEX),F90,VOLATILITY/VARIANCE INDEX,OTHER FINANCIAL INSTRUMENTS,FINANCIAL INSTRUMENTS,FutOnly,18170,10157,-9549,1814,15631,2958,-6383,-13621,16949,4283,772,2164,4363,17016,16599,1154,1571,17,19,14,5,63,17
1503171170E1F,VIX FUTURES - CBOE FUTURES EXCHANGE,2015-03-17T00:00:00.000,2015 Report Week 11,VIX FUTURES,1170E1,E,CHI,117,VOLATILITY/VARIANCE INDEX,353684,64900,20034,42953,78358,33565,31860,39753,120388,54473,9710,8679,13103,335110,325055,18574,28629,100.0,18.3,5.7,12.1,22.2,9.5,9.0,11.2,34.0,15.4,2.7,2.5,3.7,94.7,91.9,5.3,8.1,183,14,10,33,61,8,19,138,163,42.5,17.4,54.2,29.7,34.7,14.5,42.0,24.3,($1000 X INDEX),F90,VOLATILITY/VARIANCE INDEX,OTHER FINANCIAL INSTRUMENTS,FINANCIAL INSTRUMENTS,FutOnly,-1556,6691,746,985,-9873,725,4183,449,-3934,-228,848,1703,-4351,-1296,-171,-260,-1385,19,22,13,5,67,15
1503241170E1F,VIX FUTURES - CBOE FUTURES EXCHANGE,2015-03-24T00:00:00.000,2015 Report Week 12,VIX FUTURES,1170E1,E,CHI,117,VOLATILITY/VARIANCE INDEX,349371,71925,13506,32145,92095,37689,23587,37039,137946,50966,5417,8946,15844,329018,320629,20353,28742,100.0,20.6,3.9,9.2,26.4,10.8,6.8,10.6,39.5,14.6,1.6,2.6,4.5,94.2,91.8,5.8,8.2,180,14,7,31,61,8,20,124,159,46.9,19.9,55.4,32.9,41.5,18.2,46.4,29.3,($1000 X INDEX),F90,VOLATILITY/VARIANCE INDEX,OTHER FINANCIAL INSTRUMENTS,FINANCIAL INSTRUMENTS,FutOnly,-4313,7025,-6528,-10808,13737,4124,-8273,-2714,17558,-3507,-4293,267,2741,-6092,-4426,1779,113,17,19,13,7,57,15
1503311170E1F,VIX FUTURES - CBOE FUTURES EXCHANGE,2015-03-31T00:00:00.000,2015 Report Week 13,VIX FUTURES,1170E1,E,CHI,117,VOLATILITY/VARIANCE INDEX,354795,84678,17565,27691,88142,37703,22736,31729,134850,61438,5018,8337,14693,336125,325013,18670,29782,100.0,23.9,5.0,7.8,24.8,10.6,6.4,8.9,38.0,17.3,1.4,2.3,4.1,94.7,91.6,5.3,8.4,177,14,8,31,56,8,20,129,155,45.7,19.2,54.8,31.8,40.0,17.9,45.6,28.4,($1000 X INDEX),F90,VOLATILITY/VARIANCE INDEX,OTHER FINANCIAL INSTRUMENTS,FINANCIAL INSTRUMENTS,FutOnly,5424,12753,4059,-4454,-3953,14,-851,-5310,-3096,10472,-399,-609,-1151,7107,4384,-1683,1040,20,20,12,5,59,18
1504071170E1F,VIX FUTURES - CBOE FUTURES EXCHANGE,2015-04-07T00:00:00.000,2015 Report Week 14,VIX FUTURES,1170E1,E,CHI,117,VOLATILITY/VARIANCE INDEX,379421,83530,14882,32274,83311,38122,24383,46942,151630,69993,5102,6237,13575,359110,351096,20311,28325,100.0,22.0,3.9,8.5,22.0,10.0,6.4,12.4,40.0,18.4,1.3,1.6,3.6,94.6,92.5,5.4,7.5,187,15,9,33,62,8,20,137,160,41.8,19.1,50.8,31.4,36.3,17.5,42.0,27.6,($1000 X INDEX),F90,VOLATILITY/VARIANCE INDEX,OTHER FINANCIAL INSTRUMENTS,FINANCIAL INSTRUMENTS,FutOnly,24626,-1148,-2683,4583,-4831,419,1647,15213,16780,8555,84,-2100,-1118,22985,26083,1641,-1457,20,19,13,6,62,17
1504141170E1F,VIX FUTURES - CBOE FUTURES EXCHANGE,2015-04-14T00:00:00.000,2015 Report Week 15,VIX FUTURES,1170E1,E,CHI,117,VOLATILITY/VARIANCE INDEX,399783,95154,14594,38584,73356,38040,29615,46273,156965,64361,6722,5584,16997,371062,364740,28721,35043,100.0,23.8,3.7,9.7,18.3,9.5,7.4,11.6,39.3,16.1,1.7,1.4,4.3,92.8,91.2,7.2,8.8,191,14,8,36,62,11,22,137,163,41.5,21.0,51.4,33.3,34.1,18.3,40.2,28.2,($1000 X INDEX),F90,VOLATILITY/VARIANCE INDEX,OTHER FINANCIAL INSTRUMENTS,FINANCIAL INSTRUMENTS,FutOnly,20362,11624,-288,6310,-9955,-82,5232,-669,5335,-5632,1620,-653,3422,11952,13644,8410,6718,20,22,12,6,57,17
1504211170E1F,VIX FUTURES - CBOE FUTURES EXCHANGE,2015-04-21T00:00:00.000,2015 Report Week 16,VIX FUTURES,1170E1,E,CHI,117,VOLATILITY/VARIANCE INDEX,368262,103333,21632,23539,81317,40424,24396,43509,158606,55137,4434,5126,11684,347349,340544,20913,27718,100.0,28.1,5.9,6.4,22.1,11.0,6.6,11.8,43.1,15.0,1.2,1.4,3.2,94.3,92.5,5.7,7.5,182,15,10,40,54,10,18,129,151,45.2,20.9,55.6,35.0,40.2,19.7,47.7,32.0,($1000 X INDEX),F90,VOLATILITY/VARIANCE INDEX,OTHER FINANCIAL INSTRUMENTS,FINANCIAL INSTRUMENTS,FutOnly,-31521,8179,7038,-15045,7961,2384,-5219,-2764,1641,-9224,-2288,-458,-5313,-23713,-24196,-7808,-7325,17,16,11,8,54,15
1504281170E1F,VIX FUTURES - CBOE FUTURES EXCHANGE,2015-04-28T00:00:00.000,2015 Report Week 17,VIX FUTURES,1170E1,E,CHI,117,VOLATILITY/VARIANCE INDEX,389284,115061,20544,22290,83139,41296,24291,50809,179817,54453,4982,6207,11789,366814,360687,22470,28597,100.0,29.6,5.3,5.7,21.4,10.6,6.2,13.1,46.2,14.0,1.3,1.6,3.0,94.2,92.7,5.8,7.3,188,14,9,40,55,10,20,134,158,44.8,21.9,54.6,36.5,39.5,21.5,47.6,34.2,($1000 X INDEX),F90,VOLATILITY/VARIANCE INDEX,OTHER FINANCIAL INSTRUMENTS,FINANCIAL INSTRUMENTS,FutOnly,21022,11728,-1088,-1249,1822,872,-105,7300,21211,-684,548,1081,105,19465,20143,1557,879,21,19,9,10,56,19
1505051170E1F,VIX FUTURES - CBOE FUTURES EXCHANGE,2015-05-05T00:00:00.000,2015 Report Week 18,VIX FUTURES,1170E1,E,CHI,117,VOLATILITY/VARIANCE INDEX,395445,117156,15544,24283,89412,41730,22605,43614,181904,61425,2565,6360,11534,372594,365385,22851,30060,100.0,29.6,3.9,6.1,22.6,10.6,5.7,11.0,46.0,15.5,0.6,1.6,2.9,94.2,92.4,5.8,7.6,198,17,9,42,59,9,17,142,157,46.0,21.8,55.8,35.4,40.6,21.8,48.1,32.8,($1000 X INDEX),F90,VOLATILITY/VARIANCE INDEX,OTHER FINANCIAL INSTRUMENTS,FINANCIAL INSTRUMENTS,FutOnly,6161,2095,-5000,1993,6273,434,-1686,-7195,2087,6972,-2417,153,-255,5780,4698,381,1463,19,17,10,12,58,19
1505121170E1F,VIX FUTURES - CBOE FUTURES EXCHANGE,2015-05-12T00:00:00.000,2015 Report Week 19,VIX FUTURES,1170E1,E,CHI,117,VOLATILITY/VARIANCE INDEX,386206,114446,14945,23149,87337,40353,21881,38543,174214,63783,2283,5328,12224,363646,355877,22560,30329,100.0,29.6,3.9,6.0,22.6,10.4,5.7,10.0,45.1,16.5,0.6,1.4,3.2,94.2,92.1,5.8,7.9,190,16,9,40,59,8,17,140,152,47.1,20.7,57.1,34.9,41.6,20.3,48.5,31.1,($1000 X INDEX),F90,VOLATILITY/VARIANCE INDEX,OTHER FINANCIAL INSTRUMENTS,FINANCIAL INSTRUMENTS,FutOnly,-9239,-2710,-599,-1134,-2075,-1377,-724,-5071,-7690,2358,-282,-1032,690,-8948,-9508,-291,269,20,18,10,12,58,15
1505191170E1F,VIX FUTURES - CBOE FUTURES EXCHANGE,2015-05-19T00:00:00.000,2015 Report Week 20,VIX FUTURES,1170E1,E,CHI,117,VOLATILITY/VARIANCE INDEX,418584,107126,19638,29808,72714,39608,30439,61278,173809,75133,3423,6251,14537,394458,389223,24126,29361,100.0,25.6,4.7,7.1,17.4,9.5,7.3,14.6,41.5,17.9,0.8,1.5,3.5,94.2,93.0,5.8,7.0,202,17,11,46,54,10,19,145,169,42.2,22.4,52.7,34.6,36.2,18.7,43.0,28.6,($1000 X INDEX),F90,VOLATILITY/VARIANCE INDEX,OTHER FINANCIAL INSTRUMENTS,FINANCIAL INSTRUMENTS,FutOnly,32378,-7320,4693,6659,-14623,-745,8558,22735,-405,11350,1140,923,2313,30812,33346,1566,-968,21,21,12,12,61,17
1505261170E1F,VIX FUTURES - CBOE FUTURES EXCHANGE,2015-05-26T00:00:00.000,2015 Report Week 21,VIX FUTURES,1170E1,E,CHI,117,VOLATILITY/VARIANCE INDEX,385211,111410,15368,19266,77151,38817,25971,47144,174592,63678,3474,5988,14518,362612,358198,22599,27013,100.0,28.9,4.0,5.0,20.0,10.1,6.7,12.2,45.3,16.5,0.9,1.6,3.8,94.1,93.0,5.9,7.0,205,17,8,52,55,11,14,148,157,44.4,23.1,53.8,36.3,38.6,21.8,45.7,32.4,($1000 X INDEX),F90,VOLATILITY/VARIANCE INDEX,OTHER FINANCIAL INSTRUMENTS,FINANCIAL INSTRUMENTS,FutOnly,-33373,4284,-4270,-10542,4437,-791,-4468,-14134,783,-11455,51,-263,-19,-31846,-31025,-1527,-2348,21,17,12,12,61,15
1506021170E1F,VIX FUTURES - CBOE FUTURES EXCHANGE,2015-06-02T00:00:00.000,2015 Report Week 22,VIX FUTURES,1170E1,E,CHI,117,VOLATILITY/VARIANCE INDEX,379061,116350,13389,18983,74759,38076,23385,43105,176150,63142,4095,5490,13289,357108,351904,21953,27157,100.0,30.7,3.5,5.0,19.7,10.0,6.2,11.4,46.5,16.7,1.1,1.4,3.5,94.2,92.8,5.8,7.2,199,17,9,44,58,11,14,146,154,43.3,21.2,51.7,33.7,38.5,20.6,45.4,31.7,($1000 X INDEX),F90,VOLATILITY/VARIANCE INDEX,OTHER FINANCIAL INSTRUMENTS,FINANCIAL INSTRUMENTS,FutOnly,-6150,4940,-1979,-283,-2392,-741,-2586,-4039,1558,-536,621,-498,-1229,-5504,-6294,-646,144,19,20,12,12,58,14
1506091170E1F,VIX FUTURES - CBOE FUTURES EXCHANGE,2015-06-09T00:00:00.000,2015 Report Week 23,VIX FUTURES,1170E1,E,CHI,117,VOLATILITY/VARIANCE INDEX,365614,117736,16192,19325,67843,38515,24388,41385,166978,52404,6334,6770,12688,342103,337260,23511,28354,100.0,32.2,4.4,5.3,18.6,10.5,6.7,11.3,45.7,14.3,1.7,1.9,3.5,93.6,92.2,6.4,7.8,198,15,10,40,57,15,18,148,152,40.4,20.6,49.1,33.4,36.4,20.3,43.9,31.6,($1000 X INDEX),F90,VOLATILITY/VARIANCE INDEX,OTHER FINANCIAL INSTRUMENTS,FINANCIAL INSTRUMENTS,FutOnly,-13447,1386,2803,342,-6916,439,1003,-1720,-9172,-10738,2239,1280,-601,-15005,-14644,1558,1197,20,18,10,13,56,17
1506161170E1F,VIX FUTURES - CBOE FUTURES EXCHANGE,2015-06-16T00:00:00.000,2015 Report Week 24,VIX FUTURES,1170E1,E,CHI,117,VOLATILITY/VARIANCE INDEX,373381,115738,18728,24770,53221,37297,24492,54399,165023,55704,5749,6446,13333,347406,345793,25975,27588,100.0,31.0,5.0,6.6,14.3,10.0,6.6,14.6,44.2,14.9,1.5,1.7,3.6,93.0,92.6,7.0,7.4,195,18,11,46,52,10,18,141,155,36.1,21.5,45.3,35.3,30.9,21.0,38.3,33.9,($1000 X INDEX),F90,VOLATILITY/VARIANCE INDEX,OTHER FINANCIAL INSTRUMENTS,FINANCIAL INSTRUMENTS,FutOnly,7767,-1998,2536,5445,-14622,-1218,104,13014,-1955,3300,-585,-324,645,5303,8533,2464,-766,19,19,9,12,53,17
1506231170E1F,VIX FUTURES - CBOE FUTURES EXCHANGE,2015-06-23T00:00:00.000,2015 Report Week 25,VIX FUTURES,1170E1,E,CHI,117,VOLATILITY/VARIANCE INDEX,366536,94427,15790,22263,81860,40959,23064,51730,160122,49715,4408,6761,16970,344437,335644,22099,30892,100.0,25.8,4.3,6.1,22.3,11.2,6.3,14.1,43.7,13.6,1.2,1.8,4.6,94.0,91.6,6.0,8.4,208,18,10,40,60,14,24,146,161,39.9,18.4,49.1,32.0,34.5,18.4,42.5,29.8,($1000 X INDEX),F90,VOLATILITY/VARIANCE INDEX,OTHER FINANCIAL INSTRUMENTS,FINANCIAL INSTRUMENTS,FutOnly,-6845,-21311,-2938,-2507,28639,3662,-1428,-2669,-4901,-5989,-1341,315,3637,-2969,-10149,-3876,3304,19,20,10,15,45,19
1506301170E1F,VIX FUTURES - CBOE FUTURES EXCHANGE,2015-06-30T00:00:00.000,2015 Report Week 26,VIX FUTURES,1170E1,E,CHI,117,VOLATILITY/VARIANCE INDEX,336956,84342,13143,30209,68963,38135,18051,43069,137116,47543,4417,6045,15841,312435,306083,24521,30873,100.0,25.0,3.9,9.0,20.5,11.3,5.4,12.8,40.7,14.1,1.3,1.8,4.7,92.7,90.8,7.3,9.2,183,13,9,36,46,14,24,145,138,37.7,19.3,47.8,33.4,32.7,19.2,40.1,31.2,($1000 X INDEX),F90,VOLATILITY/VARIANCE INDEX,OTHER FINANCIAL INSTRUMENTS,FINANCIAL INSTRUMENTS,FutOnly,-29580,-10085,-2647,7946,-12897,-2824,-5013,-8661,-23006,-2172,9,-716,-1129,-32002,-29561,2422,-19,17,18,12,16,49,13
1507071170E1F,VIX FUTURES - CBOE FUTURES EXCHANGE,2015-07-07T00:00:00.000,2015 Report Week 27,VIX FUTURES,1170E1,E,CHI,117,VOLATILITY/VARIANCE INDEX,316571,70959,27015,25373,49853,33962,25768,57892,110185,46818,3939,5098,13987,294589,288206,21982,28365,100.0,22.4,8.5,8.0,15.7,10.7,8.1,18.3,34.8,14.8,1.2,1.6,4.4,93.1,91.0,6.9,9.0,180,15,9,38,41,13,22,138,138,34.8,20.6,45.9,34.0,27.2,17.9,35.4,28.2,($1000 X INDEX),F90,VOLATILITY/VARIANCE INDEX,OTHER FINANCIAL INSTRUMENTS,FINANCIAL INSTRUMENTS,FutOnly,-20385,-13383,13872,-4836,-19110,-4173,7717,14823,-26931,-725,-478,-947,-1854,-17846,-17877,-2539,-2508,15,19,17,15,46,11
1507141170E1F,VIX FUTURES - CBOE FUTURES EXCHANGE,2015-07-14T00:00:00.000,2015 Report Week 28,VIX FUTURES,1170E1,E,CHI,117,VOLATILITY/VARIANCE INDEX,329967,75385,43455,19758,49905,33553,28872,56698,96335,54887,4757,6445,16454,306716,299759,23251,30208,100.0,22.8,13.2,6.0,15.1,10.2,8.7,17.2,29.2,16.6,1.4,2.0,5.0,93.0,90.8,7.0,9.2,189,17,7,34,57,11,23,129,159,36.1,21.0,46.8,32.9,28.8,17.5,36.7,27.6,($1000 X INDEX),F90,VOLATILITY/VARIANCE INDEX,OTHER FINANCIAL INSTRUMENTS,FINANCIAL INSTRUMENTS,FutOnly,13396,4426,16440,-5615,52,-409,3104,-1194,-13850,8069,818,1347,2467,12127,11553,1269,1843,16,19,15,10,50,16
1507211170E1F,VIX FUTURES - CBOE FUTURES EXCHANGE,2015-07-21T00:00:00.000,2015 Report Week 29,VIX FUTURES,1170E1,E,CHI,117,VOLATILITY/VARIANCE INDEX,368795,75303,43781,21612,54693,41158,24811,91507,128015,57288,8087,8387,12648,345949,337700,22846,31095,100.0,20.4,11.9,5.9,14.8,11.2,6.7,24.8,34.7,15.5,2.2,2.3,3.4,93.8,91.6,6.2,8.4,202,20,10,41,53,13,23,141,166,30.9,21.2,41.1,33.7,25.2,19.9,33.0,29.5,($1000 X INDEX),F90,VOLATILITY/VARIANCE INDEX,OTHER FINANCIAL INSTRUMENTS,FINANCIAL INSTRUMENTS,FutOnly,38828,-82,326,1854,4788,7605,-4061,34809,31680,2401,3330,1942,-3806,39233,37941,-405,887,20,22,14,9,50,19
1507281170E1F,VIX FUTURES - CBOE FUTURES EXCHANGE,2015-07-28T00:00:00.000,2015 Report Week 30,VIX FUTURES,1170E1,E,CHI,117,VOLATILITY/VARIANCE INDEX,317371,74009,18853,14942,55035,40958,21601,67677,127354,43959,6588,6474,12602,296413,286743,20958,30628,100.0,23.3,5.9,4.7,17.3,12.9,6.8,21.3,40.1,13.9,2.1,2.0,4.0,93.4,90.3,6.6,9.7,185,16,8,39,49,15,22,132,149,33.9,22.7,43.8,38.8,27.2,21.8,35.7,35.1,($1000 X INDEX),F90,VOLATILITY/VARIANCE INDEX,OTHER FINANCIAL INSTRUMENTS,FINANCIAL INSTRUMENTS,FutOnly,-51424,-1294,-24928,-6670,342,-200,-3210,-23830,-661,-13329,-1499,-1913,-46,-49536,-50957,-1888,-467,20,19,13,9,47,12
1508041170E1F,VIX FUTURES - CBOE FUTURES EXCHANGE,2015-08-04T00:00:00.000,2015 Report Week 31,VIX FUTURES,1170E1,E,CHI,117,VOLATILITY/VARIANCE INDEX,332508,74105,17688,17576,58560,42595,19494,71919,132475,50523,6816,9257,12421,311414,302029,21094,30479,100.0,22.3,5.3,5.3,17.6,12.8,5.9,21.6,39.8,15.2,2.0,2.8,3.7,93.7,90.8,6.3,9.2,192,18,9,40,49,16,21,132,153,32.6,20.8,42.9,36.0,26.7,20.6,35.5,33.8,($1000 X INDEX),F90,VOLATILITY/VARIANCE INDEX,OTHER FINANCIAL INSTRUMENTS,FINANCIAL INSTRUMENTS,FutOnly,15137,96,-1165,2634,3525,1637,-2107,4242,5121,6564,228,2783,-181,15001,15286,136,-149,19,17,11,9,46,22
1508111170E1F,VIX FUTURES - CBOE FUTURES EXCHANGE,2015-08-11T00:00:00.000,2015 Report Week 32,VIX FUTURES,1170E1,E,CHI,117,VOLATILITY/VARIANCE INDEX,350640,84950,6612,24013,60084,40978,17267,64921,154993,54668,7660,8879,13656,327219,321066,23421,29574,100.0,24.2,1.9,6.8,17.1,11.7,4.9,18.5,44.2,15.6,2.2,2.5,3.9,93.3,91.6,6.7,8.4,207,17,10,39,57,15,22,143,158,31.2,22.5,41.9,37.0,26.0,22.5,34.4,34.5,($1000 X INDEX),F90,VOLATILITY/VARIANCE INDEX,OTHER FINANCIAL INSTRUMENTS,FINANCIAL INSTRUMENTS,FutOnly,18132,10845,-11076,6437,1524,-1617,-2227,-6998,22518,4145,844,-378,1235,15805,19037,2327,-905,23,17,11,13,45,21
1508181170E1F,VIX FUTURES - CBOE FUTURES EXCHANGE,2015-08-18T00:00:00.000,2015 Report Week 33,VIX FUTURES,1170E1,E,CHI,117,VOLATILITY/VARIANCE INDEX,344113,83914,16084,24645,48975,41481,18227,70970,138061,53293,7526,9299,13418,320968,314508,23145,29605,100.0,24.4,4.7,7.2,14.2,12.1,5.3,20.6,40.1,15.5,2.2,2.7,3.9,93.3,91.4,6.7,8.6,221,18,8,46,55,18,23,150,175,28.5,20.4,40.5,34.7,22.9,19.8,32.2,32.1,($1000 X INDEX),F90,VOLATILITY/VARIANCE INDEX,OTHER FINANCIAL INSTRUMENTS,FINANCIAL INSTRUMENTS,FutOnly,-6527,-1036,9472,632,-11109,503,960,6049,-16932,-1375,-134,420,-238,-6251,-6558,-276,31,21,20,12,14,53,25
1508251170E1F,VIX FUTURES - CBOE FUTURES EXCHANGE,2015-08-25T00:00:00.000,2015 Report Week 34,VIX FUTURES,1170E1,E,CHI,117,VOLATILITY/VARIANCE INDEX,318599,65355,47452,17649,39425,25817,18970,77221,109481,46663,8157,7416,12594,286034,286042,32565,32557,100.0,20.5,14.9,5.5,12.4,8.1,6.0,24.2,34.4,14.6,2.6,2.3,4.0,89.8,89.8,10.2,10.2,180,11,8,45,38,17,19,140,134,28.6,30.5,42.2,46.2,21.5,29.1,32.3,40.1,($1000 X INDEX),F90,VOLATILITY/VARIANCE INDEX,OTHER FINANCIAL INSTRUMENTS,FINANCIAL INSTRUMENTS,FutOnly,-25514,-18559,31368,-6996,-9550,-15664,743,6251,-28580,-6630,631,-1883,-824,-34934,-28466,9420,2952,18,20,14,14,47,15
1509011170E1F,VIX FUTURES - CBOE FUTURES EXCHANGE,2015-09-01T00:00:00.000,2015 Report Week 35,VIX FUTURES,1170E1,E,CHI,117,VOLATILITY/VARIANCE INDEX,330119,54205,70064,22858,26577,23726,23089,103926,88193,45219,8543,9644,14935,299352,297728,30767,32391,100.0,16.4,21.2,6.9,8.1,7.2,7.0,31.5,26.7,13.7,2.6,2.9,4.5,90.7,90.2,9.3,9.8,179,12,8,44,40,15,19,138,139,26.3,29.3,39.3,44.3,19.6,25.9,27.8,35.9,($1000 X INDEX),F90,VOLATILITY/VARIANCE INDEX,OTHER FINANCIAL INSTRUMENTS,FINANCIAL INSTRUMENTS,FutOnly,11520,-11150,22612,5209,-12848,-2091,4119,26705,-21288,-1444,386,2228,2341,13318,11686,-1798,-166,14,19,18,12,52,16
1509081170E1F,VIX FUTURES - CBOE FUTURES EXCHANGE,2015-09-08T00:00:00.000,2015 Report Week 36,VIX FUTURES,1170E1,E,CHI,117,VOLATILITY/VARIANCE INDEX,328265,49308,87264,22273,24544,29448,31939,103819,61157,51211,7258,6647,14853,305205,304792,23060,23473,100.0,15.0,26.6,6.8,7.5,9.0,9.7,31.6,18.6,15.6,2.2,2.0,4.5,93.0,92.8,7.0,7.2,184,12,9,49,35,19,26,148,142,27.7,36.1,40.0,52.3,19.0,31.5,26.9,39.2,($1000 X INDEX),F90,VOLATILITY/VARIANCE INDEX,OTHER FINANCIAL INSTRUMENTS,FINANCIAL INSTRUMENTS,FutOnly,-1854,-4897,17200,-585,-2033,5722,8850,-107,-27036,5992,-1285,-2997,-82,5853,7064,-7707,-8918,13,20,20,14,51,10
1509151170E1F,VIX FUTURES - CBOE FUTURES EXCHANGE,2015-09-15T00:00:00.000,2015 Report Week 37,VIX FUTURES,1170E1,E,CHI,117,VOLATILITY/VARIANCE INDEX,358430,48322,104676,29469,20142,30806,38546,107615,43862,67137,8584,4396,14726,334541,333618,23889,24812,100.0,13.5,29.2,8.2,5.6,8.6,10.8,30.0,12.2,18.7,2.4,1.2,4.1,93.3,93.1,6.7,6.9,180,12,6,52,30,22,22,152,136,27.4,40.1,39.1,56.4,15.5,32.6,22.2,39.4,($1000 X INDEX),F90,VOLATILITY/VARIANCE INDEX,OTHER FINANCIAL INSTRUMENTS,FINANCIAL INSTRUMENTS,FutOnly,30165,-986,17412,7196,-4402,1358,6607,3796,-17295,15926,1326,-2251,-127,29336,28826,829,1339,15,23,16,14,57,10
1509221170E1F,VIX FUTURES - CBOE FUTURES EXCHANGE,2015-09-22T00:00:00.000,2015 Report Week 38,VIX FUTURES,1170E1,E,CHI,117,VOLATILITY/VARIANCE INDEX,313001,47154,93017,16997,22852,30006,33203,97871,49436,53323,6513,2586,12685,290598,291253,22403,21748,100.0,15.1,29.7,5.4,7.3,9.6,10.6,31.3,15.8,17.0,2.1,0.8,4.1,92.8,93.1,7.2,6.9,156,11,6,42,30,18,20,126,116,29.6,41.7,41.4,59.1,16.5,35.4,25.8,42.5,($1000 X INDEX),F90,VOLATILITY/VARIANCE INDEX,OTHER FINANCIAL INSTRUMENTS,FINANCIAL INSTRUMENTS,FutOnly,-45429,-1168,-11659,-12472,2710,-800,-5343,-9744,5574,-13814,-2071,-1810,-2041,-43943,-42365,-1486,-3064,13,19,15,11,41,8
1509291170E1F,VIX FUTURES - CBOE FUTURES EXCHANGE,2015-09-29T00:00:00.000,2015 Report Week 39,VIX FUTURES,1170E1,E,CHI,117,VOLATILITY/VARIANCE INDEX,304870,41111,85345,20401,22716,29618,27981,98700,48037,53054,5920,3707,13092,282975,281235,21895,23635,100.0,13.5,28.0,6.7,7.5,9.7,9.2,32.4,15.8,17.4,1.9,1.2,4.3,92.8,92.2,7.2,7.8,168,10,6,52,28,15,20,139,124,26.8,38.6,37.6,57.4,13.8,33.7,23.2,40.9,($1000 X INDEX),F90,VOLATILITY/VARIANCE INDEX,OTHER FINANCIAL INSTRUMENTS,FINANCIAL INSTRUMENTS,FutOnly,-8131,-6043,-7672,3404,-136,-388,-5222,829,-1399,-269,-593,1121,407,-7623,-10018,-508,1887,12,21,17,13,48,11
1510061170E1F,VIX FUTURES - CBOE FUTURES EXCHANGE,2015-10-06T00:00:00.000,2015 Report Week 40,VIX FUTURES,1170E1,E,CHI,117,VOLATILITY/VARIANCE INDEX,323209,44311,101204,17953,21267,29390,37028,97885,36993,58491,8520,2859,16659,302114,300577,21095,22632,100.0,13.7,31.3,5.6,6.6,9.1,11.5,30.3,11.4,18.1,2.6,0.9,5.2,93.5,93.0,6.5,7.0,163,11,9,40,31,14,24,137,128,28.0,44.4,39.7,61.3,12.8,36.2,23.3,42.3,($1000 X INDEX),F90,VOLATILITY/VARIANCE INDEX,OTHER FINANCIAL INSTRUMENTS,FINANCIAL INSTRUMENTS,FutOnly,18339,3200,15859,-2448,-1449,-228,9047,-815,-11044,5437,2600,-848,3567,19139,19342,-800,-1003,16,21,14,12,48,13
1510131170E1F,VIX FUTURES - CBOE FUTURES EXCHANGE,2015-10-13T00:00:00.000,2015 Report Week 41,VIX FUTURES,1170E1,E,CHI,117,VOLATILITY/VARIANCE INDEX,332413,37074,95809,24477,26973,28577,39631,98430,39084,64381,9768,2696,11733,312467,306388,19946,26025,100.0,11.2,28.8,7.4,8.1,8.6,11.9,29.6,11.8,19.4,2.9,0.8,3.5,94.0,92.2,6.0,7.8,160,11,9,41,34,17,20,129,131,31.0,45.7,41.7,58.0,16.0,33.5,23.6,38.7,($1000 X INDEX),F90,VOLATILITY/VARIANCE INDEX,OTHER FINANCIAL INSTRUMENTS,FINANCIAL INSTRUMENTS,FutOnly,9204,-7237,-5395,6524,5706,-813,2603,545,2091,5890,1248,-163,-4926,10353,5811,-1149,3393,15,21,11,12,50,11
1510201170E1F,VIX FUTURES - CBOE FUTURES EXCHANGE,2015-10-20T00:00:00.000,2015 Report Week 42,VIX FUTURES,1170E1,E,CHI,117,VOLATILITY/VARIANCE INDEX,333525,36252,90496,33364,37218,31617,43445,81426,36183,56777,9351,4253,9772,307605,305907,25920,27618,100.0,10.9,27.1,10.0,11.2,9.5,13.0,24.4,10.8,17.0,2.8,1.3,2.9,92.2,91.7,7.8,8.3,173,15,7,41,39,14,16,137,143,30.5,43.6,42.5,53.6,18.1,30.7,25.9,35.0,($1000 X INDEX),F90,VOLATILITY/VARIANCE INDEX,OTHER FINANCIAL INSTRUMENTS,FINANCIAL INSTRUMENTS,FutOnly,1112,-822,-5313,8887,10245,3040,3814,-17004,-2901,-7604,-417,1557,-1961,-4862,-481,5974,1593,18,24,12,12,60,12
1510271170E1F,VIX FUTURES - CBOE FUTURES EXCHANGE,2015-10-27T00:00:00.000,2015 Report Week 43,VIX FUTURES,1170E1,E,CHI,117,VOLATILITY/VARIANCE INDEX,312340,43784,81377,17023,40621,33504,44637,71101,44415,46545,10793,4112,11998,286502,283611,25838,28729,100.0,14.0,26.1,5.5,13.0,10.7,14.3,22.8,14.2,14.9,3.5,1.3,3.8,91.7,90.8,8.3,9.2,168,14,6,41,37,17,16,124,131,32.5,45.4,42.6,54.9,18.4,32.6,26.2,37.1,($1000 X INDEX),F90,VOLATILITY/VARIANCE INDEX,OTHER FINANCIAL INSTRUMENTS,FINANCIAL INSTRUMENTS,FutOnly,-21185,7532,-9119,-16341,3403,1887,1192,-10325,8232,-10232,1442,-141,2226,-21103,-22296,-82,1111,13,18,13,12,47,11
1511031170E1F,VIX FUTURES - CBOE FUTURES EXCHANGE,2015-11-03T00:00:00.000,2015 Report Week 44,VIX FUTURES,1170E1,E,CHI,117,VOLATILITY/VARIANCE INDEX,321131,46692,75319,16992,47637,35865,44546,74002,55436,46773,8589,6362,12528,297759,293821,23372,27310,100.0,14.5,23.5,5.3,14.8,11.2,13.9,23.0,17.3,14.6,2.7,2.0,3.9,92.7,91.5,7.3,8.5,176,16,6,40,41,16,16,130,139,33.7,42.5,44.3,53.9,20.0,31.4,29.1,37.2,($1000 X INDEX),F90,VOLATILITY/VARIANCE INDEX,OTHER FINANCIAL INSTRUMENTS,FINANCIAL INSTRUMENTS,FutOnly,8791,2908,-6058,-31,7016,2361,-91,2901,11021,228,-2204,2250,530,11257,10210,-2466,-1419,15,21,11,12,50,17
1511101170E1F,VIX FUTURES - CBOE FUTURES EXCHANGE,2015-11-10T00:00:00.000,2015 Report Week 45,VIX FUTURES,1170E1,E,CHI,117,VOLATILITY/VARIANCE INDEX,324542,58657,76558,14443,50984,35683,40926,69591,67217,46495,10969,6893,9627,301692,297842,22850,26700,100.0,18.1,23.6,4.5,15.7,11.0,12.6,21.4,20.7,14.3,3.4,2.1,3.0,93.0,91.8,7.0,8.2,177,17,8,36,39,14,18,124,140,31.7,42.7,43.4,53.6,20.1,33.8,30.5,39.2,($1000 X INDEX),F90,VOLATILITY/VARIANCE INDEX,OTHER FINANCIAL INSTRUMENTS,FINANCIAL INSTRUMENTS,FutOnly,3411,11965,1239,-2549,3347,-182,-3620,-4411,11781,-278,2380,531,-2901,3933,4021,-522,-610,15,17,12,13,44,22
1511171170E1F,VIX FUTURES - CBOE FUTURES EXCHANGE,2015-11-17T00:00:00.000,2015 Report Week 46,VIX FUTURES,1170E1,E,CHI,117,VOLATILITY/VARIANCE INDEX,297025,60862,66562,17557,51037,32158,33962,48203,69061,45709,8721,2975,10202,276253,278186,20772,18839,100.0,20.5,22.4,5.9,17.2,10.8,11.4,16.2,23.3,15.4,2.9,1.0,3.4,93.0,93.7,7.0,6.3,175,14,8,35,44,17,20,137,136,36.5,37.9,47.1,49.3,25.0,30.2,33.7,37.0,($1000 X INDEX),F90,VOLATILITY/VARIANCE INDEX,OTHER FINANCIAL INSTRUMENTS,FINANCIAL INSTRUMENTS,FutOnly,-27517,2205,-9996,3114,53,-3525,-6964,-21388,1844,-786,-2248,-3918,575,-25439,-19656,-2078,-7861,17,20,14,13,50,10
1511241170E1F,VIX FUTURES - CBOE FUTURES EXCHANGE,2015-11-24T00:00:00.000,2015 Report Week 47,VIX FUTURES,1170E1,E,CHI,117,VOLATILITY/VARIANCE INDEX,286132,53114,63998,13435,53702,33635,37563,49773,57405,44043,8703,5009,6374,266707,261462,19425,24670,100.0,18.6,22.4,4.7,18.8,11.8,13.1,17.4,20.1,15.4,3.0,1.8,2.2,93.2,91.4,6.8,8.6,163,13,8,29,42,12,12,112,126,35.8,40.5,46.9,52.3,23.6,31.7,32.1,38.2,($1000 X INDEX),F90,VOLATILITY/VARIANCE INDEX,OTHER FINANCIAL INSTRUMENTS,FINANCIAL INSTRUMENTS,FutOnly,-10893,-7748,-2564,-4122,2665,1477,3601,1570,-11656,-1666,-18,2034,-3828,-9546,-16724,-1347,5831,16,16,13,14,39,17
1512011170E1F,VIX FUTURES - CBOE FUTURES EXCHANGE,2015-12-01T00:00:00.000,2015 Report Week 48,VIX FUTURES,1170E1,E,CHI,117,VOLATILITY/VARIANCE INDEX,312156,62527,66601,14732,52516,35776,42670,51355,67815,47053,11889,4855,6674,289416,286176,22740,25980,100.0,20.0,21.3,4.7,16.8,11.5,13.7,16.5,21.7,15.1,3.8,1.6,2.1,92.7,91.7,7.3,8.3,176,15,9,34,42,18,12,118,137,35.5,40.8,46.6,53.4,22.7,32.6,32.0,38.5,($1000 X INDEX),F90,VOLATILITY/VARIANCE INDEX,OTHER FINANCIAL INSTRUMENTS,FINANCIAL INSTRUMENTS,FutOnly,26024,9413,2603,1297,-1186,2141,5107,1582,10410,3010,3186,-154,300,22709,24714,3315,1310,16,13,10,14,45,17
1512081170E1F,VIX FUTURES - CBOE FUTURES EXCHANGE,2015-12-08T00:00:00.000,2015 Report Week 49,VIX FUTURES,1170E1,E,CHI,117,VOLATILITY/VARIANCE INDEX,295272,62634,56335,17231,60866,34737,37095,40888,77306,38993,10669,3509,6511,274887,271717,20385,23555,100.0,21.2,19.1,5.8,20.6,11.8,12.6,13.8,26.2,13.2,3.6,1.2,2.2,93.1,92.0,6.9,8.0,163,11,10,29,47,14,15,122,128,40.3,36.4,51.8,48.9,29.6,29.0,37.9,37.3,($1000 X INDEX),F90,VOLATILITY/VARIANCE INDEX,OTHER FINANCIAL INSTRUMENTS,FINANCIAL INSTRUMENTS,FutOnly,-16884,107,-10266,2499,8350,-1039,-5575,-10467,9491,-8060,-1220,-1346,-163,-14529,-14459,-2355,-2425,14,16,14,15,46,9
1512151170E1F,VIX FUTURES - CBOE FUTURES EXCHANGE,2015-12-15T00:00:00.000,2015 Report Week 50,VIX FUTURES,1170E1,E,CHI,117,VOLATILITY/VARIANCE INDEX,281186,66587,62667,15711,33521,34243,39879,46836,54247,41672,10477,5717,7685,262368,261821,18818,19365,100.0,23.7,22.3,5.6,11.9,12.2,14.2,16.7,19.3,14.8,3.7,2.0,2.7,93.3,93.1,6.7,6.9,169,9,10,39,39,14,20,139,130,36.1,39.2,47.9,51.0,22.2,28.6,30.9,36.4,($1000 X INDEX),F90,VOLATILITY/VARIANCE INDEX,OTHER FINANCIAL INSTRUMENTS,FINANCIAL INSTRUMENTS,FutOnly,-14086,3953,6332,-1520,-27345,-494,2784,5948,-23059,2679,-192,2208,1174,-12519,-9896,-1567,-4190,14,19,15,16,51,12
1512221170E1F,VIX FUTURES - CBOE FUTURES EXCHANGE,2015-12-22T00:00:00.000,2015 Report Week 51,VIX FUTURES,1170E1,E,CHI,117,VOLATILITY/VARIANCE INDEX,249793,66589,69039,7231,20875,25162,46662,46215,41452,32458,8327,2544,4392,232749,228940,17044,20853,100.0,26.7,27.6,2.9,8.4,10.1,18.7,18.5,16.6,13.0,3.3,1.0,1.8,93.2,91.7,6.8,8.3,145,9,11,36,31,10,9,109,105,34.8,48.9,47.5,59.1,18.3,32.5,29.7,40.7,($1000 X INDEX),F90,VOLATILITY/VARIANCE INDEX,OTHER FINANCIAL INSTRUMENTS,FINANCIAL INSTRUMENTS,FutOnly,-31393,2,6372,-8480,-12646,-9081,6783,-621,-12795,-9214,-2150,-3173,-3293,-29619,-32881,-1774,1488,14,11,12,15,38,8
1512291170E1F,VIX FUTURES - CBOE FUTURES EXCHANGE,2015-12-29T00:00:00.000,2015 Report Week 52,VIX FUTURES,1170E1,E,CHI,117,VOLATILITY/VARIANCE INDEX,265867,64222,68611,11192,49040,26754,41762,38746,55398,31289,8708,3868,4688,249647,243562,16220,22305,100.0,24.2,25.8,4.2,18.4,10.1,15.7,14.6,20.8,11.8,3.3,1.5,1.8,93.9,91.6,6.1,8.4,161,9,8,40,37,15,10,123,116,38.9,44.9,51.3,55.1,24.7,31.5,35.9,40.8,($1000 X INDEX),F90,VOLATILITY/VARIANCE INDEX,OTHER FINANCIAL INSTRUMENTS,FINANCIAL INSTRUMENTS,FutOnly,16074,-2367,-428,3961,28165,1592,-4900,-7469,13946,-1169,381,1324,296,16898,14622,-824,1452,15,16,11,14,44,11
1601051170E1F,VIX FUTURES - CBOE FUTURES EXCHANGE,2016-01-05T00:00:00.000,2016 Report Week 01,VIX FUTURES,1170E1,E,CHI,117,VOLATILITY/VARIANCE INDEX,243307,56991,57456,11963,38856,23528,38284,34570,52477,30207,7059,1046,7132,225062,222093,18245,21214,100.0,23.4,23.6,4.9,16.0,9.7,15.7,14.2,21.6,12.4,2.9,0.4,2.9,92.5,91.3,7.5,8.7,154,9,8,40,33,15,15,122,108,38.1,42.6,50.4,53.6,23.7,29.1,33.3,38.2,($1000 X INDEX),F90,VOLATILITY/VARIANCE INDEX,OTHER FINANCIAL INSTRUMENTS,FINANCIAL INSTRUMENTS,FutOnly,-22560,-7231,-11155,771,-10184,-3226,-3478,-4176,-2921,-1082,-1649,-2822,2444,-24585,-21469,2025,-1091,14,14,13,13,39,5
1601121170E1F,VIX FUTURES - CBOE FUTURES EXCHANGE,2016-01-12T00:00:00.000,2016 Report Week 02,VIX FUTURES,1170E1,E,CHI,117,VOLATILITY/VARIANCE INDEX,243063,48355,56478,10033,15999,21628,37714,57436,43517,34782,4489,3427,14119,222927,221698,20136,21365,100.0,19.9,23.2,4.1,6.6,8.9,15.5,23.6,17.9,14.3,1.8,1.4,5.8,91.7,91.2,8.3,8.8,162,10,8,47,33,12,14,131,117,28.8,40.7,39.9,50.1,17.0,24.4,25.9,33.2,($1000 X INDEX),F90,VOLATILITY/VARIANCE INDEX,OTHER FINANCIAL INSTRUMENTS,FINANCIAL INSTRUMENTS,FutOnly,-244,-8636,-978,-1930,-22857,-1900,-570,22866,-8960,4575,-2570,2381,6987,-2135,-395,1891,151,14,16,16,11,48,9
1601191170E1F,VIX FUTURES - CBOE FUTURES EXCHANGE,2016-01-19T00:00:00.000,2016 Report Week 03,VIX FUTURES,1170E1,E,CHI,117,VOLATILITY/VARIANCE INDEX,277758,41103,62718,23150,25020,6960,36402,71269,63406,36166,2995,6757,14423,250528,249982,27230,27776,100.0,14.8,22.6,8.3,9.0,2.5,13.1,25.7,22.8,13.0,1.1,2.4,5.2,90.2,90.0,9.8,10.0,159,7,6,46,36,10,15,131,115,29.3,34.7,40.5,45.2,17.8,23.4,25.1,30.1,($1000 X INDEX),F90,VOLATILITY/VARIANCE INDEX,OTHER FINANCIAL INSTRUMENTS,FINANCIAL INSTRUMENTS,FutOnly,34695,-7252,6240,13117,9021,-14668,-1312,13833,19889,1384,-1494,3330,304,27601,28284,7094,6411,13,17,16,11,49,9
1601261170E1F,VIX FUTURES - CBOE FUTURES EXCHANGE,2016-01-26T00:00:00.000,2016 Report Week 04,VIX FUTURES,1170E1,E,CHI,117,VOLATILITY/VARIANCE INDEX,249347,23182,68996,15633,31360,6734,37106,70217,46783,33438,2448,3773,14040,227424,226503,21923,22844,100.0,9.3,27.7,6.3,12.6,2.7,14.9,28.2,18.8,13.4,1.0,1.5,5.6,91.2,90.8,8.8,9.2,134,6,6,39,30,6,14,107,104,32.7,37.5,42.7,49.5,18.1,25.4,26.1,33.3,($1000 X INDEX),F90,VOLATILITY/VARIANCE INDEX,OTHER FINANCIAL INSTRUMENTS,FINANCIAL INSTRUMENTS,FutOnly,-28411,-17921,6278,-7517,6340,-226,704,-1052,-16623,-2728,-547,-2984,-383,-23104,-23479,-5307,-4932,10,16,15,11,41,8
1602021170E1F,VIX FUTURES - CBOE FUTURES EXCHANGE,2016-02-02T00:00:00.000,2016 Report Week 05,VIX FUTURES,1170E1,E,CHI,117,VOLATILITY/VARIANCE INDEX,252613,22900,68661,19282,50169,6942,29694,56338,49274,33748,2094,3343,14625,228850,225569,23763,27044,100.0,9.1,27.2,7.6,19.9,2.7,11.8,22.3,19.5,13.4,0.8,1.3,5.8,90.6,89.3,9.4,10.7,147,5,6,42,35,8,16,122,110,33.6,32.6,43.0,45.3,21.8,23.5,28.8,32.3,($1000 X INDEX),F90,VOLATILITY/VARIANCE INDEX,OTHER FINANCIAL INSTRUMENTS,FINANCIAL INSTRUMENTS,FutOnly,3266,-282,-335,3649,18809,208,-7412,-13879,2491,310,-354,-430,585,1426,-934,1840,4200,12,17,12,13,46,9
1602091170E1F,VIX FUTURES - CBOE FUTURES EXCHANGE,2016-02-09T00:00:00.000,2016 Report Week 06,VIX FUTURES,1170E1,E,CHI,117,VOLATILITY/VARIANCE INDEX,261604,21171,67084,22588,44361,7105,25381,63756,60705,36943,4889,2206,15166,234255,237178,27349,24426,100.0,8.1,25.6,8.6,17.0,2.7,9.7,24.4,23.2,14.1,1.9,0.8,5.8,89.5,90.7,10.5,9.3,154,6,7,45,35,8,17,127,118,28.1,28.6,38.8,40.7,17.3,19.1,24.4,28.3,($1000 X INDEX),F90,VOLATILITY/VARIANCE INDEX,OTHER FINANCIAL INSTRUMENTS,FINANCIAL INSTRUMENTS,FutOnly,8991,-1729,-1577,3306,-5808,163,-4313,7418,11431,3195,2795,-1137,541,5405,11609,3586,-2618,8,18,18,15,49,7
1602161170E1F,VIX FUTURES - CBOE FUTURES EXCHANGE,2016-02-16T00:00:00.000,2016 Report Week 07,VIX FUTURES,1170E1,E,CHI,117,VOLATILITY/VARIANCE INDEX,266868,22084,74147,26124,40364,6819,30434,63239,47796,44521,4859,2200,13287,244912,245328,21956,21540,100.0,8.3,27.8,9.8,15.1,2.6,11.4,23.7,17.9,16.7,1.8,0.8,5.0,91.8,91.9,8.2,8.1,155,4,5,44,40,8,14,130,120,26.4,31.0,37.1,43.7,17.3,21.1,24.7,28.1,($1000 X INDEX),F90,VOLATILITY/VARIANCE INDEX,OTHER FINANCIAL INSTRUMENTS,FINANCIAL INSTRUMENTS,FutOnly,5264,913,7063,3536,-3997,-286,5053,-517,-12909,7578,-30,-6,-1879,10657,8150,-5393,-2886,9,20,17,15,56,9
1602231170E1F,VIX FUTURES - CBOE FUTURES EXCHANGE,2016-02-23T00:00:00.000,2016 Report Week 08,VIX FUTURES,1170E1,E,CHI,117,VOLATILITY/VARIANCE INDEX,248064,21757,75788,17721,60477,8935,29261,42913,42397,42871,3369,1396,7854,226223,226223,21841,21841,100.0,8.8,30.6,7.1,24.4,3.6,11.8,17.3,17.1,17.3,1.4,0.6,3.2,91.2,91.2,8.8,8.8,145,6,8,36,38,8,12,119,108,34.1,33.9,44.2,47.4,23.3,25.2,29.9,33.4,($1000 X INDEX),F90,VOLATILITY/VARIANCE INDEX,OTHER FINANCIAL INSTRUMENTS,FINANCIAL INSTRUMENTS,FutOnly,-18804,-327,1641,-8403,20113,2116,-1173,-20326,-5399,-1650,-1490,-804,-5433,-18689,-19105,-115,301,10,19,15,17,43,6
1603011170E1F,VIX FUTURES - CBOE FUTURES EXCHANGE,2016-03-01T00:00:00.000,2016 Report Week 09,VIX FUTURES,1170E1,E,CHI,117,VOLATILITY/VARIANCE INDEX,273237,23185,75213,22521,67401,11337,35672,49697,52473,39401,4938,2317,8384,251199,247318,22038,25919,100.0,8.5,27.5,8.2,24.7,4.1,13.1,18.2,19.2,14.4,1.8,0.8,3.1,91.9,90.5,8.1,9.5,158,10,10,44,36,11,14,125,122,35.2,34.7,44.5,46.3,22.5,23.4,29.7,32.4,($1000 X INDEX),F90,VOLATILITY/VARIANCE INDEX,OTHER FINANCIAL INSTRUMENTS,FINANCIAL INSTRUMENTS,FutOnly,25173,1428,-575,4800,6924,2402,6411,6784,10076,-3470,1569,921,530,24976,21095,197,4078,11,17,12,16,48,9
1603081170E1F,VIX FUTURES - CBOE FUTURES EXCHANGE,2016-03-08T00:00:00.000,2016 Report Week 10,VIX FUTURES,1170E1,E,CHI,117,VOLATILITY/VARIANCE INDEX,293296,19215,58817,26133,84414,15287,35824,46803,75417,45751,6249,2445,7659,272048,267333,21248,25963,100.0,6.6,20.1,8.9,28.8,5.2,12.2,16.0,25.7,15.6,2.1,0.8,2.6,92.8,91.1,7.2,8.9,173,12,9,38,51,11,13,135,141,39.0,27.4,49.5,37.5,28.8,19.0,34.7,27.9,($1000 X INDEX),F90,VOLATILITY/VARIANCE INDEX,OTHER FINANCIAL INSTRUMENTS,FINANCIAL INSTRUMENTS,FutOnly,20059,-3970,-16396,3612,17013,3950,152,-2894,22944,6350,1311,128,-725,20849,20015,-790,44,9,20,17,15,61,9
1603151170E1F,VIX FUTURES - CBOE FUTURES EXCHANGE,2016-03-15T00:00:00.000,2016 Report Week 11,VIX FUTURES,1170E1,E,CHI,117,VOLATILITY/VARIANCE INDEX,312450,31756,57494,27813,78514,20744,36781,54729,84987,47260,6730,3993,8227,291810,287299,20640,25151,100.0,10.2,18.4,8.9,25.1,6.6,11.8,17.5,27.2,15.1,2.2,1.3,2.6,93.4,92.0,6.6,8.0,184,17,10,34,54,13,18,140,146,36.8,27.5,48.8,39.3,26.9,20.2,34.3,28.6,($1000 X INDEX),F90,VOLATILITY/VARIANCE INDEX,OTHER FINANCIAL INSTRUMENTS,FINANCIAL INSTRUMENTS,FutOnly,19154,12541,-1323,1680,-5900,5457,957,7926,9570,1509,481,1548,568,19762,19966,-608,-812,15,21,14,12,53,12
1603221170E1F,VIX FUTURES - CBOE FUTURES EXCHANGE,2016-03-22T00:00:00.000,2016 Report Week 12,VIX FUTURES,1170E1,E,CHI,117,VOLATILITY/VARIANCE INDEX,322164,44406,23124,19131,95269,33573,37826,40557,124538,48317,7028,4297,6772,299306,297578,22858,24586,100.0,13.8,7.2,5.9,29.6,10.4,11.7,12.6,38.7,15.0,2.2,1.3,2.1,92.9,92.4,7.1,7.6,186,20,8,35,63,12,12,127,148,46.4,24.0,57.1,36.1,36.4,16.6,42.5,25.2,($1000 X INDEX),F90,VOLATILITY/VARIANCE INDEX,OTHER FINANCIAL INSTRUMENTS,FINANCIAL INSTRUMENTS,FutOnly,9714,12650,-34370,-8682,16755,12829,1045,-14172,39551,1057,298,304,-1455,7496,10279,2218,-565,16,17,10,9,52,14
1603291170E1F,VIX FUTURES - CBOE FUTURES EXCHANGE,2016-03-29T00:00:00.000,2016 Report Week 13,VIX FUTURES,1170E1,E,CHI,117,VOLATILITY/VARIANCE INDEX,338446,59872,19800,19156,89933,43209,39412,42445,128209,51190,6435,3787,7609,316052,312372,22394,26074,100.0,17.7,5.9,5.7,26.6,12.8,11.6,12.5,37.9,15.1,1.9,1.1,2.2,93.4,92.3,6.6,7.7,190,18,9,42,59,12,14,138,148,45.3,24.0,56.0,35.8,35.7,16.3,42.7,24.7,($1000 X INDEX),F90,VOLATILITY/VARIANCE INDEX,OTHER FINANCIAL INSTRUMENTS,FINANCIAL INSTRUMENTS,FutOnly,16282,15466,-3324,25,-5336,9636,1586,1888,3671,2873,-593,-510,837,16746,14794,-464,1488,17,19,10,10,54,13
1604051170E1F,VIX FUTURES - CBOE FUTURES EXCHANGE,2016-04-05T00:00:00.000,2016 Report Week 14,VIX FUTURES,1170E1,E,CHI,117,VOLATILITY/VARIANCE INDEX,395270,84137,17561,23231,123923,56904,36447,25211,159981,55995,6346,3820,13545,368835,367484,26435,27786,100.0,21.3,4.4,5.9,31.4,14.4,9.2,6.4,40.5,14.2,1.6,1.0,3.4,93.3,93.0,6.7,7.0,203,19,9,39,66,11,14,140,156,50.9,20.2,58.8,34.0,41.6,16.2,45.7,25.0,($1000 X INDEX),F90,VOLATILITY/VARIANCE INDEX,OTHER FINANCIAL INSTRUMENTS,FINANCIAL INSTRUMENTS,FutOnly,56824,24265,-2239,4075,33990,13695,-2965,-17234,31772,4805,-89,33,5936,52783,55112,4041,1712,21,18,9,14,52,14
1604121170E1F,VIX FUTURES - CBOE FUTURES EXCHANGE,2016-04-12T00:00:00.000,2016 Report Week 15,VIX FUTURES,1170E1,E,CHI,117,VOLATILITY/VARIANCE INDEX,408198,96053,17010,25820,114206,55228,35877,27914,158600,62270,2842,5892,18897,383879,379594,24319,28604,100.0,23.5,4.2,6.3,28.0,13.5,8.8,6.8,38.9,15.3,0.7,1.4,4.6,94.0,93.0,6.0,7.0,200,18,9,32,71,7,16,140,161,48.2,20.3,55.9,32.6,39.6,16.0,44.4,24.5,($1000 X INDEX),F90,VOLATILITY/VARIANCE INDEX,OTHER FINANCIAL INSTRUMENTS,FINANCIAL INSTRUMENTS,FutOnly,12928,11916,-551,2589,-9717,-1676,-570,2703,-1381,6275,-3504,2072,5352,15044,12110,-2116,818,22,21,11,13,55,15
1604191170E1F,VIX FUTURES - CBOE FUTURES EXCHANGE,2016-04-19T00:00:00.000,2016 Report Week 16,VIX FUTURES,1170E1,E,CHI,117,VOLATILITY/VARIANCE INDEX,462357,109406,23151,38860,131227,48264,39477,37275,200807,66676,4487,5961,12699,440107,435895,22250,26462,100.0,23.7,5.0,8.4,28.4,10.4,8.5,8.1,43.4,14.4,1.0,1.3,2.7,95.2,94.3,4.8,5.7,209,19,11,37,72,11,16,147,171,49.9,21.4,58.6,33.6,41.5,18.1,47.2,26.8,($1000 X INDEX),F90,VOLATILITY/VARIANCE INDEX,OTHER FINANCIAL INSTRUMENTS,FINANCIAL INSTRUMENTS,FutOnly,54159,13353,6141,13040,17021,-6964,3600,9361,42207,4406,1645,69,-6198,56228,56301,-2069,-2142,16,22,13,14,60,9
1604261170E1F,VIX FUTURES - CBOE FUTURES EXCHANGE,2016-04-26T00:00:00.000,2016 Report Week 17,VIX FUTURES,1170E1,E,CHI,117,VOLATILITY/VARIANCE INDEX,448613,128058,16194,25538,126371,55251,39878,28938,201295,68737,1045,5753,10455,429020,423101,19593,25512,100.0,28.5,3.6,5.7,28.2,12.3,8.9,6.5,44.9,15.3,0.2,1.3,2.3,95.6,94.3,4.4,5.7,205,19,9,29,80,,15,140,171,54.5,22.6,63.3,36.4,45.2,18.6,51.3,27.8,($1000 X INDEX),F90,VOLATILITY/VARIANCE INDEX,OTHER FINANCIAL INSTRUMENTS,FINANCIAL INSTRUMENTS,FutOnly,-13744,18652,-6957,-13322,-4856,6987,401,-8337,488,2061,-3442,-208,-2244,-11087,-12794,-2657,-950,19,21,11,17,61,15
1605031170E1F,VIX FUTURES - CBOE FUTURES EXCHANGE,2016-05-03T00:00:00.000,2016 Report Week 18,VIX FUTURES,1170E1,E,CHI,117,VOLATILITY/VARIANCE INDEX,451899,129800,11347,26167,116709,57613,41921,24689,191635,76276,1193,5585,12575,429330,423119,22569,28780,100.0,28.7,2.5,5.8,25.8,12.7,9.3,5.5,42.4,16.9,0.3,1.2,2.8,95.0,93.6,5.0,6.4,201,19,9,31,75,5,17,137,168,50.7,22.4,59.3,36.0,41.0,18.1,47.5,26.3,($1000 X INDEX),F90,VOLATILITY/VARIANCE INDEX,OTHER FINANCIAL INSTRUMENTS,FINANCIAL INSTRUMENTS,FutOnly,3286,1742,-4847,629,-9662,2362,2043,-4249,-9660,7539,148,-168,2120,310,18,2976,3268,19,18,12,14,60,13
1605101170E1F,VIX FUTURES - CBOE FUTURES EXCHANGE,2016-05-10T00:00:00.000,2016 Report Week 19,VIX FUTURES,1170E1,E,CHI,117,VOLATILITY/VARIANCE INDEX,463497,133502,14867,21965,102582,63226,43391,43743,196160,73959,4095,3328,18578,441815,435474,21682,28023,100.0,28.8,3.2,4.7,22.1,13.6,9.4,9.4,42.3,16.0,0.9,0.7,4.0,95.3,94.0,4.7,6.0,220,22,10,38,78,8,18,152,181,46.4,21.9,54.8,35.7,38.2,18.7,44.6,27.7,($1000 X INDEX),F90,VOLATILITY/VARIANCE INDEX,OTHER FINANCIAL INSTRUMENTS,FINANCIAL INSTRUMENTS,FutOnly,11598,3702,3520,-4202,-14127,5613,1470,19054,4525,-2317,2902,-2257,6003,12485,12355,-887,-757,18,18,12,13,67,14
1605171170E1F,VIX FUTURES - CBOE FUTURES EXCHANGE,2016-05-17T00:00:00.000,2016 Report Week 20,VIX FUTURES,1170E1,E,CHI,117,VOLATILITY/VARIANCE INDEX,464177,142495,13505,24811,105718,59167,40657,33305,197081,70224,2492,5944,18732,438434,430121,25743,34056,100.0,30.7,2.9,5.3,22.8,12.7,8.8,7.2,42.5,15.1,0.5,1.3,4.0,94.5,92.7,5.5,7.3,210,22,12,31,78,7,17,144,177,47.4,21.0,57.1,34.0,40.9,19.0,46.7,27.7,($1000 X INDEX),F90,VOLATILITY/VARIANCE INDEX,OTHER FINANCIAL INSTRUMENTS,FINANCIAL INSTRUMENTS,FutOnly,680,8993,-1362,2846,3136,-4059,-2734,-10438,921,-3735,-1603,2616,154,-3381,-5353,4061,6033,18,20,13,11,62,15
1605241170E1F,VIX FUTURES - CBOE FUTURES EXCHANGE,2016-05-24T00:00:00.000,2016 Report Week 21,VIX FUTURES,1170E1,E,CHI,117,VOLATILITY/VARIANCE INDEX,438355,137763,11752,11065,111414,61335,39449,33825,195483,63784,2673,7136,17615,417588,407619,20767,30736,100.0,31.4,2.7,2.5,25.4,14.0,9.0,7.7,44.6,14.6,0.6,1.6,4.0,95.3,93.0,4.7,7.0,201,24,11,27,74,7,13,128,168,52.0,22.6,60.1,36.9,43.7,19.9,51.3,29.9,($1000 X INDEX),F90,VOLATILITY/VARIANCE INDEX,OTHER FINANCIAL INSTRUMENTS,FINANCIAL INSTRUMENTS,FutOnly,-25822,-4732,-1753,-13746,5696,2168,-1208,520,-1598,-6440,181,1192,-1117,-20846,-22502,-4976,-3320,20,18,9,12,53,14
1605311170E1F,VIX FUTURES - CBOE FUTURES EXCHANGE,2016-05-31T00:00:00.000,2016 Report Week 22,VIX FUTURES,1170E1,E,CHI,117,VOLATILITY/VARIANCE INDEX,468183,150489,13674,12307,112125,55949,40856,38493,220720,62435,4122,7652,24896,445723,438489,22460,29694,100.0,32.1,2.9,2.6,23.9,12.0,8.7,8.2,47.1,13.3,0.9,1.6,5.3,95.2,93.7,4.8,6.3,218,22,9,39,76,11,15,141,173,50.3,22.2,58.4,34.9,43.2,18.9,49.9,29.0,($1000 X INDEX),F90,VOLATILITY/VARIANCE INDEX,OTHER FINANCIAL INSTRUMENTS,FINANCIAL INSTRUMENTS,FutOnly,29828,12726,1922,1242,711,-5386,1407,4668,25237,-1349,1449,516,7281,28135,30870,1693,-1042,19,18,8,14,54,15
1606071170E1F,VIX FUTURES - CBOE FUTURES EXCHANGE,2016-06-07T00:00:00.000,2016 Report Week 23,VIX FUTURES,1170E1,E,CHI,117,VOLATILITY/VARIANCE INDEX,501258,153658,15365,18230,109238,55335,45602,44555,226939,79450,4494,6500,23339,478566,470760,22692,30498,100.0,30.7,3.1,3.6,21.8,11.0,9.1,8.9,45.3,15.9,0.9,1.3,4.7,95.5,93.9,4.5,6.1,225,21,12,38,79,10,17,150,182,47.7,21.2,56.9,35.1,38.9,17.6,45.5,27.3,($1000 X INDEX),F90,VOLATILITY/VARIANCE INDEX,OTHER FINANCIAL INSTRUMENTS,FINANCIAL INSTRUMENTS,FutOnly,33075,3169,1691,5923,-2887,-614,4746,6062,6219,17015,372,-1152,-1557,32843,32271,232,804,19,17,8,15,61,19
1606141170E1F,VIX FUTURES - CBOE FUTURES EXCHANGE,2016-06-14T00:00:00.000,2016 Report Week 24,VIX FUTURES,1170E1,E,CHI,117,VOLATILITY/VARIANCE INDEX,436303,135933,15566,27669,98821,48647,41399,21066,179919,69690,1429,9095,16572,412579,408557,23724,27746,100.0,31.2,3.6,6.3,22.6,11.1,9.5,4.8,41.2,16.0,0.3,2.1,3.8,94.6,93.6,5.4,6.4,189,18,11,29,66,5,15,130,162,52.4,20.9,61.9,34.6,41.9,16.8,47.4,25.9,($1000 X INDEX),F90,VOLATILITY/VARIANCE INDEX,OTHER FINANCIAL INSTRUMENTS,FINANCIAL INSTRUMENTS,FutOnly,-64955,-17725,201,9439,-10417,-6688,-4203,-23489,-47020,-9760,-3065,2595,-6767,-65987,-62203,1032,-2752,19,21,11,14,56,16
1606211170E1F,VIX FUTURES - CBOE FUTURES EXCHANGE,2016-06-21T00:00:00.000,2016 Report Week 25,VIX FUTURES,1170E1,E,CHI,117,VOLATILITY/VARIANCE INDEX,382528,104741,26098,18060,102729,39983,45775,22300,145890,59068,1349,9576,11038,365060,355488,17468,27040,100.0,27.4,6.8,4.7,26.9,10.5,12.0,5.8,38.1,15.4,0.4,2.5,2.9,95.4,92.9,4.6,7.1,176,16,11,24,63,6,14,122,147,55.9,24.8,64.4,38.2,44.0,20.6,49.7,29.3,($1000 X INDEX),F90,VOLATILITY/VARIANCE INDEX,OTHER FINANCIAL INSTRUMENTS,FINANCIAL INSTRUMENTS,FutOnly,-53775,-31192,10532,-9609,3908,-8664,4376,1234,-34029,-10622,-80,481,-5534,-47519,-53069,-6256,-706,11,16,16,18,52,11
1606281170E1F,VIX FUTURES - CBOE FUTURES EXCHANGE,2016-06-28T00:00:00.000,2016 Report Week 26,VIX FUTURES,1170E1,E,CHI,117,VOLATILITY/VARIANCE INDEX,373156,101785,39159,20505,62784,28294,58285,36989,123994,50700,4236,8795,10876,346160,340608,26996,32548,100.0,27.3,10.5,5.5,16.8,7.6,15.6,9.9,33.2,13.6,1.1,2.4,2.9,92.8,91.3,7.2,8.7,164,12,14,35,45,8,10,128,131,48.4,28.6,57.7,42.1,35.9,21.2,42.0,31.7,($1000 X INDEX),F90,VOLATILITY/VARIANCE INDEX,OTHER FINANCIAL INSTRUMENTS,FINANCIAL INSTRUMENTS,FutOnly,-9372,-2956,13061,2445,-39945,-11689,12510,14689,-21896,-8368,2887,-781,-162,-18900,-14880,9528,5508,12,16,16,18,55,7
1607051170E1F,VIX FUTURES - CBOE FUTURES EXCHANGE,2016-07-05T00:00:00.000,2016 Report Week 27,VIX FUTURES,1170E1,E,CHI,117,VOLATILITY/VARIANCE INDEX,412513,98895,54424,21379,101815,14641,51899,37434,159026,59935,6151,10629,12391,389899,384324,22614,28189,100.0,24.0,13.2,5.2,24.7,3.5,12.6,9.1,38.6,14.5,1.5,2.6,3.0,94.5,93.2,5.5,6.8,184,12,10,33,62,13,11,140,138,51.4,22.8,59.6,37.3,40.9,19.0,45.7,29.7,($1000 X INDEX),F90,VOLATILITY/VARIANCE INDEX,OTHER FINANCIAL INSTRUMENTS,FINANCIAL INSTRUMENTS,FutOnly,39357,-2890,15265,874,39031,-13653,-6386,445,35032,9235,1915,1834,1515,43739,43716,-4382,-4359,14,17,15,19,56,7
1607121170E1F,VIX FUTURES - CBOE FUTURES EXCHANGE,2016-07-12T00:00:00.000,2016 Report Week 28,VIX FUTURES,1170E1,E,CHI,117,VOLATILITY/VARIANCE INDEX,466233,110745,70643,29839,104780,18279,45612,64430,181722,64682,7032,10040,14760,441880,435577,24353,30656,100.0,23.8,15.2,6.4,22.5,3.9,9.8,13.8,39.0,13.9,1.5,2.2,3.2,94.8,93.4,5.2,6.6,206,15,12,42,64,15,12,154,158,47.4,22.9,55.1,35.9,39.1,20.7,45.2,31.0,($1000 X INDEX),F90,VOLATILITY/VARIANCE INDEX,OTHER FINANCIAL INSTRUMENTS,FINANCIAL INSTRUMENTS,FutOnly,53720,11850,16219,8460,2965,3638,-6287,26996,22696,4747,881,-589,2369,51981,51253,1739,2467,13,18,16,18,64,10
1607191170E1F,VIX FUTURES - CBOE FUTURES EXCHANGE,2016-07-19T00:00:00.000,2016 Report Week 29,VIX FUTURES,1170E1,E,CHI,117,VOLATILITY/VARIANCE INDEX,511186,111203,59661,43652,114784,24078,35824,72721,208570,79909,9374,11129,19573,487040,482396,24146,28790,100.0,21.8,11.7,8.5,22.5,4.7,7.0,14.2,40.8,15.6,1.8,2.2,3.8,95.3,94.4,4.7,5.6,221,18,12,43,70,17,17,161,180,46.8,22.0,55.4,33.6,38.7,21.0,45.9,28.6,($1000 X INDEX),F90,VOLATILITY/VARIANCE INDEX,OTHER FINANCIAL INSTRUMENTS,FINANCIAL INSTRUMENTS,FutOnly,44953,458,-10982,13813,10004,5799,-9788,8291,26848,15227,2342,1089,4813,45160,46819,-207,-1866,14,21,14,12,70,14
1607261170E1F,VIX FUTURES - CBOE FUTURES EXCHANGE,2016-07-26T00:00:00.000,2016 Report Week 30,VIX FUTURES,1170E1,E,CHI,117,VOLATILITY/VARIANCE INDEX,491873,135718,43451,24101,114275,31415,32949,56865,221865,75155,5976,8366,23222,468261,460524,23612,31349,100.0,27.6,8.8,4.9,23.2,6.4,6.7,11.6,45.1,15.3,1.2,1.7,4.7,95.2,93.6,4.8,6.4,216,17,10,40,69,18,22,151,176,52.4,20.7,60.9,34.3,46.0,20.4,51.2,30.4,($1000 X INDEX),F90,VOLATILITY/VARIANCE INDEX,OTHER FINANCIAL INSTRUMENTS,FINANCIAL INSTRUMENTS,FutOnly,-19313,24515,-16210,-19551,-509,7337,-2875,-15856,13295,-4754,-3398,-2763,3649,-18779,-21872,-534,2559,14,20,15,13,59,16
1608021170E1F,VIX FUTURES - CBOE FUTURES EXCHANGE,2016-08-02T00:00:00.000,2016 Report Week 31,VIX FUTURES,1170E1,E,CHI,117,VOLATILITY/VARIANCE INDEX,516359,148432,45588,23528,106272,41218,36789,59135,224973,82601,9033,5981,23498,489288,484176,27071,32183,100.0,28.7,8.8,4.6,20.6,8.0,7.1,11.5,43.6,16.0,1.7,1.2,4.6,94.8,93.8,5.2,6.2,221,19,13,46,68,19,18,159,176,49.5,19.9,58.2,33.9,42.9,18.7,47.9,29.9,($1000 X INDEX),F90,VOLATILITY/VARIANCE INDEX,OTHER FINANCIAL INSTRUMENTS,FINANCIAL INSTRUMENTS,FutOnly,24486,12714,2137,-573,-8003,9803,3840,2270,3108,7446,3057,-2385,276,21027,23652,3459,834,15,19,15,12,64,14
1608091170E1F,VIX FUTURES - CBOE FUTURES EXCHANGE,2016-08-09T00:00:00.000,2016 Report Week 32,VIX FUTURES,1170E1,E,CHI,117,VOLATILITY/VARIANCE INDEX,542622,160998,52338,21888,101764,47013,34557,67380,231626,96259,11068,6132,21460,515374,511273,27248,31349,100.0,29.7,9.6,4.0,18.8,8.7,6.4,12.4,42.7,17.7,2.0,1.1,4.0,95.0,94.2,5.0,5.8,227,19,15,45,74,18,19,165,186,45.9,18.7,55.8,32.5,40.4,18.6,46.0,29.3,($1000 X INDEX),F90,VOLATILITY/VARIANCE INDEX,OTHER FINANCIAL INSTRUMENTS,FINANCIAL INSTRUMENTS,FutOnly,26263,12566,6750,-1640,-4508,5795,-2232,8245,6653,13658,2035,151,-2038,26086,27097,177,-834,15,22,14,11,68,16
1608161170E1F,VIX FUTURES - CBOE FUTURES EXCHANGE,2016-08-16T00:00:00.000,2016 Report Week 33,VIX FUTURES,1170E1,E,CHI,117,VOLATILITY/VARIANCE INDEX,541636,146834,44629,30864,98957,41594,36387,83669,240805,90693,10923,6829,19686,518013,511487,23623,30149,100.0,27.1,8.2,5.7,18.3,7.7,6.7,15.4,44.5,16.7,2.0,1.3,3.6,95.6,94.4,4.4,5.6,238,20,16,44,77,17,21,174,189,45.0,19.7,54.3,34.2,37.1,18.8,43.0,29.8,($1000 X INDEX),F90,VOLATILITY/VARIANCE INDEX,OTHER FINANCIAL INSTRUMENTS,FINANCIAL INSTRUMENTS,FutOnly,-986,-14164,-7709,8976,-2807,-5419,1830,16289,9179,-5566,-145,697,-1774,2639,214,-3625,-1200,18,24,12,14,64,19
1608231170E1F,VIX FUTURES - CBOE FUTURES EXCHANGE,2016-08-23T00:00:00.000,2016 Report Week 34,VIX FUTURES,1170E1,E,CHI,117,VOLATILITY/VARIANCE INDEX,507877,149334,25153,24550,116958,44292,31228,56404,242916,80840,6955,9043,18823,485092,476845,22785,31032,100.0,29.4,5.0,4.8,23.0,8.7,6.1,11.1,47.8,15.9,1.4,1.8,3.7,95.5,93.9,4.5,6.1,239,19,15,41,78,14,20,166,193,49.2,19.8,59.2,32.4,43.9,19.7,49.8,29.8,($1000 X INDEX),F90,VOLATILITY/VARIANCE INDEX,OTHER FINANCIAL INSTRUMENTS,FINANCIAL INSTRUMENTS,FutOnly,-33759,2500,-19476,-6314,18001,2698,-5159,-27265,2111,-9853,-3968,2214,-863,-32921,-34642,-838,883,18,22,14,13,63,20
1608301170E1F,VIX FUTURES - CBOE FUTURES EXCHANGE,2016-08-30T00:00:00.000,2016 Report Week 35,VIX FUTURES,1170E1,E,CHI,117,VOLATILITY/VARIANCE INDEX,511241,149514,20809,25805,118679,46750,30787,53897,244443,78578,6824,8347,21445,485529,476964,25712,34277,100.0,29.2,4.1,5.0,23.2,9.1,6.0,10.5,47.8,15.4,1.3,1.6,4.2,95.0,93.3,5.0,6.7,232,20,14,38,77,13,22,161,187,48.1,19.9,57.5,31.8,42.5,19.8,48.6,30.6,($1000 X INDEX),F90,VOLATILITY/VARIANCE INDEX,OTHER FINANCIAL INSTRUMENTS,FINANCIAL INSTRUMENTS,FutOnly,3364,180,-4344,1255,1721,2458,-441,-2507,1527,-2262,-131,-696,2622,437,119,2927,3245,20,23,11,12,57,20
1609061170E1F,VIX FUTURES - CBOE FUTURES EXCHANGE,2016-09-06T00:00:00.000,2016 Report Week 36,VIX FUTURES,1170E1,E,CHI,117,VOLATILITY/VARIANCE INDEX,547744,157851,21635,26690,113215,50361,31557,56283,251769,98046,9542,7937,27084,520268,515079,27476,32665,100.0,28.8,3.9,4.9,20.7,9.2,5.8,10.3,46.0,17.9,1.7,1.4,4.9,95.0,94.0,5.0,6.0,244,20,14,46,74,18,25,171,197,45.1,18.8,54.2,31.4,39.1,18.7,44.3,29.4,($1000 X INDEX),F90,VOLATILITY/VARIANCE INDEX,OTHER FINANCIAL INSTRUMENTS,FINANCIAL INSTRUMENTS,FutOnly,36503,8337,826,885,-5464,3611,770,2386,7326,19468,2718,-410,5639,34739,38115,1764,-1612,19,23,12,13,62,23
1609131170E1F,VIX FUTURES - CBOE FUTURES EXCHANGE,2016-09-13T00:00:00.000,2016 Report Week 37,VIX FUTURES,1170E1,E,CHI,117,VOLATILITY/VARIANCE INDEX,478117,138645,14407,32527,80121,38422,43439,41228,196415,83948,6865,12350,23179,449952,444687,28165,33430,100.0,29.0,3.0,6.8,16.8,8.0,9.1,8.6,41.1,17.6,1.4,2.6,4.8,94.1,93.0,5.9,7.0,209,18,15,37,68,17,20,158,168,46.1,19.5,55.0,31.7,35.4,16.4,40.7,23.8,($1000 X INDEX),F90,VOLATILITY/VARIANCE INDEX,OTHER FINANCIAL INSTRUMENTS,FINANCIAL INSTRUMENTS,FutOnly,-69627,-19206,-7228,5837,-33094,-11939,11882,-15055,-55354,-14098,-2677,4413,-3905,-70316,-70392,689,765,17,22,10,14,60,14
1609201170E1F,VIX FUTURES - CBOE FUTURES EXCHANGE,2016-09-20T00:00:00.000,2016 Report Week 38,VIX FUTURES,1170E1,E,CHI,117,VOLATILITY/VARIANCE INDEX,471105,120294,15039,42214,65402,33516,49113,53886,181839,87856,6479,7446,19021,444265,436044,26840,35061,100.0,25.5,3.2,9.0,13.9,7.1,10.4,11.4,38.6,18.6,1.4,1.6,4.0,94.3,92.6,5.7,7.4,203,18,13,34,72,18,16,154,161,42.1,22.2,53.0,35.0,28.8,16.7,35.1,23.5,($1000 X INDEX),F90,VOLATILITY/VARIANCE INDEX,OTHER FINANCIAL INSTRUMENTS,FINANCIAL INSTRUMENTS,FutOnly,-7012,-18351,632,9687,-14719,-4906,5674,12658,-14576,3908,-386,-4904,-4158,-5687,-8643,-1325,1631,18,25,12,10,58,12
1609271170E1F,VIX FUTURES - CBOE FUTURES EXCHANGE,2016-09-27T00:00:00.000,2016 Report Week 39,VIX FUTURES,1170E1,E,CHI,117,VOLATILITY/VARIANCE INDEX,473209,127589,19889,33214,100253,38828,41188,32263,194825,87400,9034,8704,17031,447972,441079,25237,32130,100.0,27.0,4.2,7.0,21.2,8.2,8.7,6.8,41.2,18.5,1.9,1.8,3.6,94.7,93.2,5.3,6.8,206,19,10,36,68,17,19,140,168,48.7,22.0,58.7,35.5,36.6,17.8,42.7,26.7,($1000 X INDEX),F90,VOLATILITY/VARIANCE INDEX,OTHER FINANCIAL INSTRUMENTS,FINANCIAL INSTRUMENTS,FutOnly,2104,7295,4850,-9000,34851,5312,-7925,-21623,12986,-456,2555,1258,-1990,3707,5035,-1603,-2931,17,19,9,10,54,21
1610041170E1F,VIX FUTURES - CBOE FUTURES EXCHANGE,2016-10-04T00:00:00.000,2016 Report Week 40,VIX FUTURES,1170E1,E,CHI,117,VOLATILITY/VARIANCE INDEX,482610,118571,23805,36203,113358,40059,41507,41030,203244,76456,9356,8388,19763,456244,449425,26366,33185,100.0,24.6,4.9,7.5,23.5,8.3,8.6,8.5,42.1,15.8,1.9,1.7,4.1,94.5,93.1,5.5,6.9,221,18,14,39,71,20,24,155,179,47.4,22.8,56.9,36.1,36.2,19.8,42.5,29.2,($1000 X INDEX),F90,VOLATILITY/VARIANCE INDEX,OTHER FINANCIAL INSTRUMENTS,FINANCIAL INSTRUMENTS,FutOnly,9401,-9018,3916,2989,13105,1231,319,8767,8419,-10944,322,-316,2732,8272,8346,1129,1055,15,20,12,14,55,21
1610111170E1F,VIX FUTURES - CBOE FUTURES EXCHANGE,2016-10-11T00:00:00.000,2016 Report Week 41,VIX FUTURES,1170E1,E,CHI,117,VOLATILITY/VARIANCE INDEX,492032,114105,22347,40441,116635,44815,33748,45769,205254,84160,8926,6968,20590,464374,458323,27658,33709,100.0,23.2,4.5,8.2,23.7,9.1,6.9,9.3,41.7,17.1,1.8,1.4,4.2,94.4,93.1,5.6,6.9,223,20,14,42,70,18,21,155,184,46.8,20.6,56.0,33.9,35.9,18.8,41.3,28.2,($1000 X INDEX),F90,VOLATILITY/VARIANCE INDEX,OTHER FINANCIAL INSTRUMENTS,FINANCIAL INSTRUMENTS,FutOnly,9422,-4466,-1458,4238,3277,4756,-7759,4739,2010,7704,-430,-1420,827,8130,8898,1292,524,14,20,13,13,61,20
1610181170E1F,VIX FUTURES - CBOE FUTURES EXCHANGE,2016-10-18T00:00:00.000,2016 Report Week 42,VIX FUTURES,1170E1,E,CHI,117,VOLATILITY/VARIANCE INDEX,473819,109814,24264,36551,86463,43222,41347,61358,185747,89577,8951,7502,20131,454192,448341,19627,25478,100.0,23.2,5.1,7.7,18.2,9.1,8.7,12.9,39.2,18.9,1.9,1.6,4.2,95.9,94.6,4.1,5.4,221,19,12,37,72,18,18,152,180,43.5,23.6,54.6,37.0,31.2,18.0,37.3,26.9,($1000 X INDEX),F90,VOLATILITY/VARIANCE INDEX,OTHER FINANCIAL INSTRUMENTS,FINANCIAL INSTRUMENTS,FutOnly,-18213,-4291,1917,-3890,-30172,-1593,7599,15589,-19507,5417,25,534,-459,-10182,-9982,-8031,-8231,15,24,13,14,57,19
1610251170E1F,VIX FUTURES - CBOE FUTURES EXCHANGE,2016-10-25T00:00:00.000,2016 Report Week 43,VIX FUTURES,1170E1,E,CHI,117,VOLATILITY/VARIANCE INDEX,436770,125270,24022,17744,118431,46564,30697,35905,198730,68401,5625,10903,14450,416523,411511,20247,25259,100.0,28.7,5.5,4.1,27.1,10.7,7.0,8.2,45.5,15.7,1.3,2.5,3.3,95.4,94.2,4.6,5.8,225,20,15,32,73,16,20,148,181,51.8,22.4,61.7,35.9,42.7,20.9,48.8,30.1,($1000 X INDEX),F90,VOLATILITY/VARIANCE INDEX,OTHER FINANCIAL INSTRUMENTS,FINANCIAL INSTRUMENTS,FutOnly,-37049,15456,-242,-18807,31968,3342,-10650,-25453,12983,-21176,-3326,3401,-5681,-37669,-36830,620,-219,15,19,12,20,50,22
1611011170E1F,VIX FUTURES - CBOE FUTURES EXCHANGE,2016-11-01T00:00:00.000,2016 Report Week 44,VIX FUTURES,1170E1,E,CHI,117,VOLATILITY/VARIANCE INDEX,428792,117430,15659,21265,102950,43484,34477,35048,188272,68946,5360,9504,18303,403779,399910,25013,28882,100.0,27.4,3.7,5.0,24.0,10.1,8.0,8.2,43.9,16.1,1.3,2.2,4.3,94.2,93.3,5.8,6.7,210,18,13,32,67,18,19,142,167,48.0,21.4,57.7,33.6,38.7,19.4,44.6,28.3,($1000 X INDEX),F90,VOLATILITY/VARIANCE INDEX,OTHER FINANCIAL INSTRUMENTS,FINANCIAL INSTRUMENTS,FutOnly,-7978,-7840,-8363,3521,-15481,-3080,3780,-857,-10458,545,-265,-1399,3853,-12744,-11601,4766,3623,16,20,12,18,47,16
1611081170E1F,VIX FUTURES - CBOE FUTURES EXCHANGE,2016-11-08T00:00:00.000,2016 Report Week 45,VIX FUTURES,1170E1,E,CHI,117,VOLATILITY/VARIANCE INDEX,411483,95220,24235,20389,73998,34831,40121,56653,166205,66548,6827,9447,22984,382740,384760,28743,26723,100.0,23.1,5.9,5.0,18.0,8.5,9.8,13.8,40.4,16.2,1.7,2.3,5.6,93.0,93.5,7.0,6.5,214,18,15,39,66,21,19,155,169,46.4,21.7,56.9,33.4,36.5,16.4,41.9,26.3,($1000 X INDEX),F90,VOLATILITY/VARIANCE INDEX,OTHER FINANCIAL INSTRUMENTS,FINANCIAL INSTRUMENTS,FutOnly,-17309,-22210,8576,-876,-28952,-8653,5644,21605,-22067,-2398,1467,-57,4681,-21039,-15150,3730,-2159,12,21,14,15,55,19
1611151170E1F,VIX FUTURES - CBOE FUTURES EXCHANGE,2016-11-15T00:00:00.000,2016 Report Week 46,VIX FUTURES,1170E1,E,CHI,117,VOLATILITY/VARIANCE INDEX,451231,85803,29051,24273,61976,30641,48305,73142,153604,94417,7304,8586,23536,418756,412413,32475,38818,100.0,19.0,6.4,5.4,13.7,6.8,10.7,16.2,34.0,20.9,1.6,1.9,5.2,92.8,91.4,7.2,8.6,210,19,13,39,71,15,18,150,178,36.0,23.3,48.2,34.6,25.3,15.6,34.1,22.6,($1000 X INDEX),F90,VOLATILITY/VARIANCE INDEX,OTHER FINANCIAL INSTRUMENTS,FINANCIAL INSTRUMENTS,FutOnly,39748,-9417,4816,3884,-12022,-4190,8184,16489,-12601,27869,477,-861,552,36016,27653,3732,12095,10,22,15,13,65,18
1611221170E1F,VIX FUTURES - CBOE FUTURES EXCHANGE,2016-11-22T00:00:00.000,2016 Report Week 47,VIX FUTURES,1170E1,E,CHI,117,VOLATILITY/VARIANCE INDEX,389937,92542,14857,16012,102949,34377,30032,39645,182370,64181,5095,5575,12955,363411,360359,26526,29578,100.0,23.7,3.8,4.1,26.4,8.8,7.7,10.2,46.8,16.5,1.3,1.4,3.3,93.2,92.4,6.8,7.6,211,19,13,37,75,10,13,143,166,43.2,20.5,53.3,32.0,37.1,18.2,44.6,27.4,($1000 X INDEX),F90,VOLATILITY/VARIANCE INDEX,OTHER FINANCIAL INSTRUMENTS,FINANCIAL INSTRUMENTS,FutOnly,-61294,6739,-14194,-8261,40973,3736,-18273,-33497,28766,-30236,-2209,-3011,-10581,-55345,-52054,-5949,-9240,16,18,7,17,54,17
1611291170E1F,VIX FUTURES - CBOE FUTURES EXCHANGE,2016-11-29T00:00:00.000,2016 Report Week 48,VIX FUTURES,1170E1,E,CHI,117,VOLATILITY/VARIANCE INDEX,408886,94838,16516,15615,110832,37319,24034,44343,195494,69278,8130,5474,11103,378173,374833,30713,34053,100.0,23.2,4.0,3.8,27.1,9.1,5.9,10.8,47.8,16.9,2.0,1.3,2.7,92.5,91.7,7.5,8.3,213,20,11,39,69,17,12,148,162,41.4,20.9,51.2,34.2,36.9,20.5,44.1,31.1,($1000 X INDEX),F90,VOLATILITY/VARIANCE INDEX,OTHER FINANCIAL INSTRUMENTS,FINANCIAL INSTRUMENTS,FutOnly,18949,2296,1659,-397,7883,2942,-5998,4698,13124,5097,3035,-101,-1852,14762,14474,4187,4475,16,17,7,16,57,15
1612061170E1F,VIX FUTURES - CBOE FUTURES EXCHANGE,2016-12-06T00:00:00.000,2016 Report Week 49,VIX FUTURES,1170E1,E,CHI,117,VOLATILITY/VARIANCE INDEX,431627,104909,19603,16525,103511,41994,25547,49848,195423,80928,8206,7226,14289,403763,401535,27864,30092,100.0,24.3,4.5,3.8,24.0,9.7,5.9,11.5,45.3,18.7,1.9,1.7,3.3,93.5,93.0,6.5,7.0,210,20,9,41,68,15,13,144,164,40.0,20.5,50.3,34.2,34.7,18.9,41.8,29.5,($1000 X INDEX),F90,VOLATILITY/VARIANCE INDEX,OTHER FINANCIAL INSTRUMENTS,FINANCIAL INSTRUMENTS,FutOnly,22741,10071,3087,910,-7321,4675,1513,5505,-71,11650,76,1752,3186,25590,26702,-2849,-3961,17,20,7,13,56,18
1612131170E1F,VIX FUTURES - CBOE FUTURES EXCHANGE,2016-12-13T00:00:00.000,2016 Report Week 50,VIX FUTURES,1170E1,E,CHI,117,VOLATILITY/VARIANCE INDEX,445922,104063,19203,22381,107677,43200,27996,39249,184816,91085,4650,6269,18726,415827,413676,30095,32246,100.0,23.3,4.3,5.0,24.1,9.7,6.3,8.8,41.4,20.4,1.0,1.4,4.2,93.3,92.8,6.7,7.2,213,20,10,40,65,15,18,152,163,38.8,19.9,49.5,33.4,33.0,18.7,39.7,28.3,($1000 X INDEX),F90,VOLATILITY/VARIANCE INDEX,OTHER FINANCIAL INSTRUMENTS,FINANCIAL INSTRUMENTS,FutOnly,14295,-846,-400,5856,4166,1206,2449,-10599,-10607,10157,-3556,-957,4437,12064,12141,2231,2154,19,21,7,17,53,18
1612201170E1F,VIX FUTURES - CBOE FUTURES EXCHANGE,2016-12-20T00:00:00.000,2016 Report Week 51,VIX FUTURES,1170E1,E,CHI,117,VOLATILITY/VARIANCE INDEX,462774,106735,21435,26107,68641,41285,43517,77948,192243,85548,13491,7631,13461,435448,431227,27326,31547,100.0,23.1,4.6,5.6,14.8,8.9,9.4,16.8,41.5,18.5,2.9,1.6,2.9,94.1,93.2,5.9,6.8,219,20,11,43,67,20,21,155,174,32.8,23.3,44.2,38.5,23.3,19.1,31.1,28.9,($1000 X INDEX),F90,VOLATILITY/VARIANCE INDEX,OTHER FINANCIAL INSTRUMENTS,FINANCIAL INSTRUMENTS,FutOnly,16852,2672,2232,3726,-39036,-1915,15521,38699,7427,-5537,8841,1362,-5265,19621,17551,-2769,-699,22,23,6,14,55,17
1612271170E1F,VIX FUTURES - CBOE FUTURES EXCHANGE,2016-12-27T00:00:00.000,2016 Report Week 52,VIX FUTURES,1170E1,E,CHI,117,VOLATILITY/VARIANCE INDEX,411321,102475,19954,13883,92319,44376,26658,60768,187847,72072,5848,5346,12349,386372,382485,24949,28836,100.0,24.9,4.9,3.4,22.4,10.8,6.5,14.8,45.7,17.5,1.4,1.3,3.0,93.9,93.0,6.1,7.0,200,20,12,39,63,11,16,133,159,38.0,23.0,49.0,39.3,31.2,22.1,38.6,34.2,($1000 X INDEX),F90,VOLATILITY/VARIANCE INDEX,OTHER FINANCIAL INSTRUMENTS,FINANCIAL INSTRUMENTS,FutOnly,-51453,-4260,-1481,-12224,23678,3091,-16859,-17180,-4396,-13476,-7643,-2285,-1112,-49076,-48742,-2377,-2711,20,19,5,16,45,16
1701031170E1F,VIX FUTURES - CBOE FUTURES EXCHANGE,2017-01-03T00:00:00.000,2017 Report Week 01,VIX FUTURES,1170E1,E,CHI,117,VOLATILITY/VARIANCE INDEX,411436,105356,18381,12890,84722,44599,27849,63191,188009,72928,7521,4777,11314,385771,380747,25665,30689,100.0,25.6,4.5,3.1,20.6,10.8,6.8,15.4,45.7,17.7,1.8,1.2,2.7,93.8,92.5,6.2,7.5,202,20,12,38,64,15,18,135,159,36.3,22.6,47.1,38.2,29.9,21.6,36.9,33.0,($1000 X INDEX),F90,VOLATILITY/VARIANCE INDEX,OTHER FINANCIAL INSTRUMENTS,FINANCIAL INSTRUMENTS,FutOnly,115,2881,-1573,-993,-7597,223,1191,2423,162,856,1673,-569,-1035,-601,-1738,716,1853,21,19,4,15,43,14
1701101170E1F,VIX FUTURES - CBOE FUTURES EXCHANGE,2017-01-10T00:00:00.000,2017 Report Week 02,VIX FUTURES,1170E1,E,CHI,117,VOLATILITY/VARIANCE INDEX,479856,119739,22636,15305,85059,46789,28390,73107,207874,105258,7638,7320,12540,447036,446112,32820,33744,100.0,25.0,4.7,3.2,17.7,9.8,5.9,15.2,43.3,21.9,1.6,1.5,2.6,93.2,93.0,6.8,7.0,221,19,10,43,69,20,23,149,176,36.2,20.4,47.2,36.6,28.4,18.6,35.5,29.5,($1000 X INDEX),F90,VOLATILITY/VARIANCE INDEX,OTHER FINANCIAL INSTRUMENTS,FINANCIAL INSTRUMENTS,FutOnly,68420,14383,4255,2415,337,2190,541,9916,19865,32330,117,2543,1226,61265,65365,7155,3055,20,20,5,13,51,21
1701171170E1F,VIX FUTURES - CBOE FUTURES EXCHANGE,2017-01-17T00:00:00.000,2017 Report Week 03,VIX FUTURES,1170E1,E,CHI,117,VOLATILITY/VARIANCE INDEX,537656,129618,25827,24952,58686,47144,40221,111610,226944,106878,10766,7346,12187,494918,491499,42738,46157,100.0,24.1,4.8,4.6,10.9,8.8,7.5,20.8,42.2,19.9,2.0,1.4,2.3,92.1,91.4,7.9,8.6,234,21,12,50,73,16,18,156,186,29.2,21.3,41.4,38.1,20.7,18.4,29.7,27.9,($1000 X INDEX),F90,VOLATILITY/VARIANCE INDEX,OTHER FINANCIAL INSTRUMENTS,FINANCIAL INSTRUMENTS,FutOnly,57800,9879,3191,9647,-26373,355,11831,38503,19070,1620,3128,26,-353,47882,45387,9918,12413,23,21,5,15,57,19
1701241170E1F,VIX FUTURES - CBOE FUTURES EXCHANGE,2017-01-24T00:00:00.000,2017 Report Week 04,VIX FUTURES,1170E1,E,CHI,117,VOLATILITY/VARIANCE INDEX,478012,129749,22189,10876,79162,57501,29795,83090,212678,94082,10262,5158,13548,450564,445827,27448,32185,100.0,27.1,4.6,2.3,16.6,12.0,6.2,17.4,44.5,19.7,2.1,1.1,2.8,94.3,93.3,5.7,6.7,228,25,13,45,78,19,20,151,179,32.7,20.4,44.2,35.2,27.3,19.4,35.7,30.3,($1000 X INDEX),F90,VOLATILITY/VARIANCE INDEX,OTHER FINANCIAL INSTRUMENTS,FINANCIAL INSTRUMENTS,FutOnly,-59644,131,-3638,-14076,20476,10357,-10426,-28520,-14266,-12796,-504,-2188,1361,-44354,-45672,-15290,-13972,21,20,4,14,49,11
1701311170E1F,VIX FUTURES - CBOE FUTURES EXCHANGE,2017-01-31T00:00:00.000,2017 Report Week 05,VIX FUTURES,1170E1,E,CHI,117,VOLATILITY/VARIANCE INDEX,480876,130449,14483,13549,61908,53002,40903,83102,208856,99010,11360,4424,12410,452691,446637,28185,34239,100.0,27.1,3.0,2.8,12.9,11.0,8.5,17.3,43.4,20.6,2.4,0.9,2.6,94.1,92.9,5.9,7.1,226,21,15,47,74,21,19,161,169,31.4,21.1,42.3,35.9,22.1,18.3,30.0,28.4,($1000 X INDEX),F90,VOLATILITY/VARIANCE INDEX,OTHER FINANCIAL INSTRUMENTS,FINANCIAL INSTRUMENTS,FutOnly,2864,700,-7706,2673,-17254,-4499,11108,12,-3822,4928,1098,-734,-1138,2127,810,737,2054,22,19,,16,51,9
1702071170E1F,VIX FUTURES - CBOE FUTURES EXCHANGE,2017-02-07T00:00:00.000,2017 Report Week 06,VIX FUTURES,1170E1,E,CHI,117,VOLATILITY/VARIANCE INDEX,535393,130232,12503,20042,56968,56730,44202,93147,213138,131639,11184,5287,18012,505426,501553,29967,33840,100.0,24.3,2.3,3.7,10.6,10.6,8.3,17.4,39.8,24.6,2.1,1.0,3.4,94.4,93.7,5.6,6.3,252,21,15,53,82,23,21,180,190,27.3,20.3,38.6,33.0,18.3,15.7,24.9,24.3,($1000 X INDEX),F90,VOLATILITY/VARIANCE INDEX,OTHER FINANCIAL INSTRUMENTS,FINANCIAL INSTRUMENTS,FutOnly,54517,-217,-1980,6493,-4940,3728,3299,10045,4282,32629,-176,863,5602,52735,54916,1782,-399,26,23,,16,59,13
1702141170E1F,VIX FUTURES - CBOE FUTURES EXCHANGE,2017-02-14T00:00:00.000,2017 Report Week 07,VIX FUTURES,1170E1,E,CHI,117,VOLATILITY/VARIANCE INDEX,641759,138991,21735,42631,28773,54393,57933,140843,237233,148986,17653,10389,31779,607589,605079,34170,36680,100.0,21.7,3.4,6.6,4.5,8.5,9.0,21.9,37.0,23.2,2.8,1.6,5.0,94.7,94.3,5.3,5.7,253,22,18,49,82,26,25,184,199,23.5,22.0,38.5,34.8,14.7,15.3,22.5,23.5,($1000 X INDEX),F90,VOLATILITY/VARIANCE INDEX,OTHER FINANCIAL INSTRUMENTS,FINANCIAL INSTRUMENTS,FutOnly,106366,8759,9232,22589,-28195,-2337,13731,47696,24095,17347,6469,5102,13767,102163,103526,4203,2840,23,23,6,15,64,14
1702211170E1F,VIX FUTURES - CBOE FUTURES EXCHANGE,2017-02-21T00:00:00.000,2017 Report Week 08,VIX FUTURES,1170E1,E,CHI,117,VOLATILITY/VARIANCE INDEX,551908,128342,27467,17775,76505,47690,38294,94461,223842,113636,15197,12772,34887,519097,516363,32811,35545,100.0,23.3,5.0,3.2,13.9,8.6,6.9,17.1,40.6,20.6,2.8,2.3,6.3,94.1,93.6,5.9,6.4,245,23,16,53,75,23,26,176,187,30.1,20.8,44.8,35.4,23.5,17.5,31.2,27.1,($1000 X INDEX),F90,VOLATILITY/VARIANCE INDEX,OTHER FINANCIAL INSTRUMENTS,FINANCIAL INSTRUMENTS,FutOnly,-89851,-10649,5732,-24856,47732,-6703,-19639,-46382,-13391,-35350,-2456,2383,3108,-88492,-88716,-1359,-1135,24,19,4,16,57,14
1702281170E1F,VIX FUTURES - CBOE FUTURES EXCHANGE,2017-02-28T00:00:00.000,2017 Report Week 09,VIX FUTURES,1170E1,E,CHI,117,VOLATILITY/VARIANCE INDEX,585686,132632,23364,16782,72188,46656,44848,97821,235295,124969,13218,5429,50891,553349,548234,32337,37452,100.0,22.6,4.0,2.9,12.3,8.0,7.7,16.7,40.2,21.3,2.3,0.9,8.7,94.5,93.6,5.5,6.4,255,23,19,56,72,20,28,189,195,28.4,20.1,42.1,36.0,20.7,16.7,27.6,25.0,($1000 X INDEX),F90,VOLATILITY/VARIANCE INDEX,OTHER FINANCIAL INSTRUMENTS,FINANCIAL INSTRUMENTS,FutOnly,33778,4290,-4103,-993,-4317,-1034,6554,3360,11453,11333,-1979,-7343,16004,34252,31871,-474,1907,27,20,,18,62,17
1703071170E1F,VIX FUTURES - CBOE FUTURES EXCHANGE,2017-03-07T00:00:00.000,2017 Report Week 10,VIX FUTURES,1170E1,E,CHI,117,VOLATILITY/VARIANCE INDEX,596912,135624,27256,23648,83586,49985,37908,86468,226796,150114,14650,11766,33443,565441,560916,31471,35996,100.0,22.7,4.6,4.0,14.0,8.4,6.4,14.5,38.0,25.1,2.5,2.0,5.6,94.7,94.0,5.3,6.0,252,26,15,60,70,21,23,184,190,28.3,20.7,40.4,35.7,19.6,16.9,27.7,24.7,($1000 X INDEX),F90,VOLATILITY/VARIANCE INDEX,OTHER FINANCIAL INSTRUMENTS,FINANCIAL INSTRUMENTS,FutOnly,11226,2992,3892,6866,11398,3329,-6940,-11353,-8499,25145,1432,6337,-17448,12092,12682,-866,-1456,24,19,4,16,65,17
1703141170E1F,VIX FUTURES - CBOE FUTURES EXCHANGE,2017-03-14T00:00:00.000,2017 Report Week 11,VIX FUTURES,1170E1,E,CHI,117,VOLATILITY/VARIANCE INDEX,598618,130022,26856,32145,82680,49542,34196,81451,217604,168159,14630,12259,22264,565547,563025,33071,35593,100.0,21.7,4.5,5.4,13.8,8.3,5.7,13.6,36.4,28.1,2.4,2.0,3.7,94.5,94.1,5.5,5.9,251,26,17,65,65,22,23,188,185,27.9,22.8,40.9,37.9,18.1,16.5,24.4,24.3,($1000 X INDEX),F90,VOLATILITY/VARIANCE INDEX,OTHER FINANCIAL INSTRUMENTS,FINANCIAL INSTRUMENTS,FutOnly,1706,-5602,-400,8497,-906,-443,-3712,-5017,-9192,18045,-20,493,-11179,106,2109,1600,-403,24,21,,18,61,16
1703211170E1F,VIX FUTURES - CBOE FUTURES EXCHANGE,2017-03-21T00:00:00.000,2017 Report Week 12,VIX FUTURES,1170E1,E,CHI,117,VOLATILITY/VARIANCE INDEX,601319,144061,27776,31899,66139,48578,40076,99037,229069,152844,15525,14405,19051,568632,563698,32687,37621,100.0,24.0,4.6,5.3,11.0,8.1,6.7,16.5,38.1,25.4,2.6,2.4,3.2,94.6,93.7,5.4,6.3,246,23,13,62,66,21,21,181,187,29.9,23.2,44.0,38.7,19.0,17.3,25.6,25.0,($1000 X INDEX),F90,VOLATILITY/VARIANCE INDEX,OTHER FINANCIAL INSTRUMENTS,FINANCIAL INSTRUMENTS,FutOnly,2701,14039,920,-246,-16541,-964,5880,17586,11465,-15315,895,2146,-3213,3085,673,-384,2028,24,21,4,18,67,16
1703281170E1F,VIX FUTURES - CBOE FUTURES EXCHANGE,2017-03-28T00:00:00.000,2017 Report Week 13,VIX FUTURES,1170E1,E,CHI,117,VOLATILITY/VARIANCE INDEX,515480,136848,31676,9612,51225,48154,50293,89381,197041,116759,11145,8756,19509,484772,481800,30708,33680,100.0,26.5,6.1,1.9,9.9,9.3,9.8,17.3,38.2,22.7,2.2,1.7,3.8,94.0,93.5,6.0,6.5,223,22,13,53,62,19,23,167,169,31.0,25.2,46.3,41.1,18.8,18.7,28.7,28.2,($1000 X INDEX),F90,VOLATILITY/VARIANCE INDEX,OTHER FINANCIAL INSTRUMENTS,FINANCIAL INSTRUMENTS,FutOnly,-85839,-7213,3900,-22287,-14914,-424,10217,-9656,-32028,-36085,-4380,-5649,458,-83860,-81898,-1979,-3941,22,19,5,16,58,15
1704041170E1F,VIX FUTURES - CBOE FUTURES EXCHANGE,2017-04-04T00:00:00.000,2017 Report Week 14,VIX FUTURES,1170E1,E,CHI,117,VOLATILITY/VARIANCE INDEX,518165,131654,35058,10775,55508,50180,49812,81896,183798,127912,9590,7081,18039,485186,482655,32979,35510,100.0,25.4,6.8,2.1,10.7,9.7,9.6,15.8,35.5,24.7,1.9,1.4,3.5,93.6,93.1,6.4,6.9,232,24,16,57,61,22,20,170,177,28.8,25.9,42.6,41.5,18.0,18.0,26.6,27.0,($1000 X INDEX),F90,VOLATILITY/VARIANCE INDEX,OTHER FINANCIAL INSTRUMENTS,FINANCIAL INSTRUMENTS,FutOnly,2685,-5194,3382,1163,4283,2026,-481,-7485,-13243,11153,-1555,-1675,-1470,414,855,2271,1830,24,18,4,16,61,13
1704111170E1F,VIX FUTURES - CBOE FUTURES EXCHANGE,2017-04-11T00:00:00.000,2017 Report Week 15,VIX FUTURES,1170E1,E,CHI,117,VOLATILITY/VARIANCE INDEX,544927,125321,30243,11960,64579,39857,54698,70921,187551,152533,7569,7443,19388,506969,503673,37958,41254,100.0,23.0,5.5,2.2,11.9,7.3,10.0,13.0,34.4,28.0,1.4,1.4,3.6,93.0,92.4,7.0,7.6,231,22,14,57,61,17,29,177,178,28.1,24.4,42.6,41.6,17.8,17.1,25.9,25.6,($1000 X INDEX),F90,VOLATILITY/VARIANCE INDEX,OTHER FINANCIAL INSTRUMENTS,FINANCIAL INSTRUMENTS,FutOnly,26762,-6333,-4815,1185,9071,-10323,4886,-10975,3753,24621,-2021,362,1349,21783,21018,4979,5744,21,20,5,17,61,16
1704181170E1F,VIX FUTURES - CBOE FUTURES EXCHANGE,2017-04-18T00:00:00.000,2017 Report Week 16,VIX FUTURES,1170E1,E,CHI,117,VOLATILITY/VARIANCE INDEX,470700,112213,33721,15385,35233,38137,62257,66279,146196,121438,6419,6118,19678,438902,442930,31798,27770,100.0,23.8,7.2,3.3,7.5,8.1,13.2,14.1,31.1,25.8,1.4,1.3,4.2,93.2,94.1,6.8,5.9,217,21,15,52,62,12,22,166,165,30.1,29.2,45.1,44.1,15.7,18.0,22.6,26.1,($1000 X INDEX),F90,VOLATILITY/VARIANCE INDEX,OTHER FINANCIAL INSTRUMENTS,FINANCIAL INSTRUMENTS,FutOnly,-74227,-13108,3478,3425,-29346,-1720,7559,-4642,-41355,-31095,-1150,-1325,290,-68067,-60743,-6160,-13484,23,18,,19,59,14
1704251170E1F,VIX FUTURES - CBOE FUTURES EXCHANGE,2017-04-25T00:00:00.000,2017 Report Week 17,VIX FUTURES,1170E1,E,CHI,117,VOLATILITY/VARIANCE INDEX,492186,112194,44678,14351,53830,37500,58848,84908,171242,95302,12779,6997,23700,455912,452618,36274,39568,100.0,22.8,9.1,2.9,10.9,7.6,12.0,17.3,34.8,19.4,2.6,1.4,4.8,92.6,92.0,7.4,8.0,221,21,14,59,57,16,21,164,165,32.3,29.9,46.6,43.3,19.2,20.6,28.0,29.2,($1000 X INDEX),F90,VOLATILITY/VARIANCE INDEX,OTHER FINANCIAL INSTRUMENTS,FINANCIAL INSTRUMENTS,FutOnly,21486,-19,10957,-1034,18597,-637,-3409,18629,25046,-26136,6360,879,4022,17010,9688,4476,11798,19,21,9,17,52,12
1705021170E1F,VIX FUTURES - CBOE FUTURES EXCHANGE,2017-05-02T00:00:00.000,2017 Report Week 18,VIX FUTURES,1170E1,E,CHI,117,VOLATILITY/VARIANCE INDEX,540301,115402,43305,18120,64615,41580,53775,99476,200707,115527,18065,8957,22514,507494,504485,32807,35816,100.0,21.4,8.0,3.4,12.0,7.7,10.0,18.4,37.1,21.4,3.3,1.7,4.2,93.9,93.4,6.1,6.6,238,24,12,61,62,20,21,173,177,29.9,25.5,42.7,41.5,17.9,20.4,26.7,30.0,($1000 X INDEX),F90,VOLATILITY/VARIANCE INDEX,OTHER FINANCIAL INSTRUMENTS,FINANCIAL INSTRUMENTS,FutOnly,48115,3208,-1373,3769,10785,4080,-5073,14568,29465,20225,5286,1960,-1186,51582,51867,-3467,-3752,23,20,5,16,59,16
1705091170E1F,VIX FUTURES - CBOE FUTURES EXCHANGE,2017-05-09T00:00:00.000,2017 Report Week 19,VIX FUTURES,1170E1,E,CHI,117,VOLATILITY/VARIANCE INDEX,597942,126913,43618,22251,53446,47075,60064,117077,216136,139265,19186,10208,20334,558536,558951,39406,38991,100.0,21.2,7.3,3.7,8.9,7.9,10.0,19.6,36.1,23.3,3.2,1.7,3.4,93.4,93.5,6.6,6.5,246,26,11,59,65,22,23,180,184,29.2,25.0,42.8,40.8,17.2,18.2,24.8,27.5,($1000 X INDEX),F90,VOLATILITY/VARIANCE INDEX,OTHER FINANCIAL INSTRUMENTS,FINANCIAL INSTRUMENTS,FutOnly,57641,11511,313,4131,-11169,5495,6289,17601,15429,23738,1121,1251,-2180,51042,54466,6599,3175,26,23,7,16,61,13
1705161170E1F,VIX FUTURES - CBOE FUTURES EXCHANGE,2017-05-16T00:00:00.000,2017 Report Week 20,VIX FUTURES,1170E1,E,CHI,117,VOLATILITY/VARIANCE INDEX,620266,139940,45025,27488,52808,50379,60163,141606,248625,117267,20879,12222,20953,581104,582122,39162,38144,100.0,22.6,7.3,4.4,8.5,8.1,9.7,22.8,40.1,18.9,3.4,2.0,3.4,93.7,93.9,6.3,6.1,259,26,15,55,76,23,26,185,204,31.4,24.3,44.4,41.9,18.1,19.5,27.3,28.4,($1000 X INDEX),F90,VOLATILITY/VARIANCE INDEX,OTHER FINANCIAL INSTRUMENTS,FINANCIAL INSTRUMENTS,FutOnly,22324,13027,1407,5237,-638,3304,99,24529,32489,-21998,1693,2014,619,22568,23171,-244,-847,24,22,7,19,67,16
1705231170E1F,VIX FUTURES - CBOE FUTURES EXCHANGE,2017-05-23T00:00:00.000,2017 Report Week 21,VIX FUTURES,1170E1,E,CHI,117,VOLATILITY/VARIANCE INDEX,525156,114270,41274,18170,27735,38638,84369,95411,170553,112517,19726,6216,20260,492458,491997,32698,33159,100.0,21.8,7.9,3.5,5.3,7.4,16.1,18.2,32.5,21.4,3.8,1.2,3.9,93.8,93.7,6.2,6.3,221,21,14,50,61,19,19,166,162,35.7,33.2,46.4,49.3,15.7,19.1,22.5,27.7,($1000 X INDEX),F90,VOLATILITY/VARIANCE INDEX,OTHER FINANCIAL INSTRUMENTS,FINANCIAL INSTRUMENTS,FutOnly,-95110,-25670,-3751,-9318,-25073,-11741,24206,-46195,-78072,-4750,-1153,-6006,-693,-88646,-90125,-6464,-4985,25,18,4,20,56,9
1705301170E1F,VIX FUTURES - CBOE FUTURES EXCHANGE,2017-05-30T00:00:00.000,2017 Report Week 22,VIX FUTURES,1170E1,E,CHI,117,VOLATILITY/VARIANCE INDEX,577687,125589,42581,19089,52254,44804,70782,111104,217719,120468,21980,6048,22268,543534,543759,34153,33928,100.0,21.7,7.4,3.3,9.0,7.8,12.3,19.2,37.7,20.9,3.8,1.0,3.9,94.1,94.1,5.9,5.9,248,24,15,50,71,25,27,180,180,33.5,29.6,44.1,43.8,16.5,18.9,23.7,29.0,($1000 X INDEX),F90,VOLATILITY/VARIANCE INDEX,OTHER FINANCIAL INSTRUMENTS,FINANCIAL INSTRUMENTS,FutOnly,52531,11319,1307,919,24519,6166,-13587,15693,47166,7951,2254,-168,2008,51076,51762,1455,769,24,17,5,22,53,13
1706061170E1F,VIX FUTURES - CBOE FUTURES EXCHANGE,2017-06-06T00:00:00.000,2017 Report Week 23,VIX FUTURES,1170E1,E,CHI,117,VOLATILITY/VARIANCE INDEX,614761,132267,42449,25216,64566,44799,68522,101851,232211,138764,25520,6974,22576,579282,581511,35479,33250,100.0,21.5,6.9,4.1,10.5,7.3,11.1,16.6,37.8,22.6,4.2,1.1,3.7,94.2,94.6,5.8,5.4,257,23,15,50,73,27,30,189,190,33.4,27.3,43.0,42.2,17.8,17.7,24.0,27.0,($1000 X INDEX),F90,VOLATILITY/VARIANCE INDEX,OTHER FINANCIAL INSTRUMENTS,FINANCIAL INSTRUMENTS,FutOnly,37074,6678,-132,6127,12312,-5,-2260,-9253,14492,18296,3540,926,308,35748,37752,1326,-678,26,19,,23,58,17
1706131170E1F,VIX FUTURES - CBOE FUTURES EXCHANGE,2017-06-13T00:00:00.000,2017 Report Week 24,VIX FUTURES,1170E1,E,CHI,117,VOLATILITY/VARIANCE INDEX,632465,135965,44405,28594,56238,45561,73157,111153,227926,149245,25014,8770,20337,599703,597995,32762,34470,100.0,21.5,7.0,4.5,8.9,7.2,11.6,17.6,36.0,23.6,4.0,1.4,3.2,94.8,94.5,5.2,5.5,265,25,16,56,72,28,31,199,197,33.1,27.1,44.7,43.3,18.1,17.6,24.2,26.3,($1000 X INDEX),F90,VOLATILITY/VARIANCE INDEX,OTHER FINANCIAL INSTRUMENTS,FINANCIAL INSTRUMENTS,FutOnly,17704,3698,1956,3378,-8328,762,4635,9302,-4285,10481,-506,1796,-2239,20421,16484,-2717,1220,28,21,,21,63,17
1706201170E1F,VIX FUTURES - CBOE FUTURES EXCHANGE,2017-06-20T00:00:00.000,2017 Report Week 25,VIX FUTURES,1170E1,E,CHI,117,VOLATILITY/VARIANCE INDEX,583594,127939,37948,28032,53540,42599,65587,109586,230367,111397,27089,8661,22966,546136,547557,37458,36037,100.0,21.9,6.5,4.8,9.2,7.3,11.2,18.8,39.5,19.1,4.6,1.5,3.9,93.6,93.8,6.4,6.2,274,24,16,63,73,28,29,205,200,29.9,24.7,40.0,38.9,16.7,18.1,23.2,28.1,($1000 X INDEX),F90,VOLATILITY/VARIANCE INDEX,OTHER FINANCIAL INSTRUMENTS,FINANCIAL INSTRUMENTS,FutOnly,-48871,-8026,-6457,-562,-2698,-2962,-7570,-1567,2441,-37848,2075,-109,2629,-53567,-50438,4696,1567,27,22,5,21,64,18
1706271170E1F,VIX FUTURES - CBOE FUTURES EXCHANGE,2017-06-27T00:00:00.000,2017 Report Week 26,VIX FUTURES,1170E1,E,CHI,117,VOLATILITY/VARIANCE INDEX,562064,109644,40726,23267,64875,41603,58701,113057,226248,104386,27783,11113,26096,527809,532140,34255,29924,100.0,19.5,7.2,4.1,11.5,7.4,10.4,20.1,40.3,18.6,4.9,2.0,4.6,93.9,94.7,6.1,5.3,270,25,16,61,70,28,29,201,197,30.9,25.2,40.7,39.6,18.2,20.3,24.4,30.3,($1000 X INDEX),F90,VOLATILITY/VARIANCE INDEX,OTHER FINANCIAL INSTRUMENTS,FINANCIAL INSTRUMENTS,FutOnly,-21530,-18295,2778,-4765,11335,-996,-6886,3471,-4119,-7011,694,2452,3130,-18327,-15417,-3203,-6113,25,22,5,20,61,21
1707031170E1F,VIX FUTURES - CBOE FUTURES EXCHANGE,2017-07-03T00:00:00.000,2017 Report Week 27,VIX FUTURES,1170E1,E,CHI,117,VOLATILITY/VARIANCE INDEX,562691,110716,38663,22390,55379,41629,75720,105458,205611,107609,24386,10345,26536,528194,528503,34497,34188,100.0,19.7,6.9,4.0,9.8,7.4,13.5,18.7,36.5,19.1,4.3,1.8,4.7,93.9,93.9,6.1,6.1,259,26,17,53,70,26,28,191,190,29.2,26.5,38.5,40.4,14.1,17.7,20.6,27.5,($1000 X INDEX),F90,VOLATILITY/VARIANCE INDEX,OTHER FINANCIAL INSTRUMENTS,FINANCIAL INSTRUMENTS,FutOnly,627,1072,-2063,-877,-9496,26,17019,-7599,-20637,3223,-3397,-768,440,385,-3637,242,4264,21,21,6,23,56,17
1707111170E1F,VIX FUTURES - CBOE FUTURES EXCHANGE,2017-07-11T00:00:00.000,2017 Report Week 28,VIX FUTURES,1170E1,E,CHI,117,VOLATILITY/VARIANCE INDEX,576528,108037,42540,30418,58638,43223,74937,102567,190412,126750,21521,12180,23004,545872,543464,30656,33064,100.0,18.7,7.4,5.3,10.2,7.5,13.0,17.8,33.0,22.0,3.7,2.1,4.0,94.7,94.3,5.3,5.7,251,21,15,60,65,24,27,191,185,30.4,27.3,40.6,42.0,13.6,16.5,20.2,25.6,($1000 X INDEX),F90,VOLATILITY/VARIANCE INDEX,OTHER FINANCIAL INSTRUMENTS,FINANCIAL INSTRUMENTS,FutOnly,13837,-2679,3877,8028,3259,1594,-783,-2891,-15199,19141,-2865,1835,-3532,17678,14961,-3841,-1124,21,20,5,21,63,20
1707181170E1F,VIX FUTURES - CBOE FUTURES EXCHANGE,2017-07-18T00:00:00.000,2017 Report Week 29,VIX FUTURES,1170E1,E,CHI,117,VOLATILITY/VARIANCE INDEX,617557,123399,51493,34174,74034,45933,66921,141501,247304,98230,22786,17427,21052,582097,582534,35460,35023,100.0,20.0,8.3,5.5,12.0,7.4,10.8,22.9,40.0,15.9,3.7,2.8,3.4,94.3,94.3,5.7,5.7,277,21,18,65,71,25,26,198,204,30.9,25.2,41.8,40.0,18.4,20.2,25.9,29.2,($1000 X INDEX),F90,VOLATILITY/VARIANCE INDEX,OTHER FINANCIAL INSTRUMENTS,FINANCIAL INSTRUMENTS,FutOnly,41029,15362,8953,3756,15396,2710,-8016,38934,56892,-28520,1265,5247,-1952,36225,39070,4804,1959,26,22,6,24,59,26
1707251170E1F,VIX FUTURES - CBOE FUTURES EXCHANGE,2017-07-25T00:00:00.000,2017 Report Week 30,VIX FUTURES,1170E1,E,CHI,117,VOLATILITY/VARIANCE INDEX,611661,137468,49518,29443,79247,54657,54214,135139,259023,99663,23693,14492,18349,577216,579359,34445,32302,100.0,22.5,8.1,4.8,13.0,8.9,8.9,22.1,42.3,16.3,3.9,2.4,3.0,94.4,94.7,5.6,5.3,286,29,14,63,77,26,26,195,205,30.3,25.2,41.7,39.6,20.0,22.3,29.1,31.8,($1000 X INDEX),F90,VOLATILITY/VARIANCE INDEX,OTHER FINANCIAL INSTRUMENTS,FINANCIAL INSTRUMENTS,FutOnly,-5896,14069,-1975,-4731,5213,8724,-12707,-6362,11719,1433,907,-2935,-2703,-4881,-3175,-1015,-2721,28,20,6,23,54,19
1708011170E1F,VIX FUTURES - CBOE FUTURES EXCHANGE,2017-08-01T00:00:00.000,2017 Report Week 31,VIX FUTURES,1170E1,E,CHI,117,VOLATILITY/VARIANCE INDEX,638805,145126,49320,31509,67338,54131,70599,133486,255627,113888,25977,15473,14967,602890,605514,35915,33291,100.0,22.7,7.7,4.9,10.5,8.5,11.1,20.9,40.0,17.8,4.1,2.4,2.3,94.4,94.8,5.6,5.2,295,28,17,66,79,31,26,216,201,28.9,24.8,39.9,38.2,17.2,20.1,26.0,29.6,($1000 X INDEX),F90,VOLATILITY/VARIANCE INDEX,OTHER FINANCIAL INSTRUMENTS,FINANCIAL INSTRUMENTS,FutOnly,27144,7658,-198,2066,-11909,-526,16385,-1653,-3396,14225,2284,981,-3382,25674,26155,1470,989,26,19,6,24,60,19
1708081170E1F,VIX FUTURES - CBOE FUTURES EXCHANGE,2017-08-08T00:00:00.000,2017 Report Week 32,VIX FUTURES,1170E1,E,CHI,117,VOLATILITY/VARIANCE INDEX,671800,144841,47101,37173,74257,54860,75504,139428,269305,116572,25395,18782,19130,632300,638427,39500,33373,100.0,21.6,7.0,5.5,11.1,8.2,11.2,20.8,40.1,17.4,3.8,2.8,2.8,94.1,95.0,5.9,5.0,293,26,22,71,79,27,24,215,208,26.8,22.9,37.0,36.6,15.7,18.5,23.2,27.9,($1000 X INDEX),F90,VOLATILITY/VARIANCE INDEX,OTHER FINANCIAL INSTRUMENTS,FINANCIAL INSTRUMENTS,FutOnly,32995,-285,-2219,5664,6919,729,4905,5942,13678,2684,-582,3309,4163,29410,32913,3585,82,24,17,6,28,67,21
1708151170E1F,VIX FUTURES - CBOE FUTURES EXCHANGE,2017-08-15T00:00:00.000,2017 Report Week 33,VIX FUTURES,1170E1,E,CHI,117,VOLATILITY/VARIANCE INDEX,603600,125371,44546,46517,66223,80250,80974,106037,176519,106287,16979,9666,19470,567858,564229,35742,39371,100.0,20.8,7.4,7.7,11.0,13.3,13.4,17.6,29.2,17.6,2.8,1.6,3.2,94.1,93.5,5.9,6.5,259,21,19,56,70,24,24,199,196,27.2,29.8,38.7,41.2,16.0,19.8,24.4,27.5,($1000 X INDEX),F90,VOLATILITY/VARIANCE INDEX,OTHER FINANCIAL INSTRUMENTS,FINANCIAL INSTRUMENTS,FutOnly,-68200,-19470,-2555,9344,-8034,25390,5470,-33391,-92786,-10285,-8416,-9116,340,-64442,-74198,-3758,5998,24,23,5,25,70,18
1708221170E1F,VIX FUTURES - CBOE FUTURES EXCHANGE,2017-08-22T00:00:00.000,2017 Report Week 34,VIX FUTURES,1170E1,E,CHI,117,VOLATILITY/VARIANCE INDEX,556057,122586,49085,30820,57023,74104,91849,103820,159660,87991,12998,6601,17662,524749,517772,31308,38285,100.0,22.0,8.8,5.5,10.3,13.3,16.5,18.7,28.7,15.8,2.3,1.2,3.2,94.4,93.1,5.6,6.9,257,26,20,62,66,21,27,198,188,32.8,32.8,44.1,43.9,18.5,19.9,25.5,28.3,($1000 X INDEX),F90,VOLATILITY/VARIANCE INDEX,OTHER FINANCIAL INSTRUMENTS,FINANCIAL INSTRUMENTS,FutOnly,-47543,-2785,4539,-15697,-9200,-6146,10875,-2217,-16859,-18296,-3981,-3065,-1808,-43109,-46457,-4434,-1086,21,18,8,23,64,12
1708291170E1F,VIX FUTURES - CBOE FUTURES EXCHANGE,2017-08-29T00:00:00.000,2017 Report Week 35,VIX FUTURES,1170E1,E,CHI,117,VOLATILITY/VARIANCE INDEX,578391,124152,47071,32805,58917,70282,94896,110542,180117,90755,15549,8297,17165,544781,541388,33610,37003,100.0,21.5,8.1,5.7,10.2,12.2,16.4,19.1,31.1,15.7,2.7,1.4,3.0,94.2,93.6,5.8,6.4,253,26,20,54,76,19,21,189,188,34.2,31.7,44.5,43.4,18.5,18.2,25.5,27.5,($1000 X INDEX),F90,VOLATILITY/VARIANCE INDEX,OTHER FINANCIAL INSTRUMENTS,FINANCIAL INSTRUMENTS,FutOnly,22334,1566,-2014,1985,1894,-3822,3047,6722,20457,2764,2551,1696,-497,20032,23616,2302,-1282,18,19,10,22,64,13
1709051170E1F,VIX FUTURES - CBOE FUTURES EXCHANGE,2017-09-05T00:00:00.000,2017 Report Week 36,VIX FUTURES,1170E1,E,CHI,117,VOLATILITY/VARIANCE INDEX,618725,124785,46117,32885,76128,68373,110759,109945,202149,91057,18747,9971,18797,583103,580108,35622,38617,100.0,20.2,7.5,5.3,12.3,11.1,17.9,17.8,32.7,14.7,3.0,1.6,3.0,94.2,93.8,5.8,6.2,259,29,22,61,72,17,22,193,196,32.5,30.6,43.4,41.4,17.3,15.9,25.4,25.2,($1000 X INDEX),F90,VOLATILITY/VARIANCE INDEX,OTHER FINANCIAL INSTRUMENTS,FINANCIAL INSTRUMENTS,FutOnly,40334,633,-954,80,17211,-1909,15863,-597,22032,302,3198,1674,1632,38322,38720,2012,1614,19,19,8,22,67,16
1709121170E1F,VIX FUTURES - CBOE FUTURES EXCHANGE,2017-09-12T00:00:00.000,2017 Report Week 37,VIX FUTURES,1170E1,E,CHI,117,VOLATILITY/VARIANCE INDEX,640340,129073,56170,32320,70485,59137,124611,106595,193653,98788,20348,12664,23762,605982,601105,34358,39235,100.0,20.2,8.8,5.0,11.0,9.2,19.5,16.6,30.2,15.4,3.2,2.0,3.7,94.6,93.9,5.4,6.1,261,30,28,47,79,17,23,192,204,33.9,31.3,43.2,41.6,17.3,16.2,23.5,24.6,($1000 X INDEX),F90,VOLATILITY/VARIANCE INDEX,OTHER FINANCIAL INSTRUMENTS,FINANCIAL INSTRUMENTS,FutOnly,21615,4288,10053,-565,-5643,-9236,13852,-3350,-8496,7731,1601,2693,4965,22879,20997,-1264,618,21,21,9,24,63,18
1709191170E1F,VIX FUTURES - CBOE FUTURES EXCHANGE,2017-09-19T00:00:00.000,2017 Report Week 38,VIX FUTURES,1170E1,E,CHI,117,VOLATILITY/VARIANCE INDEX,704831,141405,60841,45525,79329,70902,119539,136907,233508,87910,26089,13209,28039,664743,659473,40088,45358,100.0,20.1,8.6,6.5,11.3,10.1,17.0,19.4,33.1,12.5,3.7,1.9,4.0,94.3,93.6,5.7,6.4,272,28,22,57,80,21,23,194,209,32.0,28.1,43.3,39.9,18.5,17.2,26.1,26.7,($1000 X INDEX),F90,VOLATILITY/VARIANCE INDEX,OTHER FINANCIAL INSTRUMENTS,FINANCIAL INSTRUMENTS,FutOnly,64491,12332,4671,13205,8844,11765,-5072,30312,39855,-10878,5741,545,4277,58761,58368,5730,6123,21,24,9,22,62,20
1709261170E1F,VIX FUTURES - CBOE FUTURES EXCHANGE,2017-09-26T00:00:00.000,2017 Report Week 39,VIX FUTURES,1170E1,E,CHI,117,VOLATILITY/VARIANCE INDEX,640509,137665,36499,36643,66471,70901,115460,115824,228023,78573,30749,14393,25765,607150,606257,33359,34252,100.0,21.5,5.7,5.7,10.4,11.1,18.0,18.1,35.6,12.3,4.8,2.2,4.0,94.8,94.7,5.2,5.3,275,33,22,54,78,27,26,191,208,34.3,27.7,45.5,40.0,19.3,17.1,26.5,26.8,($1000 X INDEX),F90,VOLATILITY/VARIANCE INDEX,OTHER FINANCIAL INSTRUMENTS,FINANCIAL INSTRUMENTS,FutOnly,-64322,-3740,-24342,-8882,-12858,-1,-4079,-21083,-5485,-9337,4660,1184,-2274,-57593,-53216,-6729,-11106,22,18,5,19,58,19
1710031170E1F,VIX FUTURES - CBOE FUTURES EXCHANGE,2017-10-03T00:00:00.000,2017 Report Week 40,VIX FUTURES,1170E1,E,CHI,117,VOLATILITY/VARIANCE INDEX,669232,148263,42416,35521,82992,66899,103641,110381,247785,98726,32419,13127,23652,635595,631767,33637,37465,100.0,22.2,6.3,5.3,12.4,10.0,15.5,16.5,37.0,14.8,4.8,2.0,3.5,95.0,94.4,5.0,5.6,275,35,23,57,78,25,26,196,205,33.9,26.1,44.9,37.9,20.0,17.9,28.6,26.1,($1000 X INDEX),F90,VOLATILITY/VARIANCE INDEX,OTHER FINANCIAL INSTRUMENTS,FINANCIAL INSTRUMENTS,FutOnly,28723,10598,5917,-1122,16521,-4002,-11819,-5443,19762,20153,1670,-1266,-2113,28445,25510,278,3213,21,17,7,19,60,18
1710101170E1F,VIX FUTURES - CBOE FUTURES EXCHANGE,2017-10-10T00:00:00.000,2017 Report Week 41,VIX FUTURES,1170E1,E,CHI,117,VOLATILITY/VARIANCE INDEX,677160,157543,45306,35694,82392,62987,110003,108611,248682,101178,26324,14564,20301,642046,638715,35114,38445,100.0,23.3,6.7,5.3,12.2,9.3,16.2,16.0,36.7,14.9,3.9,2.2,3.0,94.8,94.3,5.2,5.7,280,38,25,56,80,23,26,201,212,34.3,26.2,45.2,38.3,20.2,17.6,28.8,25.9,($1000 X INDEX),F90,VOLATILITY/VARIANCE INDEX,OTHER FINANCIAL INSTRUMENTS,FINANCIAL INSTRUMENTS,FutOnly,7928,9280,2890,173,-600,-3912,6362,-1770,897,2452,-6095,1437,-3351,6451,6948,1477,980,25,21,8,19,61,17
1710171170E1F,VIX FUTURES - CBOE FUTURES EXCHANGE,2017-10-17T00:00:00.000,2017 Report Week 42,VIX FUTURES,1170E1,E,CHI,117,VOLATILITY/VARIANCE INDEX,701927,154733,51030,44610,70140,60754,116664,130359,256662,103032,28361,13393,18444,666343,664589,35584,37338,100.0,22.0,7.3,6.4,10.0,8.7,16.6,18.6,36.6,14.7,4.0,1.9,2.6,94.9,94.7,5.1,5.3,282,36,25,59,86,25,26,195,221,31.1,27.7,42.2,40.0,18.8,18.8,26.0,26.4,($1000 X INDEX),F90,VOLATILITY/VARIANCE INDEX,OTHER FINANCIAL INSTRUMENTS,FINANCIAL INSTRUMENTS,FutOnly,24767,-2810,5724,8916,-12252,-2233,6661,21748,7980,1854,2037,-1171,-1857,24297,25874,470,-1107,22,20,9,18,63,15
1710241170E1F,VIX FUTURES - CBOE FUTURES EXCHANGE,2017-10-24T00:00:00.000,2017 Report Week 43,VIX FUTURES,1170E1,E,CHI,117,VOLATILITY/VARIANCE INDEX,617178,137842,52570,24010,82796,62320,111522,99691,220500,81616,27106,9705,17462,582045,579705,35133,37473,100.0,22.3,8.5,3.9,13.4,10.1,18.1,16.2,35.7,13.2,4.4,1.6,2.8,94.3,93.9,5.7,6.1,267,37,23,50,86,21,24,185,199,33.5,30.1,45.1,41.9,20.2,21.0,30.3,29.4,($1000 X INDEX),F90,VOLATILITY/VARIANCE INDEX,OTHER FINANCIAL INSTRUMENTS,FINANCIAL INSTRUMENTS,FutOnly,-84749,-16891,1540,-20600,12656,1566,-5142,-30668,-36162,-21416,-1255,-3688,-982,-84298,-84884,-451,135,21,14,8,17,56,19
1710311170E1F,VIX FUTURES - CBOE FUTURES EXCHANGE,2017-10-31T00:00:00.000,2017 Report Week 44,VIX FUTURES,1170E1,E,CHI,117,VOLATILITY/VARIANCE INDEX,628156,139388,57469,22358,87941,64556,114880,90572,211855,88507,25924,10796,21928,591498,592349,36658,35807,100.0,22.2,9.1,3.6,14.0,10.3,18.3,14.4,33.7,14.1,4.1,1.7,3.5,94.2,94.3,5.8,5.7,256,36,24,49,75,19,22,179,192,31.1,32.2,43.9,42.2,20.0,20.6,29.1,28.4,($1000 X INDEX),F90,VOLATILITY/VARIANCE INDEX,OTHER FINANCIAL INSTRUMENTS,FINANCIAL INSTRUMENTS,FutOnly,10978,1546,4899,-1652,5145,2236,3358,-9119,-8645,6891,-1182,1091,4466,9453,12644,1525,-1666,20,17,8,21,52,17
1711071170E1F,VIX FUTURES - CBOE FUTURES EXCHANGE,2017-11-07T00:00:00.000,2017 Report Week 45,VIX FUTURES,1170E1,E,CHI,117,VOLATILITY/VARIANCE INDEX,659250,138445,57736,25918,105891,66042,112471,102150,232179,94793,27982,10428,19504,627154,619071,32096,40179,100.0,21.0,8.8,3.9,16.1,10.0,17.1,15.5,35.2,14.4,4.2,1.6,3.0,95.1,93.9,4.9,6.1,279,36,27,57,79,23,27,204,209,29.9,29.7,42.6,40.9,19.2,20.1,28.6,28.8,($1000 X INDEX),F90,VOLATILITY/VARIANCE INDEX,OTHER FINANCIAL INSTRUMENTS,FINANCIAL INSTRUMENTS,FutOnly,31094,-943,267,3560,17950,1486,-2409,11578,20324,6286,2058,-368,-2424,35656,26722,-4562,4372,22,18,8,22,62,20
1711141170E1F,VIX FUTURES - CBOE FUTURES EXCHANGE,2017-11-14T00:00:00.000,2017 Report Week 46,VIX FUTURES,1170E1,E,CHI,117,VOLATILITY/VARIANCE INDEX,657946,122929,48188,44476,116285,86425,112325,98238,208594,88645,26200,9880,16457,625555,614990,32391,42956,100.0,18.7,7.3,6.8,17.7,13.1,17.1,14.9,31.7,13.5,4.0,1.5,2.5,95.1,93.5,4.9,6.5,276,37,27,56,79,18,22,193,217,29.5,27.8,41.9,38.7,18.6,15.9,27.8,25.4,($1000 X INDEX),F90,VOLATILITY/VARIANCE INDEX,OTHER FINANCIAL INSTRUMENTS,FINANCIAL INSTRUMENTS,FutOnly,-1304,-15516,-9548,18558,10394,20383,-146,-3912,-23585,-6148,-1782,-548,-3047,-1599,-4081,295,2777,19,21,11,25,64,24
1711211170E1F,VIX FUTURES - CBOE FUTURES EXCHANGE,2017-11-21T00:00:00.000,2017 Report Week 47,VIX FUTURES,1170E1,E,CHI,117,VOLATILITY/VARIANCE INDEX,628899,110380,53406,27172,103454,91324,120971,94788,171265,95560,23388,7816,20452,596165,587966,32734,40933,100.0,17.6,8.5,4.3,16.4,14.5,19.2,15.1,27.2,15.2,3.7,1.2,3.3,94.8,93.5,5.2,6.5,267,38,26,51,80,23,20,186,206,29.9,27.1,42.4,37.2,18.6,15.9,27.8,23.3,($1000 X INDEX),F90,VOLATILITY/VARIANCE INDEX,OTHER FINANCIAL INSTRUMENTS,FINANCIAL INSTRUMENTS,FutOnly,-29047,-12549,5218,-17304,-12831,4899,8646,-3450,-37329,6915,-2812,-2064,3995,-29390,-27024,343,-2023,20,19,12,17,60,15
1711281170E1F,VIX FUTURES - CBOE FUTURES EXCHANGE,2017-11-28T00:00:00.000,2017 Report Week 48,VIX FUTURES,1170E1,E,CHI,117,VOLATILITY/VARIANCE INDEX,632116,114380,56799,28206,108711,91757,112789,102695,178341,97571,19324,7847,19503,603179,592813,28937,39303,100.0,18.1,9.0,4.5,17.2,14.5,17.8,16.2,28.2,15.4,3.1,1.2,3.1,95.4,93.8,4.6,6.2,275,37,26,55,82,23,21,193,210,32.0,27.2,44.8,37.0,19.3,16.2,29.2,24.0,($1000 X INDEX),F90,VOLATILITY/VARIANCE INDEX,OTHER FINANCIAL INSTRUMENTS,FINANCIAL INSTRUMENTS,FutOnly,3217,4000,3393,1034,5257,433,-8182,7907,7076,2011,-4064,31,-949,7014,4847,-3797,-1630,21,20,11,20,61,15
1712051170E1F,VIX FUTURES - CBOE FUTURES EXCHANGE,2017-12-05T00:00:00.000,2017 Report Week 49,VIX FUTURES,1170E1,E,CHI,117,VOLATILITY/VARIANCE INDEX,622772,115184,55235,20476,111808,79650,117692,85522,175683,100387,11200,8546,27908,590177,585577,32595,37195,100.0,18.5,8.9,3.3,18.0,12.8,18.9,13.7,28.2,16.1,1.8,1.4,4.5,94.8,94.0,5.2,6.0,259,36,26,47,77,17,23,186,203,32.1,27.7,44.8,37.5,19.0,14.9,29.3,22.0,($1000 X INDEX),F90,VOLATILITY/VARIANCE INDEX,OTHER FINANCIAL INSTRUMENTS,FINANCIAL INSTRUMENTS,FutOnly,-9344,804,-1564,-7730,3097,-12107,4903,-17173,-2658,2816,-8124,699,8405,-13002,-7236,3658,-2108,18,18,10,22,63,18
1712121170E1F,VIX FUTURES - CBOE FUTURES EXCHANGE,2017-12-12T00:00:00.000,2017 Report Week 50,VIX FUTURES,1170E1,E,CHI,117,VOLATILITY/VARIANCE INDEX,651180,128722,53800,25527,91488,87114,121637,100090,177140,109965,15091,12238,25378,617898,612799,33282,38381,100.0,19.8,8.3,3.9,14.0,13.4,18.7,15.4,27.2,16.9,2.3,1.9,3.9,94.9,94.1,5.1,5.9,272,35,26,52,79,22,32,198,215,28.8,27.4,41.4,37.0,16.8,15.4,27.5,22.8,($1000 X INDEX),F90,VOLATILITY/VARIANCE INDEX,OTHER FINANCIAL INSTRUMENTS,FINANCIAL INSTRUMENTS,FutOnly,28408,13538,-1435,5051,-20320,7464,3945,14568,1457,9578,3891,3692,-2530,27721,27222,687,1186,20,18,8,23,65,20
1712191170E1F,VIX FUTURES - CBOE FUTURES EXCHANGE,2017-12-19T00:00:00.000,2017 Report Week 51,VIX FUTURES,1170E1,E,CHI,117,VOLATILITY/VARIANCE INDEX,646026,130701,54515,34444,70911,88419,116340,136742,197048,89278,16166,13001,17187,611769,610232,34257,35794,100.0,20.2,8.4,5.3,11.0,13.7,18.0,21.2,30.5,13.8,2.5,2.0,2.7,94.7,94.5,5.3,5.5,271,34,23,53,81,21,24,188,212,28.8,27.2,39.5,37.0,17.3,16.0,26.1,24.7,($1000 X INDEX),F90,VOLATILITY/VARIANCE INDEX,OTHER FINANCIAL INSTRUMENTS,FINANCIAL INSTRUMENTS,FutOnly,-5154,1979,715,8917,-20577,1305,-5297,36652,19908,-20687,1075,763,-8191,-6129,-2567,975,-2587,23,22,8,22,60,16
1712261170E1F,VIX FUTURES - CBOE FUTURES EXCHANGE,2017-12-26T00:00:00.000,2017 Report Week 52,VIX FUTURES,1170E1,E,CHI,117,VOLATILITY/VARIANCE INDEX,551395,106232,52412,15722,79831,89405,100550,119553,165492,68960,14693,6612,18764,524305,517917,27090,33478,100.0,19.3,9.5,2.9,14.5,16.2,18.2,21.7,30.0,12.5,2.7,1.2,3.4,95.1,93.9,4.9,6.1,250,33,22,50,67,20,25,179,186,29.2,29.1,40.2,40.0,15.6,19.4,24.8,28.7,($1000 X INDEX),F90,VOLATILITY/VARIANCE INDEX,OTHER FINANCIAL INSTRUMENTS,FINANCIAL INSTRUMENTS,FutOnly,-94631,-24469,-2103,-18722,8920,986,-15790,-17189,-31556,-20318,-1473,-6389,1577,-87464,-92315,-7167,-2316,16,15,8,29,53,13
1801021170E1F,VIX FUTURES - CBOE FUTURES EXCHANGE,2018-01-02T00:00:00.000,2018 Report Week 01,VIX FUTURES,1170E1,E,CHI,117,VOLATILITY/VARIANCE INDEX,562302,103362,50529,19922,80167,94832,103606,116366,163800,75500,17445,6477,16683,533051,531349,29251,30953,100.0,18.4,9.0,3.5,14.3,16.9,18.4,20.7,29.1,13.4,3.1,1.2,3.0,94.8,94.5,5.2,5.5,257,36,24,60,64,21,25,185,192,29.0,28.5,40.2,39.6,16.3,19.2,24.5,28.5,($1000 X INDEX),F90,VOLATILITY/VARIANCE INDEX,OTHER FINANCIAL INSTRUMENTS,FINANCIAL INSTRUMENTS,FutOnly,10907,-2870,-1883,4200,336,5427,3056,-3187,-1692,6540,2752,-135,-2081,8746,13432,2161,-2525,19,17,7,26,54,10
1801091170E1F,VIX FUTURES - CBOE FUTURES EXCHANGE,2018-01-09T00:00:00.000,2018 Report Week 02,VIX FUTURES,1170E1,E,CHI,117,VOLATILITY/VARIANCE INDEX,602198,107419,55189,30732,105293,103892,88487,124530,183217,82089,16196,7560,14823,569569,565989,32629,36209,100.0,17.8,9.2,5.1,17.5,17.3,14.7,20.7,30.4,13.6,2.7,1.3,2.5,94.6,94.0,5.4,6.0,262,37,25,59,70,17,21,188,199,30.3,27.4,41.2,38.1,17.1,18.4,26.2,28.1,($1000 X INDEX),F90,VOLATILITY/VARIANCE INDEX,OTHER FINANCIAL INSTRUMENTS,FINANCIAL INSTRUMENTS,FutOnly,39896,4057,4660,10810,25126,9060,-15119,8164,19417,6589,-1249,1083,-1860,36518,34640,3378,5256,17,19,7,27,60,13
1801161170E1F,VIX FUTURES - CBOE FUTURES EXCHANGE,2018-01-16T00:00:00.000,2018 Report Week 03,VIX FUTURES,1170E1,E,CHI,117,VOLATILITY/VARIANCE INDEX,653697,109776,56916,34842,108985,127325,96368,140175,178850,92001,16791,9735,20105,619043,616142,34654,37555,100.0,16.8,8.7,5.3,16.7,19.5,14.7,21.4,27.4,14.1,2.6,1.5,3.1,94.7,94.3,5.3,5.7,278,38,25,61,70,23,28,197,212,27.3,28.9,39.0,40.6,15.8,17.1,24.2,26.7,($1000 X INDEX),F90,VOLATILITY/VARIANCE INDEX,OTHER FINANCIAL INSTRUMENTS,FINANCIAL INSTRUMENTS,FutOnly,51499,2357,1727,4110,3692,23433,7881,15645,-4367,9912,595,2175,5282,49474,50153,2025,1346,19,19,9,27,59,15
1801231170E1F,VIX FUTURES - CBOE FUTURES EXCHANGE,2018-01-23T00:00:00.000,2018 Report Week 04,VIX FUTURES,1170E1,E,CHI,117,VOLATILITY/VARIANCE INDEX,630599,104998,54735,22752,130194,133530,95600,130311,180275,80229,15506,9403,19952,599542,596476,31057,34123,100.0,16.7,8.7,3.6,20.6,21.2,15.2,20.7,28.6,12.7,2.5,1.5,3.2,95.1,94.6,4.9,5.4,278,37,22,59,75,19,30,199,206,24.9,29.7,36.6,39.4,16.2,18.3,24.4,26.8,($1000 X INDEX),F90,VOLATILITY/VARIANCE INDEX,OTHER FINANCIAL INSTRUMENTS,FINANCIAL INSTRUMENTS,FutOnly,-23098,-4778,-2181,-12090,21209,6205,-768,-9864,1425,-11772,-1285,-332,-153,-19501,-19666,-3597,-3432,18,14,9,26,61,17
1801301170E1F,VIX FUTURES - CBOE FUTURES EXCHANGE,2018-01-30T00:00:00.000,2018 Report Week 05,VIX FUTURES,1170E1,E,CHI,117,VOLATILITY/VARIANCE INDEX,629529,77921,55566,32933,123981,130441,93714,118311,147210,100571,20939,7193,21259,589629,588887,39900,40642,100.0,12.4,8.8,5.2,19.7,20.7,14.9,18.8,23.4,16.0,3.3,1.1,3.4,93.7,93.5,6.3,6.5,275,35,23,64,70,20,25,201,209,22.8,27.3,32.5,36.4,12.7,16.5,20.4,23.5,($1000 X INDEX),F90,VOLATILITY/VARIANCE INDEX,OTHER FINANCIAL INSTRUMENTS,FINANCIAL INSTRUMENTS,FutOnly,-1070,-27077,831,10181,-6213,-3089,-1886,-12000,-33065,20342,5433,-2210,1307,-9913,-7589,8843,6519,15,18,11,31,69,12
1802061170E1F,VIX FUTURES - CBOE FUTURES EXCHANGE,2018-02-06T00:00:00.000,2018 Report Week 06,VIX FUTURES,1170E1,E,CHI,117,VOLATILITY/VARIANCE INDEX,614435,50347,80575,56776,120943,57591,45843,145577,149928,108416,19493,5268,17167,564562,521564,49873,92871,100.0,8.2,13.1,9.2,19.7,9.4,7.5,23.7,24.4,17.6,3.2,0.9,2.8,91.9,84.9,8.1,15.1,266,30,30,63,66,18,21,203,209,21.5,20.4,30.8,29.9,15.6,14.2,23.6,20.8,($1000 X INDEX),F90,VOLATILITY/VARIANCE INDEX,OTHER FINANCIAL INSTRUMENTS,FINANCIAL INSTRUMENTS,FutOnly,-15094,-27574,25009,23843,-3038,-72850,-47871,27266,2718,7845,-1446,-1925,-4092,-25067,-67323,9973,52229,12,23,18,28,72,16
1802131170E1F,VIX FUTURES - CBOE FUTURES EXCHANGE,2018-02-13T00:00:00.000,2018 Report Week 07,VIX FUTURES,1170E1,E,CHI,117,VOLATILITY/VARIANCE INDEX,509458,62260,81758,56056,72796,40320,43039,110419,125548,105692,9258,6503,19061,478581,477977,30877,31481,100.0,12.2,16.0,11.0,14.3,7.9,8.4,21.7,24.6,20.7,1.8,1.3,3.7,93.9,93.8,6.1,6.2,251,27,26,67,48,16,25,211,191,16.9,29.4,26.5,40.8,11.3,21.7,18.0,29.1,($1000 X INDEX),F90,VOLATILITY/VARIANCE INDEX,OTHER FINANCIAL INSTRUMENTS,FINANCIAL INSTRUMENTS,FutOnly,-104977,11913,1183,-720,-48147,-17271,-2804,-35158,-24380,-2724,-10235,1235,1894,-85981,-43587,-18996,-61390,17,26,14,28,74,17
1802201170E1F,VIX FUTURES - CBOE FUTURES EXCHANGE,2018-02-20T00:00:00.000,2018 Report Week 08,VIX FUTURES,1170E1,E,CHI,117,VOLATILITY/VARIANCE INDEX,425271,49593,66316,34768,70204,51581,32128,93848,98301,89709,8680,5069,16484,395414,394356,29857,30915,100.0,11.7,15.6,8.2,16.5,12.1,7.6,22.1,23.1,21.1,2.0,1.2,3.9,93.0,92.7,7.0,7.3,231,25,23,73,37,15,22,193,163,17.9,31.5,28.8,44.5,12.5,22.8,20.2,30.3,($1000 X INDEX),F90,VOLATILITY/VARIANCE INDEX,OTHER FINANCIAL INSTRUMENTS,FINANCIAL INSTRUMENTS,FutOnly,-84187,-12667,-15442,-21288,-2592,11261,-10911,-16571,-27247,-15983,-578,-1434,-2577,-83167,-83621,-1020,-566,17,18,12,27,62,9
1802271170E1F,VIX FUTURES - CBOE FUTURES EXCHANGE,2018-02-27T00:00:00.000,2018 Report Week 09,VIX FUTURES,1170E1,E,CHI,117,VOLATILITY/VARIANCE INDEX,407846,48927,68425,36616,71272,48083,24943,83164,101696,84557,11976,5365,16652,378107,386337,29739,21509,100.0,12.0,16.8,9.0,17.5,11.8,6.1,20.4,24.9,20.7,2.9,1.3,4.1,92.7,94.7,7.3,5.3,223,24,23,61,46,15,23,178,171,19.2,29.6,29.5,41.9,12.0,23.4,19.7,31.5,($1000 X INDEX),F90,VOLATILITY/VARIANCE INDEX,OTHER FINANCIAL INSTRUMENTS,FINANCIAL INSTRUMENTS,FutOnly,-17425,-666,2109,1848,1068,-3498,-7185,-10684,3395,-5152,3296,296,168,-17307,-8019,-118,-9406,17,19,12,24,61,8
1803061170E1F,VIX FUTURES - CBOE FUTURES EXCHANGE,2018-03-06T00:00:00.000,2018 Report Week 10,VIX FUTURES,1170E1,E,CHI,117,VOLATILITY/VARIANCE INDEX,398050,44961,76748,39124,67982,40177,17139,93942,90345,80454,7601,4676,15559,366762,364222,31288,33828,100.0,11.3,19.3,9.8,17.1,10.1,4.3,23.6,22.7,20.2,1.9,1.2,3.9,92.1,91.5,7.9,8.5,208,25,21,63,35,11,21,176,156,18.4,33.1,27.8,43.7,13.0,25.8,20.3,32.7,($1000 X INDEX),F90,VOLATILITY/VARIANCE INDEX,OTHER FINANCIAL INSTRUMENTS,FINANCIAL INSTRUMENTS,FutOnly,-9796,-3966,8323,2508,-3290,-7906,-7804,10778,-11351,-4103,-4375,-689,-1093,-11345,-22115,1549,12319,15,21,12,22,61,10
1803131170E1F,VIX FUTURES - CBOE FUTURES EXCHANGE,2018-03-13T00:00:00.000,2018 Report Week 11,VIX FUTURES,1170E1,E,CHI,117,VOLATILITY/VARIANCE INDEX,400736,49309,77167,37418,54452,28614,28671,71701,83559,91460,15744,4931,16679,365434,368499,35302,32237,100.0,12.3,19.3,9.3,13.6,7.1,7.2,17.9,20.9,22.8,3.9,1.2,4.2,91.2,92.0,8.8,8.0,212,24,20,53,49,12,21,167,169,18.6,30.0,27.6,40.7,11.2,23.1,17.5,27.7,($1000 X INDEX),F90,VOLATILITY/VARIANCE INDEX,OTHER FINANCIAL INSTRUMENTS,FINANCIAL INSTRUMENTS,FutOnly,2686,4348,419,-1706,-13530,-11563,11532,-22241,-6786,11006,8143,255,1120,-1328,4277,4014,-1591,17,19,10,22,64,9
1803201170E1F,VIX FUTURES - CBOE FUTURES EXCHANGE,2018-03-20T00:00:00.000,2018 Report Week 12,VIX FUTURES,1170E1,E,CHI,117,VOLATILITY/VARIANCE INDEX,417393,49600,88310,38034,63550,26674,26197,80272,86523,98495,12672,4351,18971,387791,387555,29602,29838,100.0,11.9,21.2,9.1,15.2,6.4,6.3,19.2,20.7,23.6,3.0,1.0,4.5,92.9,92.9,7.1,7.1,213,25,21,55,49,11,20,178,163,18.9,33.6,27.7,43.9,10.5,24.2,16.9,29.7,($1000 X INDEX),F90,VOLATILITY/VARIANCE INDEX,OTHER FINANCIAL INSTRUMENTS,FINANCIAL INSTRUMENTS,FutOnly,16657,291,11143,616,9098,-1940,-2474,8571,2964,7035,-3072,-580,2292,22357,19056,-5700,-2399,14,19,12,25,68,10
1803271170E1F,VIX FUTURES - CBOE FUTURES EXCHANGE,2018-03-27T00:00:00.000,2018 Report Week 13,VIX FUTURES,1170E1,E,CHI,117,VOLATILITY/VARIANCE INDEX,394826,30442,107059,28410,76373,22040,18067,101201,86649,80217,7277,3682,20337,362324,366461,32502,28365,100.0,7.7,27.1,7.2,19.3,5.6,4.6,25.6,21.9,20.3,1.8,0.9,5.2,91.8,92.8,8.2,7.2,215,20,14,69,38,14,20,175,144,18.9,36.9,28.6,46.5,12.5,26.4,20.3,32.8,($1000 X INDEX),F90,VOLATILITY/VARIANCE INDEX,OTHER FINANCIAL INSTRUMENTS,FINANCIAL INSTRUMENTS,FutOnly,-22567,-19158,18749,-9624,12823,-4634,-8130,20929,126,-18278,-5395,-669,1366,-25467,-21094,2900,-1473,10,17,16,26,53,10
1804031170E1F,VIX FUTURES - CBOE FUTURES EXCHANGE,2018-04-03T00:00:00.000,2018 Report Week 14,VIX FUTURES,1170E1,E,CHI,117,VOLATILITY/VARIANCE INDEX,377503,29997,102929,35689,75814,24290,19159,90584,71740,68797,8497,7412,16466,345003,346482,32500,31021,100.0,7.9,27.3,9.5,20.1,6.4,5.1,24.0,19.0,18.2,2.3,2.0,4.4,91.4,91.8,8.6,8.2,204,20,18,57,36,11,18,165,145,17.8,36.3,28.3,46.8,13.7,26.7,21.0,33.8,($1000 X INDEX),F90,VOLATILITY/VARIANCE INDEX,OTHER FINANCIAL INSTRUMENTS,FINANCIAL INSTRUMENTS,FutOnly,-17323,-445,-4130,7279,-559,2250,1092,-10617,-14909,-11420,1220,3730,-3871,-17321,-19979,-2,2656,10,18,16,30,52,11
1804101170E1F,VIX FUTURES - CBOE FUTURES EXCHANGE,2018-04-10T00:00:00.000,2018 Report Week 15,VIX FUTURES,1170E1,E,CHI,117,VOLATILITY/VARIANCE INDEX,380021,31266,102923,38177,76903,26766,20543,88167,74485,62463,17453,8265,15393,350365,349015,29656,31006,100.0,8.2,27.1,10.0,20.2,7.0,5.4,23.2,19.6,16.4,4.6,2.2,4.1,92.2,91.8,7.8,8.2,201,21,19,51,39,10,18,159,150,17.3,38.3,29.1,48.9,14.6,28.8,22.7,36.6,($1000 X INDEX),F90,VOLATILITY/VARIANCE INDEX,OTHER FINANCIAL INSTRUMENTS,FINANCIAL INSTRUMENTS,FutOnly,2518,1269,-6,2488,1089,2476,1384,-2417,2745,-6334,8956,853,-1073,5362,2533,-2844,-15,11,19,14,30,52,11
1804171170E1F,VIX FUTURES - CBOE FUTURES EXCHANGE,2018-04-17T00:00:00.000,2018 Report Week 16,VIX FUTURES,1170E1,E,CHI,117,VOLATILITY/VARIANCE INDEX,395804,38835,106894,34549,62280,19576,22476,90652,71218,86271,18284,7071,11146,364493,359201,31311,36603,100.0,9.8,27.0,8.7,15.7,4.9,5.7,22.9,18.0,21.8,4.6,1.8,2.8,92.1,90.8,7.9,9.2,200,21,17,62,45,9,11,157,150,17.3,34.0,28.6,44.8,13.1,23.8,22.1,30.2,($1000 X INDEX),F90,VOLATILITY/VARIANCE INDEX,OTHER FINANCIAL INSTRUMENTS,FINANCIAL INSTRUMENTS,FutOnly,15783,7569,3971,-3628,-14623,-7190,1933,2485,-3267,23808,831,-1194,-4247,14128,10186,1655,5597,13,16,13,21,63,9
1804241170E1F,VIX FUTURES - CBOE FUTURES EXCHANGE,2018-04-24T00:00:00.000,2018 Report Week 17,VIX FUTURES,1170E1,E,CHI,117,VOLATILITY/VARIANCE INDEX,357037,33299,79179,34481,73237,24480,19349,78379,87121,63452,14855,6901,14893,331945,329856,25092,27181,100.0,9.3,22.2,9.7,20.5,6.9,5.4,22.0,24.4,17.8,4.2,1.9,4.2,93.0,92.4,7.0,7.6,200,22,20,52,47,9,15,158,143,22.4,31.6,33.3,42.5,15.5,22.7,24.4,31.0,($1000 X INDEX),F90,VOLATILITY/VARIANCE INDEX,OTHER FINANCIAL INSTRUMENTS,FINANCIAL INSTRUMENTS,FutOnly,-38767,-5536,-27715,-68,10957,4904,-3127,-12273,15903,-22819,-3429,-170,3747,-32548,-29345,-6219,-9422,14,17,11,25,49,8
1805011170E1F,VIX FUTURES - CBOE FUTURES EXCHANGE,2018-05-01T00:00:00.000,2018 Report Week 18,VIX FUTURES,1170E1,E,CHI,117,VOLATILITY/VARIANCE INDEX,372034,38403,72180,35595,80255,31391,18570,70859,89954,71668,14639,6948,16595,346584,342901,25450,29133,100.0,10.3,19.4,9.6,21.6,8.4,5.0,19.0,24.2,19.3,3.9,1.9,4.5,93.2,92.2,6.8,7.8,207,31,20,59,42,9,17,164,154,19.8,29.6,31.6,39.8,14.7,21.8,23.8,29.5,($1000 X INDEX),F90,VOLATILITY/VARIANCE INDEX,OTHER FINANCIAL INSTRUMENTS,FINANCIAL INSTRUMENTS,FutOnly,14997,5104,-6999,1114,7018,6911,-779,-7520,2833,8216,-216,47,1702,14639,13045,358,1952,16,18,8,23,56,9
1805081170E1F,VIX FUTURES - CBOE FUTURES EXCHANGE,2018-05-08T00:00:00.000,2018 Report Week 19,VIX FUTURES,1170E1,E,CHI,117,VOLATILITY/VARIANCE INDEX,392086,32258,49329,50358,84274,42219,19721,67523,100395,72358,19109,7120,19021,364622,360521,27464,31565,100.0,8.2,12.6,12.8,21.5,10.8,5.0,17.2,25.6,18.5,4.9,1.8,4.9,93.0,91.9,7.0,8.1,214,32,17,60,45,11,18,168,161,22.1,27.0,33.2,36.7,15.9,19.5,23.7,26.8,($1000 X INDEX),F90,VOLATILITY/VARIANCE INDEX,OTHER FINANCIAL INSTRUMENTS,FINANCIAL INSTRUMENTS,FutOnly,20052,-6145,-22851,14763,4019,10828,1151,-3336,10441,690,4470,172,2426,18038,17620,2014,2432,17,16,6,22,64,10
1805151170E1F,VIX FUTURES - CBOE FUTURES EXCHANGE,2018-05-15T00:00:00.000,2018 Report Week 20,VIX FUTURES,1170E1,E,CHI,117,VOLATILITY/VARIANCE INDEX,427283,41641,47011,52331,94604,54670,21994,61178,105352,90220,21949,7557,18089,402006,397224,25277,30059,100.0,9.7,11.0,12.2,22.1,12.8,5.1,14.3,24.7,21.1,5.1,1.8,4.2,94.1,93.0,5.9,7.0,225,31,18,59,55,12,16,173,169,23.9,25.2,34.6,35.5,16.9,18.3,23.8,26.3,($1000 X INDEX),F90,VOLATILITY/VARIANCE INDEX,OTHER FINANCIAL INSTRUMENTS,FINANCIAL INSTRUMENTS,FutOnly,35197,9383,-2318,1973,10330,12451,2273,-6345,4957,17862,2840,437,-932,37384,36703,-2187,-1506,17,20,9,24,63,8
1805221170E1F,VIX FUTURES - CBOE FUTURES EXCHANGE,2018-05-22T00:00:00.000,2018 Report Week 21,VIX FUTURES,1170E1,E,CHI,117,VOLATILITY/VARIANCE INDEX,406822,40875,35505,41049,82299,63400,23456,69065,102086,84411,18527,6890,18546,378228,375343,28594,31479,100.0,10.0,8.7,10.1,20.2,15.6,5.8,17.0,25.1,20.7,4.6,1.7,4.6,93.0,92.3,7.0,7.7,225,32,16,61,54,10,18,166,166,25.6,24.2,36.7,35.3,17.7,18.0,24.7,24.8,($1000 X INDEX),F90,VOLATILITY/VARIANCE INDEX,OTHER FINANCIAL INSTRUMENTS,FINANCIAL INSTRUMENTS,FutOnly,-20461,-766,-11506,-11282,-12305,8730,1462,7887,-3266,-5809,-3422,-667,457,-23778,-21881,3317,1420,16,15,8,22,58,12
1805291170E1F,VIX FUTURES - CBOE FUTURES EXCHANGE,2018-05-29T00:00:00.000,2018 Report Week 22,VIX FUTURES,1170E1,E,CHI,117,VOLATILITY/VARIANCE INDEX,424483,43178,36092,42808,97152,71096,21656,69192,114097,82106,15855,5531,21626,393573,395012,30910,29471,100.0,10.2,8.5,10.1,22.9,16.7,5.1,16.3,26.9,19.3,3.7,1.3,5.1,92.7,93.1,7.3,6.9,230,35,20,56,53,12,24,181,173,27.3,25.0,37.5,35.8,18.7,17.7,24.3,25.8,($1000 X INDEX),F90,VOLATILITY/VARIANCE INDEX,OTHER FINANCIAL INSTRUMENTS,FINANCIAL INSTRUMENTS,FutOnly,17661,2303,587,1759,14853,7696,-1800,127,12011,-2305,-2672,-1359,3080,15345,19669,2316,-2008,15,16,9,28,64,8
1806051170E1F,VIX FUTURES - CBOE FUTURES EXCHANGE,2018-06-05T00:00:00.000,2018 Report Week 23,VIX FUTURES,1170E1,E,CHI,117,VOLATILITY/VARIANCE INDEX,427468,47450,29737,43821,95541,67429,26039,64394,118819,85856,19233,6284,19995,402329,397980,25139,29488,100.0,11.1,7.0,10.3,22.4,15.8,6.1,15.1,27.8,20.1,4.5,1.5,4.7,94.1,93.1,5.9,6.9,221,31,18,54,48,15,21,167,169,24.9,26.1,34.8,37.4,16.0,19.6,23.1,28.2,($1000 X INDEX),F90,VOLATILITY/VARIANCE INDEX,OTHER FINANCIAL INSTRUMENTS,FINANCIAL INSTRUMENTS,FutOnly,2985,4272,-6355,1013,-1611,-3667,4383,-4798,4722,3750,3378,753,-1631,8756,2968,-5771,17,18,17,7,24,59,12
1806121170E1F,VIX FUTURES - CBOE FUTURES EXCHANGE,2018-06-12T00:00:00.000,2018 Report Week 24,VIX FUTURES,1170E1,E,CHI,117,VOLATILITY/VARIANCE INDEX,444998,46692,28128,42823,95438,81565,23145,83769,125087,87092,19257,6606,19968,418184,414414,26814,30584,100.0,10.5,6.3,9.6,21.4,18.3,5.2,18.8,28.1,19.6,4.3,1.5,4.5,94.0,93.1,6.0,6.9,234,33,19,63,50,17,23,178,174,24.2,25.3,34.6,36.8,17.0,20.1,24.3,28.8,($1000 X INDEX),F90,VOLATILITY/VARIANCE INDEX,OTHER FINANCIAL INSTRUMENTS,FINANCIAL INSTRUMENTS,FutOnly,17530,-758,-1609,-998,-103,14136,-2894,19375,6268,1236,24,322,-27,15855,16434,1675,1096,16,15,7,23,61,15
1806191170E1F,VIX FUTURES - CBOE FUTURES EXCHANGE,2018-06-19T00:00:00.000,2018 Report Week 25,VIX FUTURES,1170E1,E,CHI,117,VOLATILITY/VARIANCE INDEX,445208,55143,23642,44852,88797,82643,20614,70113,114524,101647,20985,5950,18162,420313,412034,24895,33174,100.0,12.4,5.3,10.1,19.9,18.6,4.6,15.7,25.7,22.8,4.7,1.3,4.1,94.4,92.5,5.6,7.5,240,32,19,56,63,17,22,185,182,21.8,25.2,32.4,36.6,16.7,20.3,22.9,29.0,($1000 X INDEX),F90,VOLATILITY/VARIANCE INDEX,OTHER FINANCIAL INSTRUMENTS,FINANCIAL INSTRUMENTS,FutOnly,210,8451,-4486,2029,-6641,1078,-2531,-13656,-10563,14555,1728,-656,-1806,2129,-2380,-1919,2590,16,17,7,26,69,11
1806261170E1F,VIX FUTURES - CBOE FUTURES EXCHANGE,2018-06-26T00:00:00.000,2018 Report Week 26,VIX FUTURES,1170E1,E,CHI,117,VOLATILITY/VARIANCE INDEX,397443,47310,30123,32022,99412,68835,16453,63006,112806,82768,11699,6658,18365,371035,368030,26408,29413,100.0,11.9,7.6,8.1,25.0,17.3,4.1,15.9,28.4,20.8,2.9,1.7,4.6,93.4,92.6,6.6,7.4,229,34,18,48,58,8,23,166,178,23.6,25.6,36.1,35.3,17.2,18.8,25.7,26.5,($1000 X INDEX),F90,VOLATILITY/VARIANCE INDEX,OTHER FINANCIAL INSTRUMENTS,FINANCIAL INSTRUMENTS,FutOnly,-47765,-7833,6481,-12830,10615,-13808,-4161,-7107,-1718,-18879,-9286,708,203,-49278,-44004,1513,-3761,13,18,12,26,56,16
1807031170E1F,VIX FUTURES - CBOE FUTURES EXCHANGE,2018-07-03T00:00:00.000,2018 Report Week 27,VIX FUTURES,1170E1,E,CHI,117,VOLATILITY/VARIANCE INDEX,391215,30367,33921,32773,104289,59746,14428,61771,103707,90577,15348,6968,19082,368635,361202,22580,30013,100.0,7.8,8.7,8.4,26.7,15.3,3.7,15.8,26.5,23.2,3.9,1.8,4.9,94.2,92.3,5.8,7.7,227,34,18,45,58,7,23,166,180,25.6,23.6,37.6,33.5,18.6,16.2,27.6,23.8,($1000 X INDEX),F90,VOLATILITY/VARIANCE INDEX,OTHER FINANCIAL INSTRUMENTS,FINANCIAL INSTRUMENTS,FutOnly,-6228,-16943,3798,751,4877,-9089,-2025,-1235,-9099,7809,3649,310,717,-2400,-6828,-3828,600,11,18,14,23,60,18
1807101170E1F,VIX FUTURES - CBOE FUTURES EXCHANGE,2018-07-10T00:00:00.000,2018 Report Week 28,VIX FUTURES,1170E1,E,CHI,117,VOLATILITY/VARIANCE INDEX,381228,32163,10632,32997,97397,46356,17348,57565,130006,84753,17013,5146,19322,358558,346560,22670,34668,100.0,8.4,2.8,8.7,25.5,12.2,4.6,15.1,34.1,22.2,4.5,1.3,5.1,94.1,90.9,5.9,9.1,231,31,19,51,60,12,23,171,188,24.9,21.4,36.1,30.9,18.7,17.0,25.7,24.2,($1000 X INDEX),F90,VOLATILITY/VARIANCE INDEX,OTHER FINANCIAL INSTRUMENTS,FINANCIAL INSTRUMENTS,FutOnly,-9987,1796,-23289,224,-6892,-13390,2920,-4206,26299,-5824,1665,-1822,240,-10077,-14642,90,4655,14,20,11,22,66,12
1807171170E1F,VIX FUTURES - CBOE FUTURES EXCHANGE,2018-07-17T00:00:00.000,2018 Report Week 29,VIX FUTURES,1170E1,E,CHI,117,VOLATILITY/VARIANCE INDEX,425383,33991,12435,38713,96678,53267,16434,86691,156376,93943,15659,7819,15994,398103,394981,27280,30402,100.0,8.0,2.9,9.1,22.7,12.5,3.9,20.4,36.8,22.1,3.7,1.8,3.8,93.6,92.9,6.4,7.1,237,35,20,48,67,8,16,163,186,24.1,21.2,35.4,31.3,18.0,17.6,25.4,25.0,($1000 X INDEX),F90,VOLATILITY/VARIANCE INDEX,OTHER FINANCIAL INSTRUMENTS,FINANCIAL INSTRUMENTS,FutOnly,44155,1828,1803,5716,-719,6911,-914,29126,26370,9190,-1354,2673,-3328,39545,48421,4610,-4266,14,20,9,25,56,15
1807241170E1F,VIX FUTURES - CBOE FUTURES EXCHANGE,2018-07-24T00:00:00.000,2018 Report Week 30,VIX FUTURES,1170E1,E,CHI,117,VOLATILITY/VARIANCE INDEX,408573,49582,8376,23463,108773,60640,16634,65436,160798,86308,18172,5396,15855,384223,377470,24350,31103,100.0,12.1,2.0,5.7,26.6,14.8,4.1,16.0,39.4,21.1,4.4,1.3,3.9,94.0,92.4,6.0,7.6,226,38,20,44,63,9,17,151,180,28.9,23.8,42.6,34.9,22.5,19.4,32.8,28.0,($1000 X INDEX),F90,VOLATILITY/VARIANCE INDEX,OTHER FINANCIAL INSTRUMENTS,FINANCIAL INSTRUMENTS,FutOnly,-16810,15591,-4059,-15250,12095,7373,200,-21255,4422,-7635,2513,-2423,-139,-13880,-17511,-2930,701,14,15,7,22,53,13
1807311170E1F,VIX FUTURES - CBOE FUTURES EXCHANGE,2018-07-31T00:00:00.000,2018 Report Week 31,VIX FUTURES,1170E1,E,CHI,117,VOLATILITY/VARIANCE INDEX,415465,53702,6950,24588,117920,63411,15307,60073,168123,83741,18068,5190,15554,388953,382864,26512,32601,100.0,12.9,1.7,5.9,28.4,15.3,3.7,14.5,40.5,20.2,4.3,1.2,3.7,93.6,92.2,6.4,7.8,224,38,22,42,61,9,17,152,175,30.2,25.4,43.4,36.8,23.6,20.5,33.6,29.2,($1000 X INDEX),F90,VOLATILITY/VARIANCE INDEX,OTHER FINANCIAL INSTRUMENTS,FINANCIAL INSTRUMENTS,FutOnly,6892,4120,-1426,1125,9147,2771,-1327,-5363,7325,-2567,-104,-206,-301,4730,5394,2162,1498,16,15,7,22,49,12
1808071170E1F,VIX FUTURES - CBOE FUTURES EXCHANGE,2018-08-07T00:00:00.000,2018 Report Week 32,VIX FUTURES,1170E1,E,CHI,117,VOLATILITY/VARIANCE INDEX,476020,58341,9591,28805,123616,71112,21258,71447,182355,107738,20612,4362,17465,449282,442686,26738,33334,100.0,12.3,2.0,6.1,26.0,14.9,4.5,15.0,38.3,22.6,4.3,0.9,3.7,94.4,93.0,5.6,7.0,246,40,23,51,65,13,19,170,193,29.3,24.9,41.0,35.5,22.7,19.8,31.6,27.4,($1000 X INDEX),F90,VOLATILITY/VARIANCE INDEX,OTHER FINANCIAL INSTRUMENTS,FINANCIAL INSTRUMENTS,FutOnly,60555,4639,2641,4217,5696,7701,5951,11374,14232,23997,2544,-828,1911,60329,59822,226,733,16,16,7,26,59,11
1808141170E1F,VIX FUTURES - CBOE FUTURES EXCHANGE,2018-08-14T00:00:00.000,2018 Report Week 33,VIX FUTURES,1170E1,E,CHI,117,VOLATILITY/VARIANCE INDEX,492921,69209,8738,31428,123958,65287,23349,55868,183242,120960,18467,5573,19954,463193,458531,29728,34390,100.0,14.0,1.8,6.4,25.1,13.2,4.7,11.3,37.2,24.5,3.7,1.1,4.0,94.0,93.0,6.0,7.0,236,36,25,40,70,11,17,165,193,29.6,25.1,42.4,36.0,22.1,19.4,31.4,26.5,($1000 X INDEX),F90,VOLATILITY/VARIANCE INDEX,OTHER FINANCIAL INSTRUMENTS,FINANCIAL INSTRUMENTS,FutOnly,16901,10868,-853,2623,342,-5825,2091,-15579,887,13222,-2145,1211,2489,13911,15845,2990,1056,16,18,10,25,62,14
1808211170E1F,VIX FUTURES - CBOE FUTURES EXCHANGE,2018-08-21T00:00:00.000,2018 Report Week 34,VIX FUTURES,1170E1,E,CHI,117,VOLATILITY/VARIANCE INDEX,507815,65248,5305,40009,108684,61640,21016,63837,177450,141849,18321,5805,22318,481282,475392,26533,32423,100.0,12.8,1.0,7.9,21.4,12.1,4.1,12.6,34.9,27.9,3.6,1.1,4.4,94.8,93.6,5.2,6.4,240,40,23,42,67,12,19,166,196,29.2,28.6,43.3,38.8,18.6,17.9,28.5,24.6,($1000 X INDEX),F90,VOLATILITY/VARIANCE INDEX,OTHER FINANCIAL INSTRUMENTS,FINANCIAL INSTRUMENTS,FutOnly,14894,-3961,-3433,8581,-15274,-3647,-2333,7969,-5792,20889,-146,232,2364,18089,16861,-3195,-1967,15,18,11,24,62,17
1808281170E1F,VIX FUTURES - CBOE FUTURES EXCHANGE,2018-08-28T00:00:00.000,2018 Report Week 35,VIX FUTURES,1170E1,E,CHI,117,VOLATILITY/VARIANCE INDEX,497131,64167,4054,29839,118838,66992,25142,63554,183718,131474,18779,4606,21500,473293,467325,23838,29806,100.0,12.9,0.8,6.0,23.9,13.5,5.1,12.8,37.0,26.4,3.8,0.9,4.3,95.2,94.0,4.8,6.0,235,39,24,44,66,12,19,158,192,30.8,28.5,45.5,39.5,20.7,18.9,31.1,26.1,($1000 X INDEX),F90,VOLATILITY/VARIANCE INDEX,OTHER FINANCIAL INSTRUMENTS,FINANCIAL INSTRUMENTS,FutOnly,-10684,-1081,-1251,-10170,10154,5352,4126,-283,6268,-10375,458,-1199,-818,-7989,-8067,-2695,-2617,15,17,8,23,55,14
1809041170E1F,VIX FUTURES - CBOE FUTURES EXCHANGE,2018-09-04T00:00:00.000,2018 Report Week 36,VIX FUTURES,1170E1,E,CHI,117,VOLATILITY/VARIANCE INDEX,500107,70247,6056,29199,122996,64435,24388,54119,187179,138635,16817,4431,19367,475768,473690,24339,26417,100.0,14.0,1.2,5.8,24.6,12.9,4.9,10.8,37.4,27.7,3.4,0.9,3.9,95.1,94.7,4.9,5.3,232,33,25,39,66,13,21,166,188,33.6,29.7,48.0,41.0,22.1,18.7,31.9,26.7,($1000 X INDEX),F90,VOLATILITY/VARIANCE INDEX,OTHER FINANCIAL INSTRUMENTS,FINANCIAL INSTRUMENTS,FutOnly,2976,6080,2002,-640,4158,-2557,-754,-9435,3461,7161,-1962,-175,-2133,2475,6365,501,-3389,17,20,8,25,56,15
1809111170E1F,VIX FUTURES - CBOE FUTURES EXCHANGE,2018-09-11T00:00:00.000,2018 Report Week 37,VIX FUTURES,1170E1,E,CHI,117,VOLATILITY/VARIANCE INDEX,521260,70638,6324,34522,126305,63038,24147,55333,189185,148333,16635,4499,18988,494901,489036,26359,32224,100.0,13.6,1.2,6.6,24.2,12.1,4.6,10.6,36.3,28.5,3.2,0.9,3.6,94.9,93.8,5.1,6.2,230,33,27,41,66,12,17,167,186,33.5,30.6,47.6,41.3,21.3,18.4,30.7,26.4,($1000 X INDEX),F90,VOLATILITY/VARIANCE INDEX,OTHER FINANCIAL INSTRUMENTS,FINANCIAL INSTRUMENTS,FutOnly,21153,391,268,5323,3309,-1397,-241,1214,2006,9698,-182,68,-379,19133,15346,2020,5807,17,19,9,25,60,13
1809181170E1F,VIX FUTURES - CBOE FUTURES EXCHANGE,2018-09-18T00:00:00.000,2018 Report Week 38,VIX FUTURES,1170E1,E,CHI,117,VOLATILITY/VARIANCE INDEX,540110,76236,11412,38479,123185,75713,29412,67723,182855,141386,14236,6038,23739,514396,509034,25714,31076,100.0,14.1,2.1,7.1,22.8,14.0,5.4,12.5,33.9,26.2,2.6,1.1,4.4,95.2,94.2,4.8,5.8,247,37,26,45,63,13,17,179,199,30.7,27.6,44.4,39.2,20.8,18.1,30.5,26.2,($1000 X INDEX),F90,VOLATILITY/VARIANCE INDEX,OTHER FINANCIAL INSTRUMENTS,FINANCIAL INSTRUMENTS,FutOnly,18850,5598,5088,3957,-3120,12675,5265,12390,-6330,-6947,-2399,1539,4751,19495,19998,-645,-1148,17,23,11,28,65,17
1809251170E1F,VIX FUTURES - CBOE FUTURES EXCHANGE,2018-09-25T00:00:00.000,2018 Report Week 39,VIX FUTURES,1170E1,E,CHI,117,VOLATILITY/VARIANCE INDEX,527409,94213,2468,28924,118853,92540,31779,66086,188998,121131,16492,7447,23771,501249,497058,26160,30351,100.0,17.9,0.5,5.5,22.5,17.5,6.0,12.5,35.8,23.0,3.1,1.4,4.5,95.0,94.2,5.0,5.8,235,44,25,39,62,15,18,157,194,30.2,26.5,44.3,37.9,22.5,18.7,32.4,27.1,($1000 X INDEX),F90,VOLATILITY/VARIANCE INDEX,OTHER FINANCIAL INSTRUMENTS,FINANCIAL INSTRUMENTS,FutOnly,-12701,17977,-8944,-9555,-4332,16827,2367,-1637,6143,-20255,2256,1409,32,-13147,-11976,446,-725,21,19,4,19,54,17
1810021170E1F,VIX FUTURES - CBOE FUTURES EXCHANGE,2018-10-02T00:00:00.000,2018 Report Week 40,VIX FUTURES,1170E1,E,CHI,117,VOLATILITY/VARIANCE INDEX,535724,94487,3897,29279,118557,90265,36232,74941,196017,114248,16070,7561,26322,510136,503821,25588,31903,100.0,17.6,0.7,5.5,22.1,16.8,6.8,14.0,36.6,21.3,3.0,1.4,4.9,95.2,94.0,4.8,6.0,242,41,25,46,59,15,22,171,192,30.5,26.7,44.6,37.5,22.2,19.2,32.5,27.7,($1000 X INDEX),F90,VOLATILITY/VARIANCE INDEX,OTHER FINANCIAL INSTRUMENTS,FINANCIAL INSTRUMENTS,FutOnly,8315,274,1429,355,-296,-2275,4453,8855,7019,-6883,-422,114,2551,8887,6763,-572,1552,21,20,5,20,54,17
1810091170E1F,VIX FUTURES - CBOE FUTURES EXCHANGE,2018-10-09T00:00:00.000,2018 Report Week 41,VIX FUTURES,1170E1,E,CHI,117,VOLATILITY/VARIANCE INDEX,534909,87606,8225,30922,117492,75301,31109,61045,183513,143569,13668,6474,25702,511113,504815,23796,30094,100.0,16.4,1.5,5.8,22.0,14.1,5.8,11.4,34.3,26.8,2.6,1.2,4.8,95.6,94.4,4.4,5.6,244,38,25,52,53,13,23,180,187,31.9,31.7,46.0,41.9,17.9,18.3,26.0,25.1,($1000 X INDEX),F90,VOLATILITY/VARIANCE INDEX,OTHER FINANCIAL INSTRUMENTS,FINANCIAL INSTRUMENTS,FutOnly,-815,-6881,4328,1643,-1065,-14964,-5123,-13896,-12504,29321,-2402,-1087,-620,977,994,-1792,-1809,16,20,11,24,55,17
1810161170E1F,VIX FUTURES - CBOE FUTURES EXCHANGE,2018-10-16T00:00:00.000,2018 Report Week 42,VIX FUTURES,1170E1,E,CHI,117,VOLATILITY/VARIANCE INDEX,536159,55050,17394,36224,99310,34298,28255,65804,162056,184257,11052,13328,27927,507879,503739,28280,32420,100.0,10.3,3.2,6.8,18.5,6.4,5.3,12.3,30.2,34.4,2.1,2.5,5.2,94.7,94.0,5.3,6.0,229,34,19,45,55,11,21,176,178,36.2,36.4,46.4,47.4,12.6,15.8,20.4,21.5,($1000 X INDEX),F90,VOLATILITY/VARIANCE INDEX,OTHER FINANCIAL INSTRUMENTS,FINANCIAL INSTRUMENTS,FutOnly,1250,-32556,9169,5302,-18182,-41003,-2854,4759,-21457,40688,-2616,6854,2225,-3234,-1076,4484,2326,15,20,13,24,65,22
1810231170E1F,VIX FUTURES - CBOE FUTURES EXCHANGE,2018-10-23T00:00:00.000,2018 Report Week 43,VIX FUTURES,1170E1,E,CHI,117,VOLATILITY/VARIANCE INDEX,493126,45992,23387,22668,104630,31146,28994,75701,167854,145057,11550,12353,27607,462199,459066,30927,34060,100.0,9.3,4.7,4.6,21.2,6.3,5.9,15.4,34.0,29.4,2.3,2.5,5.6,93.7,93.1,6.3,6.9,237,29,24,52,54,14,27,190,182,32.2,29.0,42.4,41.3,14.7,14.9,23.2,22.3,($1000 X INDEX),F90,VOLATILITY/VARIANCE INDEX,OTHER FINANCIAL INSTRUMENTS,FINANCIAL INSTRUMENTS,FutOnly,-43033,-9058,5993,-13556,5320,-3152,739,9897,5798,-39200,498,-975,-320,-45680,-44673,2647,1640,15,20,13,25,64,19
1810301170E1F,VIX FUTURES - CBOE FUTURES EXCHANGE,2018-10-30T00:00:00.000,2018 Report Week 44,VIX FUTURES,1170E1,E,CHI,117,VOLATILITY/VARIANCE INDEX,504037,41841,34247,27029,112189,25713,28531,74220,167488,150877,13815,11151,27761,476263,472797,27774,31240,100.0,8.3,6.8,5.4,22.3,5.1,5.7,14.7,33.2,29.9,2.7,2.2,5.5,94.5,93.8,5.5,6.2,246,27,25,50,61,15,26,200,189,31.1,29.4,40.1,41.0,13.7,15.4,21.7,22.2,($1000 X INDEX),F90,VOLATILITY/VARIANCE INDEX,OTHER FINANCIAL INSTRUMENTS,FINANCIAL INSTRUMENTS,FutOnly,10911,-4151,10860,4361,7559,-5433,-463,-1481,-366,5820,2265,-1202,154,14064,13731,-3153,-2820,14,21,16,28,71,20
1811061170E1F,VIX FUTURES - CBOE FUTURES EXCHANGE,2018-11-06T00:00:00.000,2018 Report Week 45,VIX FUTURES,1170E1,E,CHI,117,VOLATILITY/VARIANCE INDEX,479813,33423,36177,29113,112637,26145,30022,63860,149567,141434,14002,7909,27573,452064,447940,27749,31873,100.0,7.0,7.5,6.1,23.5,5.4,6.3,13.3,31.2,29.5,2.9,1.6,5.7,94.2,93.4,5.8,6.6,234,29,27,43,63,16,25,189,180,28.9,29.6,38.3,40.0,12.3,15.8,20.4,21.7,($1000 X INDEX),F90,VOLATILITY/VARIANCE INDEX,OTHER FINANCIAL INSTRUMENTS,FINANCIAL INSTRUMENTS,FutOnly,-24224,-8418,1930,2084,448,432,1491,-10360,-17921,-9443,187,-3242,-188,-24199,-24857,-25,633,7,17,18,28,66,17
1811131170E1F,VIX FUTURES - CBOE FUTURES EXCHANGE,2018-11-13T00:00:00.000,2018 Report Week 46,VIX FUTURES,1170E1,E,CHI,117,VOLATILITY/VARIANCE INDEX,473340,48264,55122,27476,110052,26815,17600,62359,137183,142974,11552,8524,23307,443584,439001,29756,34339,100.0,10.2,11.6,5.8,23.3,5.7,3.7,13.2,29.0,30.2,2.4,1.8,4.9,93.7,92.7,6.3,7.3,222,23,19,44,57,13,22,179,175,33.5,29.1,42.9,40.1,16.5,15.2,25.3,21.8,($1000 X INDEX),F90,VOLATILITY/VARIANCE INDEX,OTHER FINANCIAL INSTRUMENTS,FINANCIAL INSTRUMENTS,FutOnly,-6473,14841,18945,-1637,-2585,670,-12422,-1501,-12384,1540,-2450,615,-4266,-8480,-8939,2007,2466,11,21,20,27,70,16
1811201170E1F,VIX FUTURES - CBOE FUTURES EXCHANGE,2018-11-20T00:00:00.000,2018 Report Week 47,VIX FUTURES,1170E1,E,CHI,117,VOLATILITY/VARIANCE INDEX,479672,42492,60667,32464,102549,24650,16990,73401,128367,150442,10436,7643,24980,453754,446203,25918,33469,100.0,8.9,12.6,6.8,21.4,5.1,3.5,15.3,26.8,31.4,2.2,1.6,5.2,94.6,93.0,5.4,7.0,227,26,18,49,55,12,26,182,177,28.5,29.2,37.6,42.3,11.2,16.7,19.6,23.0,($1000 X INDEX),F90,VOLATILITY/VARIANCE INDEX,OTHER FINANCIAL INSTRUMENTS,FINANCIAL INSTRUMENTS,FutOnly,6332,-5772,5545,4988,-7503,-2165,-610,11042,-8816,7468,-1116,-881,1673,10170,7202,-3838,-870,12,23,18,25,65,19
1811271170E1F,VIX FUTURES - CBOE FUTURES EXCHANGE,2018-11-27T00:00:00.000,2018 Report Week 48,VIX FUTURES,1170E1,E,CHI,117,VOLATILITY/VARIANCE INDEX,428661,36457,56502,25296,91490,25610,20151,57615,100670,142625,10650,5406,20646,404930,396906,23731,31755,100.0,8.5,13.2,5.9,21.3,6.0,4.7,13.4,23.5,33.3,2.5,1.3,4.8,94.5,92.6,5.5,7.4,206,27,20,42,52,14,23,157,167,31.1,31.5,41.1,43.9,11.7,15.9,20.9,22.6,($1000 X INDEX),F90,VOLATILITY/VARIANCE INDEX,OTHER FINANCIAL INSTRUMENTS,FINANCIAL INSTRUMENTS,FutOnly,-51011,-6035,-4165,-7168,-11059,960,3161,-15786,-27697,-7817,214,-2237,-4334,-48824,-49297,-2187,-1714,12,17,14,20,58,15
1812041170E1F,VIX FUTURES - CBOE FUTURES EXCHANGE,2018-12-04T00:00:00.000,2018 Report Week 49,VIX FUTURES,1170E1,E,CHI,117,VOLATILITY/VARIANCE INDEX,404672,37615,54775,21603,87902,25637,18433,65359,110346,119921,9685,4007,17991,378509,372713,26163,31959,100.0,9.3,13.5,5.3,21.7,6.3,4.6,16.2,27.3,29.6,2.4,1.0,4.4,93.5,92.1,6.5,7.9,211,29,21,42,51,14,23,164,169,30.1,30.7,41.3,43.3,14.1,18.4,24.2,25.8,($1000 X INDEX),F90,VOLATILITY/VARIANCE INDEX,OTHER FINANCIAL INSTRUMENTS,FINANCIAL INSTRUMENTS,FutOnly,-23989,1158,-1727,-3693,-3588,27,-1718,7744,9676,-22704,-965,-1399,-2655,-26421,-24193,2432,204,11,18,15,22,60,12
1812111170E1F,VIX FUTURES - CBOE FUTURES EXCHANGE,2018-12-11T00:00:00.000,2018 Report Week 50,VIX FUTURES,1170E1,E,CHI,117,VOLATILITY/VARIANCE INDEX,420319,37781,71905,20634,90657,23237,15457,70652,109227,123141,13190,5475,20830,392342,389906,27977,30413,100.0,9.0,17.1,4.9,21.6,5.5,3.7,16.8,26.0,29.3,3.1,1.3,5.0,93.3,92.8,6.7,7.2,211,26,20,46,46,16,23,172,159,26.6,32.5,36.7,46.0,10.9,20.6,20.0,27.9,($1000 X INDEX),F90,VOLATILITY/VARIANCE INDEX,OTHER FINANCIAL INSTRUMENTS,FINANCIAL INSTRUMENTS,FutOnly,15647,166,17130,-969,2755,-2400,-2976,5293,-1119,3220,3505,1468,2839,13833,17193,1814,-1546,11,17,15,21,60,14
1812181170E1F,VIX FUTURES - CBOE FUTURES EXCHANGE,2018-12-18T00:00:00.000,2018 Report Week 51,VIX FUTURES,1170E1,E,CHI,117,VOLATILITY/VARIANCE INDEX,438322,22977,73266,35903,88311,25982,15959,83586,104643,128964,14057,4594,22004,411761,411315,26561,27007,100.0,5.2,16.7,8.2,20.1,5.9,3.6,19.1,23.9,29.4,3.2,1.0,5.0,93.9,93.8,6.1,6.2,231,27,16,54,53,15,22,181,177,24.3,32.6,34.3,45.2,10.3,21.2,18.5,27.3,($1000 X INDEX),F90,VOLATILITY/VARIANCE INDEX,OTHER FINANCIAL INSTRUMENTS,FINANCIAL INSTRUMENTS,FutOnly,18003,-14804,1361,15269,-2346,2745,502,12934,-4584,5823,867,-881,1174,19419,21409,-1416,-3406,11,22,20,22,67,13
1812241170E1F,VIX FUTURES - CBOE FUTURES EXCHANGE,2018-12-24T00:00:00.000,2018 Report Week 52,VIX FUTURES,1170E1,E,CHI,117,VOLATILITY/VARIANCE INDEX,388238,22997,65451,18122,85489,23690,14748,74787,97586,113510,9232,6925,19253,358138,359285,30100,28953,100.0,5.9,16.9,4.7,22.0,6.1,3.8,19.3,25.1,29.2,2.4,1.8,5.0,92.2,92.5,7.8,7.5,212,22,16,54,42,15,19,169,152,25.1,35.6,35.3,46.4,10.7,23.2,18.9,29.5,($1000 X INDEX),F90,VOLATILITY/VARIANCE INDEX,OTHER FINANCIAL INSTRUMENTS,FINANCIAL INSTRUMENTS,FutOnly,-50084,20,-7815,-17781,-2822,-2292,-1211,-8799,-7057,-15454,-4825,2331,-2751,-53623,-52030,3539,1946,10,16,14,26,58,11
1812311170E1F,VIX FUTURES - CBOE FUTURES EXCHANGE,2018-12-31T00:00:00.000,2018 Report Week 53,VIX FUTURES,1170E1,E,CHI,117,VOLATILITY/VARIANCE INDEX,369483,14538,73967,15393,89094,22511,14967,81869,97911,92923,12060,7839,16635,337479,342146,32004,27337,100.0,3.9,20.0,4.2,24.1,6.1,4.1,22.2,26.5,25.1,3.3,2.1,4.5,91.3,92.6,8.7,7.4,197,20,17,42,40,12,18,154,146,24.1,36.2,34.9,48.2,13.0,26.4,22.4,34.0,($1000 X INDEX),F90,VOLATILITY/VARIANCE INDEX,OTHER FINANCIAL INSTRUMENTS,FINANCIAL INSTRUMENTS,FutOnly,-18755,-8459,8516,-2729,3605,-1179,219,7082,325,-20587,2828,914,-2618,-20659,-17139,1904,-1616,7,15,16,30,53,13
1901081170E1F,VIX FUTURES - CBOE FUTURES EXCHANGE,2019-01-08T00:00:00.000,2019 Report Week 01,VIX FUTURES,1170E1,E,CHI,117,VOLATILITY/VARIANCE INDEX,372059,21201,73919,15627,94376,25210,16282,74028,96721,98035,11372,5504,14533,345454,345831,26605,26228,100.0,5.7,19.9,4.2,25.4,6.8,4.4,19.9,26.0,26.3,3.1,1.5,3.9,92.8,93.0,7.2,7.0,190,22,17,44,34,10,14,146,141,26.8,39.7,37.2,51.2,14.1,29.5,22.9,36.5,($1000 X INDEX),F90,VOLATILITY/VARIANCE INDEX,OTHER FINANCIAL INSTRUMENTS,FINANCIAL INSTRUMENTS,FutOnly,2576,6663,-48,234,5282,2699,1315,-7841,-1190,5112,-688,-2335,-2102,7975,3685,-5399,-1109,12,16,14,29,50,9
1901151170E1F,VIX FUTURES - CBOE FUTURES EXCHANGE,2019-01-15T00:00:00.000,2019 Report Week 02,VIX FUTURES,1170E1,E,CHI,117,VOLATILITY/VARIANCE INDEX,388029,30105,64617,22375,64826,22237,18536,80890,93449,123167,10530,4266,13158,363587,361805,24442,26224,100.0,7.8,16.7,5.8,16.7,5.7,4.8,20.8,24.1,31.7,2.7,1.1,3.4,93.7,93.2,6.3,6.8,178,21,17,51,27,17,11,143,133,31.0,39.6,41.9,52.1,14.8,26.6,23.3,31.8,($1000 X INDEX),F90,VOLATILITY/VARIANCE INDEX,OTHER FINANCIAL INSTRUMENTS,FINANCIAL INSTRUMENTS,FutOnly,15970,8904,-9302,6748,-29550,-2973,2254,6862,-3272,25132,-842,-1238,-1375,18133,15974,-2163,-4,10,15,14,18,55,6
1901221170E1F,VIX FUTURES - CBOE FUTURES EXCHANGE,2019-01-22T00:00:00.000,2019 Report Week 03,VIX FUTURES,1170E1,E,CHI,117,VOLATILITY/VARIANCE INDEX,345967,29052,46636,16867,79417,21047,18160,53398,91836,97983,8809,6474,15901,319587,314904,26380,31063,100.0,8.4,13.5,4.9,23.0,6.1,5.2,15.4,26.5,28.3,2.5,1.9,4.6,92.4,91.0,7.6,9.0,170,18,19,37,38,14,14,134,130,31.6,34.9,43.0,47.1,17.7,23.3,27.2,28.9,($1000 X INDEX),F90,VOLATILITY/VARIANCE INDEX,OTHER FINANCIAL INSTRUMENTS,FINANCIAL INSTRUMENTS,FutOnly,-42062,-1053,-17981,-5508,14591,-1190,-376,-27492,-1613,-25184,-1721,2208,2743,-44000,-46901,1938,4839,8,14,12,19,47,8
1901291170E1F,VIX FUTURES - CBOE FUTURES EXCHANGE,2019-01-29T00:00:00.000,2019 Report Week 04,VIX FUTURES,1170E1,E,CHI,117,VOLATILITY/VARIANCE INDEX,337530,29341,48420,17009,83104,19186,15819,49173,93233,89487,7716,6092,16263,307912,305509,29618,32021,100.0,8.7,14.3,5.0,24.6,5.7,4.7,14.6,27.6,26.5,2.3,1.8,4.8,91.2,90.5,8.8,9.5,165,19,18,38,33,10,13,130,125,30.9,38.7,43.3,49.1,18.2,26.8,27.5,32.0,($1000 X INDEX),F90,VOLATILITY/VARIANCE INDEX,OTHER FINANCIAL INSTRUMENTS,FINANCIAL INSTRUMENTS,FutOnly,-8437,289,1784,142,3687,-1861,-2341,-4225,1397,-8496,-1093,-382,362,-11675,-9395,3238,958,9,16,12,20,43,8
1902051170E1F,VIX FUTURES - CBOE FUTURES EXCHANGE,2019-02-05T00:00:00.000,2019 Report Week 05,VIX FUTURES,1170E1,E,CHI,117,VOLATILITY/VARIANCE INDEX,343502,30105,26767,21130,69567,31881,25822,57627,94445,94826,8928,6554,12007,320012,313432,23490,30070,100.0,8.8,7.8,6.2,20.3,9.3,7.5,16.8,27.5,27.6,2.6,1.9,3.5,93.2,91.2,6.8,8.8,190,25,25,49,37,8,11,142,151,29.8,30.9,40.1,40.6,15.9,18.7,23.7,25.3,($1000 X INDEX),F90,VOLATILITY/VARIANCE INDEX,OTHER FINANCIAL INSTRUMENTS,FINANCIAL INSTRUMENTS,FutOnly,5972,764,-21653,4121,-13537,12695,10003,8454,1212,5339,1212,462,-4256,12100,7923,-6128,-1951,10,18,13,26,49,11
1902121170E1F,VIX FUTURES - CBOE FUTURES EXCHANGE,2019-02-12T00:00:00.000,2019 Report Week 06,VIX FUTURES,1170E1,E,CHI,117,VOLATILITY/VARIANCE INDEX,364851,45372,22136,25064,67723,68078,25407,58978,78689,101137,8727,5292,9383,341791,335186,23060,29665,100.0,12.4,6.1,6.9,18.6,18.7,7.0,16.2,21.6,27.7,2.4,1.5,2.6,93.7,91.9,6.3,8.1,182,25,26,40,43,9,9,139,145,31.4,30.5,42.4,39.9,18.0,18.3,26.9,24.4,($1000 X INDEX),F90,VOLATILITY/VARIANCE INDEX,OTHER FINANCIAL INSTRUMENTS,FINANCIAL INSTRUMENTS,FutOnly,21349,15267,-4631,3934,-1844,36197,-415,1351,-15756,6311,-201,-1262,-2624,21779,21754,-430,-405,11,17,12,25,50,8
1902191170E1F,VIX FUTURES - CBOE FUTURES EXCHANGE,2019-02-19T00:00:00.000,2019 Report Week 07,VIX FUTURES,1170E1,E,CHI,117,VOLATILITY/VARIANCE INDEX,362919,45991,17663,13378,85470,70745,23229,53885,97208,97383,8913,4125,11944,340193,335675,22726,27244,100.0,12.7,4.9,3.7,23.6,19.5,6.4,14.8,26.8,26.8,2.5,1.1,3.3,93.7,92.5,6.3,7.5,183,27,27,35,48,8,10,138,146,36.4,31.9,47.7,42.6,22.1,20.1,30.4,27.8,($1000 X INDEX),F90,VOLATILITY/VARIANCE INDEX,OTHER FINANCIAL INSTRUMENTS,FINANCIAL INSTRUMENTS,FutOnly,-1932,619,-4473,-11686,17747,2667,-2178,-5093,18519,-3754,186,-1167,2561,-1598,489,-334,-2421,14,14,10,25,50,5
1902261170E1F,VIX FUTURES - CBOE FUTURES EXCHANGE,2019-02-26T00:00:00.000,2019 Report Week 08,VIX FUTURES,1170E1,E,CHI,117,VOLATILITY/VARIANCE INDEX,378766,50722,18225,15152,95039,81419,24552,55790,104314,91267,10460,4073,15962,358944,354964,19822,23802,100.0,13.4,4.8,4.0,25.1,21.5,6.5,14.7,27.5,24.1,2.8,1.1,4.2,94.8,93.7,5.2,6.3,190,29,21,36,48,13,11,135,147,36.6,31.1,49.1,42.5,23.8,20.2,33.3,28.0,($1000 X INDEX),F90,VOLATILITY/VARIANCE INDEX,OTHER FINANCIAL INSTRUMENTS,FINANCIAL INSTRUMENTS,FutOnly,15847,4731,562,1774,9569,10674,1323,1905,7106,-6116,1547,-52,4018,18751,19289,-2904,-3442,13,14,14,22,46,8
1903051170E1F,VIX FUTURES - CBOE FUTURES EXCHANGE,2019-03-05T00:00:00.000,2019 Report Week 09,VIX FUTURES,1170E1,E,CHI,117,VOLATILITY/VARIANCE INDEX,341448,52638,16224,14703,94122,84256,25628,53752,103178,49867,9850,3769,15442,316002,313067,25446,28381,100.0,15.4,4.8,4.3,27.6,24.7,7.5,15.7,30.2,14.6,2.9,1.1,4.5,92.5,91.7,7.5,8.3,190,30,24,38,45,12,12,138,145,30.8,22.1,42.1,34.4,25.9,20.0,35.1,29.0,($1000 X INDEX),F90,VOLATILITY/VARIANCE INDEX,OTHER FINANCIAL INSTRUMENTS,FINANCIAL INSTRUMENTS,FutOnly,-37318,1916,-2001,-449,-917,2837,1076,-2038,-1136,-41400,-610,-304,-520,-42942,-41897,5624,4579,15,13,10,24,44,7
1903121170E1F,VIX FUTURES - CBOE FUTURES EXCHANGE,2019-03-12T00:00:00.000,2019 Report Week 10,VIX FUTURES,1170E1,E,CHI,117,VOLATILITY/VARIANCE INDEX,356766,54911,21998,18748,100804,83209,24215,48371,102748,60344,10399,3426,13900,331692,328588,25074,28178,100.0,15.4,6.2,5.3,28.3,23.3,6.8,13.6,28.8,16.9,2.9,1.0,3.9,93.0,92.1,7.0,7.9,201,31,23,35,53,14,12,148,150,30.3,20.9,41.1,34.2,24.9,17.7,34.5,28.7,($1000 X INDEX),F90,VOLATILITY/VARIANCE INDEX,OTHER FINANCIAL INSTRUMENTS,FINANCIAL INSTRUMENTS,FutOnly,15318,2273,5774,4045,6682,-1047,-1413,-5381,-430,10477,549,-343,-1542,15690,15521,-372,-203,14,15,11,24,47,8
1903191170E1F,VIX FUTURES - CBOE FUTURES EXCHANGE,2019-03-19T00:00:00.000,2019 Report Week 11,VIX FUTURES,1170E1,E,CHI,117,VOLATILITY/VARIANCE INDEX,401402,61711,20470,20815,119393,108757,26170,46827,119403,61239,13091,3889,7766,357012,368509,44390,32893,100.0,15.4,5.1,5.2,29.7,27.1,6.5,11.7,29.7,15.3,3.3,1.0,1.9,88.9,91.8,11.1,8.2,211,37,24,38,55,17,8,151,158,29.6,23.0,40.5,35.2,26.5,21.6,36.1,31.1,($1000 X INDEX),F90,VOLATILITY/VARIANCE INDEX,OTHER FINANCIAL INSTRUMENTS,FINANCIAL INSTRUMENTS,FutOnly,44636,6800,-1528,2067,18589,25548,1955,-1544,16655,895,2692,463,-6134,25320,39921,19316,4715,17,16,12,17,50,10
1903261170E1F,VIX FUTURES - CBOE FUTURES EXCHANGE,2019-03-26T00:00:00.000,2019 Report Week 12,VIX FUTURES,1170E1,E,CHI,117,VOLATILITY/VARIANCE INDEX,336816,53236,13593,13935,114945,85575,25829,38867,108813,44121,10382,2701,11661,312976,306228,23840,30588,100.0,15.8,4.0,4.1,34.1,25.4,7.7,11.5,32.3,13.1,3.1,0.8,3.5,92.9,90.9,7.1,9.1,191,33,23,32,53,11,9,137,149,35.0,25.6,47.6,36.4,32.4,24.4,44.3,33.4,($1000 X INDEX),F90,VOLATILITY/VARIANCE INDEX,OTHER FINANCIAL INSTRUMENTS,FINANCIAL INSTRUMENTS,FutOnly,-64586,-8475,-6877,-6880,-4448,-23182,-341,-7960,-10590,-17118,-2709,-1188,3895,-44036,-62281,-20550,-2305,15,15,12,18,48,8
1904021170E1F,VIX FUTURES - CBOE FUTURES EXCHANGE,2019-04-02T00:00:00.000,2019 Report Week 13,VIX FUTURES,1170E1,E,CHI,117,VOLATILITY/VARIANCE INDEX,377403,69269,7034,18882,123597,100173,26932,40836,129001,48167,10884,3253,12725,351292,346167,26111,31236,100.0,18.4,1.9,5.0,32.7,26.5,7.1,10.8,34.2,12.8,2.9,0.9,3.4,93.1,91.7,6.9,8.3,201,34,28,35,54,13,8,147,159,33.9,27.2,45.0,37.7,31.2,26.2,42.2,35.2,($1000 X INDEX),F90,VOLATILITY/VARIANCE INDEX,OTHER FINANCIAL INSTRUMENTS,FINANCIAL INSTRUMENTS,FutOnly,40587,16033,-6559,4947,8652,14598,1103,1969,20188,4046,502,552,1064,38316,39939,2271,648,19,15,7,21,54,8
1904091170E1F,VIX FUTURES - CBOE FUTURES EXCHANGE,2019-04-09T00:00:00.000,2019 Report Week 14,VIX FUTURES,1170E1,E,CHI,117,VOLATILITY/VARIANCE INDEX,403033,79982,8736,21801,139785,106368,28207,35629,141635,45255,11319,6314,14952,376930,373268,26103,29765,100.0,19.8,2.2,5.4,34.7,26.4,7.0,8.8,35.1,11.2,2.8,1.6,3.7,93.5,92.6,6.5,7.4,210,35,26,35,57,11,9,145,170,36.3,25.8,47.4,36.2,33.1,24.9,43.6,34.4,($1000 X INDEX),F90,VOLATILITY/VARIANCE INDEX,OTHER FINANCIAL INSTRUMENTS,FINANCIAL INSTRUMENTS,FutOnly,25630,10713,1702,2919,16188,6195,1275,-5207,12634,-2912,435,3061,2227,25638,27101,-8,-1471,17,17,8,21,53,17
1904161170E1F,VIX FUTURES - CBOE FUTURES EXCHANGE,2019-04-16T00:00:00.000,2019 Report Week 15,VIX FUTURES,1170E1,E,CHI,117,VOLATILITY/VARIANCE INDEX,463491,91940,9800,32911,136991,122708,33578,52589,157553,65380,16269,3553,9223,438881,434706,24610,28785,100.0,19.8,2.1,7.1,29.6,26.5,7.2,11.3,34.0,14.1,3.5,0.8,2.0,94.7,93.8,5.3,6.2,211,37,24,34,58,14,10,145,172,32.7,25.7,45.2,36.8,28.8,24.6,39.5,33.5,($1000 X INDEX),F90,VOLATILITY/VARIANCE INDEX,OTHER FINANCIAL INSTRUMENTS,FINANCIAL INSTRUMENTS,FutOnly,60458,11958,1064,11110,-2794,16340,5371,16960,15918,20125,4950,-2761,-5729,61951,61438,-1493,-980,17,19,11,20,53,12
1904231170E1F,VIX FUTURES - CBOE FUTURES EXCHANGE,2019-04-23T00:00:00.000,2019 Report Week 16,VIX FUTURES,1170E1,E,CHI,117,VOLATILITY/VARIANCE INDEX,456136,86979,7186,19997,151065,133865,34730,45405,152473,65844,15814,2885,11747,431581,428727,24555,27409,100.0,19.1,1.6,4.4,33.1,29.3,7.6,10.0,33.4,14.4,3.5,0.6,2.6,94.6,94.0,5.4,6.0,204,37,25,29,56,13,11,146,160,34.4,26.7,46.2,37.1,31.4,25.7,41.8,34.0,($1000 X INDEX),F90,VOLATILITY/VARIANCE INDEX,OTHER FINANCIAL INSTRUMENTS,FINANCIAL INSTRUMENTS,FutOnly,-7355,-4961,-2614,-12914,14074,11157,1152,-7184,-5080,464,-455,-668,2524,-7300,-5979,-55,-1376,20,15,7,22,51,10
1904301170E1F,VIX FUTURES - CBOE FUTURES EXCHANGE,2019-04-30T00:00:00.000,2019 Report Week 17,VIX FUTURES,1170E1,E,CHI,117,VOLATILITY/VARIANCE INDEX,448838,85488,8929,20088,149057,126068,30418,39232,148417,68597,15925,2923,13924,422729,419364,26109,29474,100.0,19.0,2.0,4.5,33.2,28.1,6.8,8.7,33.1,15.3,3.5,0.7,3.1,94.2,93.4,5.8,6.6,209,38,25,31,60,11,11,153,166,35.2,28.4,47.9,40.1,32.6,26.8,42.5,35.2,($1000 X INDEX),F90,VOLATILITY/VARIANCE INDEX,OTHER FINANCIAL INSTRUMENTS,FINANCIAL INSTRUMENTS,FutOnly,-7298,-1491,1743,91,-2008,-7797,-4312,-6173,-4056,2753,111,38,2177,-8852,-9363,1554,2065,20,17,6,20,57,10
1905071170E1F,VIX FUTURES - CBOE FUTURES EXCHANGE,2019-05-07T00:00:00.000,2019 Report Week 18,VIX FUTURES,1170E1,E,CHI,117,VOLATILITY/VARIANCE INDEX,425097,79715,18796,16518,143452,97389,26989,40363,150920,67541,9412,2387,10039,394029,390579,31068,34518,100.0,18.8,4.4,3.9,33.7,22.9,6.3,9.5,35.5,15.9,2.2,0.6,2.4,92.7,91.9,7.3,8.1,198,31,27,38,50,7,8,148,155,35.3,25.9,47.3,37.2,32.8,24.0,41.9,33.3,($1000 X INDEX),F90,VOLATILITY/VARIANCE INDEX,OTHER FINANCIAL INSTRUMENTS,FINANCIAL INSTRUMENTS,FutOnly,-23741,-5773,9867,-3570,-5605,-28679,-3429,1131,2503,-1056,-6513,-536,-3885,-28700,-28785,4959,5044,12,17,13,29,53,9
1905141170E1F,VIX FUTURES - CBOE FUTURES EXCHANGE,2019-05-14T00:00:00.000,2019 Report Week 19,VIX FUTURES,1170E1,E,CHI,117,VOLATILITY/VARIANCE INDEX,382565,50369,30655,16750,140978,59926,23451,37450,139879,66106,8693,3751,13944,357741,354462,24824,28103,100.0,13.2,8.0,4.4,36.9,15.7,6.1,9.8,36.6,17.3,2.3,1.0,3.6,93.5,92.7,6.5,7.3,195,20,19,31,55,6,9,142,150,33.2,27.9,45.8,38.1,29.3,23.9,40.7,31.8,($1000 X INDEX),F90,VOLATILITY/VARIANCE INDEX,OTHER FINANCIAL INSTRUMENTS,FINANCIAL INSTRUMENTS,FutOnly,-42532,-29346,11859,232,-2474,-37463,-3538,-2913,-11041,-1435,-719,1364,3905,-36288,-36117,-6244,-6415,10,17,18,32,52,13
1905211170E1F,VIX FUTURES - CBOE FUTURES EXCHANGE,2019-05-21T00:00:00.000,2019 Report Week 20,VIX FUTURES,1170E1,E,CHI,117,VOLATILITY/VARIANCE INDEX,369983,49821,20140,23343,126060,73888,25961,35431,119096,64643,11055,3184,11266,347580,341521,22403,28462,100.0,13.5,5.4,6.3,34.1,20.0,7.0,9.6,32.2,17.5,3.0,0.9,3.0,93.9,92.3,6.1,7.7,194,21,22,37,50,6,14,149,158,32.3,29.2,44.4,39.7,29.3,26.3,38.7,33.5,($1000 X INDEX),F90,VOLATILITY/VARIANCE INDEX,OTHER FINANCIAL INSTRUMENTS,FINANCIAL INSTRUMENTS,FutOnly,-12582,-548,-10515,6593,-14918,13962,2510,-2019,-20783,-1463,2362,-567,-2678,-10161,-12941,-2421,359,9,22,18,30,55,13
1905281170E1F,VIX FUTURES - CBOE FUTURES EXCHANGE,2019-05-28T00:00:00.000,2019 Report Week 21,VIX FUTURES,1170E1,E,CHI,117,VOLATILITY/VARIANCE INDEX,366195,50689,17654,18446,138902,78339,23159,25849,124101,61754,12766,3331,12189,343754,338973,22441,27222,100.0,13.8,4.8,5.0,37.9,21.4,6.3,7.1,33.9,16.9,3.5,0.9,3.3,93.9,92.6,6.1,7.4,193,22,21,32,50,11,13,142,149,35.6,28.9,48.7,38.9,33.1,26.4,43.8,32.8,($1000 X INDEX),F90,VOLATILITY/VARIANCE INDEX,OTHER FINANCIAL INSTRUMENTS,FINANCIAL INSTRUMENTS,FutOnly,-3788,868,-2486,-4897,12842,4451,-2802,-9582,5005,-2889,1711,147,923,-3826,-2548,38,-1240,12,18,14,30,46,9
1906041170E1F,VIX FUTURES - CBOE FUTURES EXCHANGE,2019-06-04T00:00:00.000,2019 Report Week 22,VIX FUTURES,1170E1,E,CHI,117,VOLATILITY/VARIANCE INDEX,385854,42142,24755,19435,150330,73475,23401,30098,129372,67314,10520,2710,14046,357286,354508,28568,31346,100.0,10.9,6.4,5.0,39.0,19.0,6.1,7.8,33.5,17.4,2.7,0.7,3.6,92.6,91.9,7.4,8.1,203,24,23,36,49,8,14,154,156,35.1,28.3,47.3,38.5,31.6,24.4,41.6,32.2,($1000 X INDEX),F90,VOLATILITY/VARIANCE INDEX,OTHER FINANCIAL INSTRUMENTS,FINANCIAL INSTRUMENTS,FutOnly,19659,-8547,7101,989,11428,-4864,242,4249,5271,5560,-2246,-621,1857,13532,15535,6127,4124,13,19,18,32,51,8
1906111170E1F,VIX FUTURES - CBOE FUTURES EXCHANGE,2019-06-11T00:00:00.000,2019 Report Week 23,VIX FUTURES,1170E1,E,CHI,117,VOLATILITY/VARIANCE INDEX,380320,45883,26786,16836,142327,80885,23398,31284,112788,70035,10576,3873,14999,355338,349600,24982,30720,100.0,12.1,7.0,4.4,37.4,21.3,6.2,8.2,29.7,18.4,2.8,1.0,3.9,93.4,91.9,6.6,8.1,195,27,25,35,47,9,15,150,157,35.1,26.7,47.5,38.0,32.0,23.9,42.3,32.2,($1000 X INDEX),F90,VOLATILITY/VARIANCE INDEX,OTHER FINANCIAL INSTRUMENTS,FINANCIAL INSTRUMENTS,FutOnly,-5534,3741,2031,-2599,-8003,7410,-3,1186,-16584,2721,56,1163,953,-1948,-4908,-3586,-626,11,18,18,23,54,11
1906181170E1F,VIX FUTURES - CBOE FUTURES EXCHANGE,2019-06-18T00:00:00.000,2019 Report Week 24,VIX FUTURES,1170E1,E,CHI,117,VOLATILITY/VARIANCE INDEX,407218,53872,28040,20997,127497,90516,27004,41615,105479,87773,13484,4308,14552,386794,378669,20424,28549,100.0,13.2,6.9,5.2,31.3,22.2,6.6,10.2,25.9,21.6,3.3,1.1,3.6,95.0,93.0,5.0,7.0,199,30,22,42,48,12,15,146,165,34.3,26.4,48.0,37.9,29.8,22.3,40.2,29.9,($1000 X INDEX),F90,VOLATILITY/VARIANCE INDEX,OTHER FINANCIAL INSTRUMENTS,FINANCIAL INSTRUMENTS,FutOnly,26898,7989,1254,4161,-14830,9631,3606,10331,-7309,17738,2908,435,-447,31456,29069,-4558,-2171,8,20,19,19,55,11
1906251170E1F,VIX FUTURES - CBOE FUTURES EXCHANGE,2019-06-25T00:00:00.000,2019 Report Week 25,VIX FUTURES,1170E1,E,CHI,117,VOLATILITY/VARIANCE INDEX,379918,73181,16478,12252,125534,95700,23210,32179,117621,71429,12486,3766,9788,360059,350244,19859,29674,100.0,19.3,4.3,3.2,33.0,25.2,6.1,8.5,31.0,18.8,3.3,1.0,2.6,94.8,92.2,5.2,7.8,193,28,21,33,52,13,13,139,153,38.6,27.0,53.5,39.6,36.0,24.6,47.8,32.5,($1000 X INDEX),F90,VOLATILITY/VARIANCE INDEX,OTHER FINANCIAL INSTRUMENTS,FINANCIAL INSTRUMENTS,FutOnly,-27300,19309,-11562,-8745,-1963,5184,-3794,-9436,12142,-16344,-998,-542,-4764,-26735,-28425,-565,1125,14,17,11,19,48,11
1907021170E1F,VIX FUTURES - CBOE FUTURES EXCHANGE,2019-07-02T00:00:00.000,2019 Report Week 26,VIX FUTURES,1170E1,E,CHI,117,VOLATILITY/VARIANCE INDEX,416468,83570,26307,17735,131491,103386,22711,46314,129398,68379,12391,3805,10419,393010,382140,23458,34328,100.0,20.1,6.3,4.3,31.6,24.8,5.5,11.1,31.1,16.4,3.0,0.9,2.5,94.4,91.8,5.6,8.2,203,33,20,36,55,11,12,141,162,38.7,25.5,52.7,37.4,36.1,23.3,47.1,30.8,($1000 X INDEX),F90,VOLATILITY/VARIANCE INDEX,OTHER FINANCIAL INSTRUMENTS,FINANCIAL INSTRUMENTS,FutOnly,36550,10389,9829,5483,5957,7686,-499,14135,11777,-3050,-95,39,631,32951,31896,3599,4654,16,20,12,18,48,12
1907091170E1F,VIX FUTURES - CBOE FUTURES EXCHANGE,2019-07-09T00:00:00.000,2019 Report Week 27,VIX FUTURES,1170E1,E,CHI,117,VOLATILITY/VARIANCE INDEX,419342,95868,21643,18528,127348,107473,22493,39221,132772,70010,13329,3568,10223,397020,386710,22322,32632,100.0,22.9,5.2,4.4,30.4,25.6,5.4,9.4,31.7,16.7,3.2,0.9,2.4,94.7,92.2,5.3,7.8,211,36,22,37,61,13,12,147,167,39.9,27.0,54.7,39.4,37.4,24.6,48.6,32.3,($1000 X INDEX),F90,VOLATILITY/VARIANCE INDEX,OTHER FINANCIAL INSTRUMENTS,FINANCIAL INSTRUMENTS,FutOnly,2874,12298,-4664,793,-4143,4087,-218,-7093,3374,1631,938,-237,-196,4010,4570,-1136,-1696,14,17,13,16,52,10
1907161170E1F,VIX FUTURES - CBOE FUTURES EXCHANGE,2019-07-16T00:00:00.000,2019 Report Week 28,VIX FUTURES,1170E1,E,CHI,117,VOLATILITY/VARIANCE INDEX,452201,100190,21204,20327,120957,125324,23710,61832,137044,78639,15049,4969,9421,430125,420638,22076,31563,100.0,22.2,4.7,4.5,26.7,27.7,5.2,13.7,30.3,17.4,3.3,1.1,2.1,95.1,93.0,4.9,7.0,228,37,21,46,60,15,14,161,177,36.4,24.9,49.5,36.5,33.3,23.1,44.8,30.4,($1000 X INDEX),F90,VOLATILITY/VARIANCE INDEX,OTHER FINANCIAL INSTRUMENTS,FINANCIAL INSTRUMENTS,FutOnly,32859,4322,-439,1799,-6391,17851,1217,22611,4272,8629,1720,1401,-802,33105,33928,-246,-1069,16,23,15,17,52,13
1907231170E1F,VIX FUTURES - CBOE FUTURES EXCHANGE,2019-07-23T00:00:00.000,2019 Report Week 29,VIX FUTURES,1170E1,E,CHI,117,VOLATILITY/VARIANCE INDEX,440189,104925,10154,16393,130085,122740,25786,50276,149113,73199,14282,2694,9826,424772,409905,15417,30284,100.0,23.8,2.3,3.7,29.6,27.9,5.9,11.4,33.9,16.6,3.2,0.6,2.2,96.5,93.1,3.5,6.9,218,39,20,42,58,16,13,152,171,40.5,27.1,54.0,38.3,38.0,24.0,48.5,31.6,($1000 X INDEX),F90,VOLATILITY/VARIANCE INDEX,OTHER FINANCIAL INSTRUMENTS,FINANCIAL INSTRUMENTS,FutOnly,-12012,4735,-11050,-3934,9128,-2584,2076,-11556,12069,-5440,-767,-2275,405,-5353,-10733,-6659,-1279,17,20,11,18,52,9
1907301170E1F,VIX FUTURES - CBOE FUTURES EXCHANGE,2019-07-30T00:00:00.000,2019 Report Week 30,VIX FUTURES,1170E1,E,CHI,117,VOLATILITY/VARIANCE INDEX,456757,109051,12652,16203,129463,121466,27655,49290,159336,76868,15279,2373,9670,433479,426223,23278,30534,100.0,23.9,2.8,3.5,28.3,26.6,6.1,10.8,34.9,16.8,3.3,0.5,2.1,94.9,93.3,5.1,6.7,215,40,22,39,58,16,14,151,168,39.7,27.6,54.4,39.0,37.0,23.6,48.0,31.7,($1000 X INDEX),F90,VOLATILITY/VARIANCE INDEX,OTHER FINANCIAL INSTRUMENTS,FINANCIAL INSTRUMENTS,FutOnly,16568,4126,2498,-190,-622,-1274,1869,-986,10223,3669,997,-321,-156,8707,16318,7861,250,16,18,10,18,50,8
1908061170E1F,VIX FUTURES - CBOE FUTURES EXCHANGE,2019-08-06T00:00:00.000,2019 Report Week 31,VIX FUTURES,1170E1,E,CHI,117,VOLATILITY/VARIANCE INDEX,430300,96803,29471,18189,132484,76521,21855,44314,165298,69504,9806,6845,12334,405289,400017,25011,30283,100.0,22.5,6.8,4.2,30.8,17.8,5.1,10.3,38.4,16.2,2.3,1.6,2.9,94.2,93.0,5.8,7.0,210,26,24,35,59,11,16,158,169,34.6,26.2,46.1,36.9,30.5,20.9,40.3,30.8,($1000 X INDEX),F90,VOLATILITY/VARIANCE INDEX,OTHER FINANCIAL INSTRUMENTS,FINANCIAL INSTRUMENTS,FutOnly,-26457,-12248,16819,1986,3021,-44945,-5800,-4976,5962,-7364,-5473,4472,2664,-28190,-26206,1733,-251,16,21,16,27,56,13
1908131170E1F,VIX FUTURES - CBOE FUTURES EXCHANGE,2019-08-13T00:00:00.000,2019 Report Week 32,VIX FUTURES,1170E1,E,CHI,117,VOLATILITY/VARIANCE INDEX,404190,80825,24180,22102,138071,67096,21222,32570,157992,65501,8160,5269,13210,381661,376572,22529,27618,100.0,20.0,6.0,5.5,34.2,16.6,5.3,8.1,39.1,16.2,2.0,1.3,3.3,94.4,93.2,5.6,6.8,212,22,21,29,68,7,16,155,169,34.0,28.2,46.1,39.6,29.9,22.9,40.6,32.8,($1000 X INDEX),F90,VOLATILITY/VARIANCE INDEX,OTHER FINANCIAL INSTRUMENTS,FINANCIAL INSTRUMENTS,FutOnly,-26110,-15978,-5291,3913,5587,-9425,-633,-11744,-7306,-4003,-1646,-1576,876,-23628,-23445,-2482,-2665,16,19,16,32,56,11
1908201170E1F,VIX FUTURES - CBOE FUTURES EXCHANGE,2019-08-20T00:00:00.000,2019 Report Week 33,VIX FUTURES,1170E1,E,CHI,117,VOLATILITY/VARIANCE INDEX,399983,76912,30717,26993,128666,67845,18887,34070,140377,71497,8654,4567,12493,378172,373376,21811,26607,100.0,19.2,7.7,6.7,32.2,17.0,4.7,8.5,35.1,17.9,2.2,1.1,3.1,94.5,93.3,5.5,6.7,202,24,25,29,58,9,12,150,162,32.7,27.3,44.4,38.5,29.0,21.0,38.1,31.0,($1000 X INDEX),F90,VOLATILITY/VARIANCE INDEX,OTHER FINANCIAL INSTRUMENTS,FINANCIAL INSTRUMENTS,FutOnly,-4207,-3913,6537,4891,-9405,749,-2335,1500,-17615,5996,494,-702,-717,-3489,-3196,-718,-1011,14,20,16,31,53,9
1908271170E1F,VIX FUTURES - CBOE FUTURES EXCHANGE,2019-08-27T00:00:00.000,2019 Report Week 34,VIX FUTURES,1170E1,E,CHI,117,VOLATILITY/VARIANCE INDEX,371498,66977,29128,18203,131924,62324,21585,35710,136716,54537,7795,5543,12971,349702,341007,21796,30491,100.0,18.0,7.8,4.9,35.5,16.8,5.8,9.6,36.8,14.7,2.1,1.5,3.5,94.1,91.8,5.9,8.2,187,23,23,26,53,7,11,131,149,37.2,27.0,49.4,39.1,34.3,21.2,44.0,32.9,($1000 X INDEX),F90,VOLATILITY/VARIANCE INDEX,OTHER FINANCIAL INSTRUMENTS,FINANCIAL INSTRUMENTS,FutOnly,-28485,-9935,-1589,-8790,3258,-5521,2698,1640,-3661,-16960,-859,976,478,-28470,-32369,-15,3884,12,17,16,28,42,10
1909031170E1F,VIX FUTURES - CBOE FUTURES EXCHANGE,2019-09-03T00:00:00.000,2019 Report Week 35,VIX FUTURES,1170E1,E,CHI,117,VOLATILITY/VARIANCE INDEX,355249,62567,30827,21586,127007,67154,21163,39457,129125,40556,7659,4352,12215,332210,326978,23039,28271,100.0,17.6,8.7,6.1,35.8,18.9,6.0,11.1,36.3,11.4,2.2,1.2,3.4,93.5,92.0,6.5,8.0,192,26,25,32,51,7,8,136,153,36.7,26.2,48.8,37.7,33.9,22.3,45.3,32.9,($1000 X INDEX),F90,VOLATILITY/VARIANCE INDEX,OTHER FINANCIAL INSTRUMENTS,FINANCIAL INSTRUMENTS,FutOnly,-16249,-4410,1699,3383,-4917,4830,-422,3747,-7591,-13981,-136,-1191,-756,-17492,-14029,1243,-2220,12,19,18,29,45,7
1909101170E1F,VIX FUTURES - CBOE FUTURES EXCHANGE,2019-09-10T00:00:00.000,2019 Report Week 36,VIX FUTURES,1170E1,E,CHI,117,VOLATILITY/VARIANCE INDEX,360284,67067,17202,19478,118452,83278,21254,44178,124750,51829,7789,3644,10352,340399,331787,19885,28497,100.0,18.6,4.8,5.4,32.9,23.1,5.9,12.3,34.6,14.4,2.2,1.0,2.9,94.5,92.1,5.5,7.9,188,29,20,31,58,8,7,132,154,35.8,27.2,49.5,39.1,32.8,22.1,45.1,33.7,($1000 X INDEX),F90,VOLATILITY/VARIANCE INDEX,OTHER FINANCIAL INSTRUMENTS,FINANCIAL INSTRUMENTS,FutOnly,5035,4500,-13625,-2108,-8555,16124,91,4721,-4375,11273,130,-708,-1863,8189,4809,-3154,226,14,21,14,22,50,4
1909171170E1F,VIX FUTURES - CBOE FUTURES EXCHANGE,2019-09-17T00:00:00.000,2019 Report Week 37,VIX FUTURES,1170E1,E,CHI,117,VOLATILITY/VARIANCE INDEX,402718,84322,13833,20649,113218,103375,22970,47225,125952,71697,8952,4272,10907,379940,373655,22778,29063,100.0,20.9,3.4,5.1,28.1,25.7,5.7,11.7,31.3,17.8,2.2,1.1,2.7,94.3,92.8,5.7,7.2,200,33,19,36,65,9,9,134,169,34.1,26.9,47.6,38.8,31.5,20.9,41.4,30.8,($1000 X INDEX),F90,VOLATILITY/VARIANCE INDEX,OTHER FINANCIAL INSTRUMENTS,FINANCIAL INSTRUMENTS,FutOnly,42434,17255,-3369,1171,-5234,20097,1716,3047,1202,19868,1163,628,555,39541,41868,2893,566,16,20,11,15,55,6
1909241170E1F,VIX FUTURES - CBOE FUTURES EXCHANGE,2019-09-24T00:00:00.000,2019 Report Week 38,VIX FUTURES,1170E1,E,CHI,117,VOLATILITY/VARIANCE INDEX,405328,100878,14183,15834,130620,123899,24140,38723,129648,55933,10118,2996,8173,384419,374806,20909,30522,100.0,24.9,3.5,3.9,32.2,30.6,6.0,9.6,32.0,13.8,2.5,0.7,2.0,94.8,92.5,5.2,7.5,191,38,21,36,51,10,7,125,157,38.9,26.5,52.6,39.2,35.8,22.4,47.7,33.6,($1000 X INDEX),F90,VOLATILITY/VARIANCE INDEX,OTHER FINANCIAL INSTRUMENTS,FINANCIAL INSTRUMENTS,FutOnly,2610,16556,350,-4815,17402,20524,1170,-8502,3696,-15764,1166,-1276,-2734,4479,1151,-1869,1459,16,17,10,17,46,4
1910011170E1F,VIX FUTURES - CBOE FUTURES EXCHANGE,2019-10-01T00:00:00.000,2019 Report Week 39,VIX FUTURES,1170E1,E,CHI,117,VOLATILITY/VARIANCE INDEX,429251,102386,20279,16138,146692,107340,24709,32578,149391,68268,9805,3249,8586,409162,397960,20089,31291,100.0,23.9,4.7,3.8,34.2,25.0,5.8,7.6,34.8,15.9,2.3,0.8,2.0,95.3,92.7,4.7,7.3,198,36,23,34,59,6,11,136,166,36.4,26.3,50.9,37.3,33.9,21.3,46.3,31.1,($1000 X INDEX),F90,VOLATILITY/VARIANCE INDEX,OTHER FINANCIAL INSTRUMENTS,FINANCIAL INSTRUMENTS,FutOnly,23923,1508,6096,304,16072,-16559,569,-6145,19743,12335,-313,253,413,24743,23154,-820,769,14,16,11,22,54,7
1910081170E1F,VIX FUTURES - CBOE FUTURES EXCHANGE,2019-10-08T00:00:00.000,2019 Report Week 40,VIX FUTURES,1170E1,E,CHI,117,VOLATILITY/VARIANCE INDEX,401077,88844,27642,18996,136687,90379,23495,29435,136070,66692,7934,2250,7683,379766,373207,21311,27870,100.0,22.2,6.9,4.7,34.1,22.5,5.9,7.3,33.9,16.6,2.0,0.6,1.9,94.7,93.1,5.3,6.9,200,34,24,29,59,7,8,137,162,37.1,26.8,51.0,36.7,34.6,20.9,46.5,30.2,($1000 X INDEX),F90,VOLATILITY/VARIANCE INDEX,OTHER FINANCIAL INSTRUMENTS,FINANCIAL INSTRUMENTS,FutOnly,-28174,-13542,7363,2858,-10005,-16961,-1214,-3143,-13321,-1576,-1871,-999,-903,-29396,-24753,1222,-3421,14,16,17,25,51,5
1910151170E1F,VIX FUTURES - CBOE FUTURES EXCHANGE,2019-10-15T00:00:00.000,2019 Report Week 41,VIX FUTURES,1170E1,E,CHI,117,VOLATILITY/VARIANCE INDEX,445199,91005,21580,27976,127612,113854,23407,51205,130367,81164,9251,4762,11236,422856,414346,22343,30853,100.0,20.4,4.8,6.3,28.7,25.6,5.3,11.5,29.3,18.2,2.1,1.1,2.5,95.0,93.1,5.0,6.9,206,31,23,38,62,9,11,146,171,31.9,23.8,46.9,34.5,28.2,19.1,40.7,27.7,($1000 X INDEX),F90,VOLATILITY/VARIANCE INDEX,OTHER FINANCIAL INSTRUMENTS,FINANCIAL INSTRUMENTS,FutOnly,44122,2161,-6062,8980,-9075,23475,-88,21770,-5703,14472,1317,2512,3553,43090,41139,1032,2983,16,19,12,21,58,9
1910221170E1F,VIX FUTURES - CBOE FUTURES EXCHANGE,2019-10-22T00:00:00.000,2019 Report Week 42,VIX FUTURES,1170E1,E,CHI,117,VOLATILITY/VARIANCE INDEX,437316,102330,16136,15478,137517,126395,23438,48336,143411,70501,10473,2289,8334,416407,405982,20909,31334,100.0,23.4,3.7,3.5,31.4,28.9,5.4,11.1,32.8,16.1,2.4,0.5,1.9,95.2,92.8,4.8,7.2,203,39,22,38,57,11,12,130,164,34.6,25.4,52.3,37.2,32.3,20.4,47.8,30.7,($1000 X INDEX),F90,VOLATILITY/VARIANCE INDEX,OTHER FINANCIAL INSTRUMENTS,FINANCIAL INSTRUMENTS,FutOnly,-7883,11325,-5444,-12498,9905,12541,31,-2869,13044,-10663,1222,-2473,-2902,-6449,-8364,-1434,481,16,14,9,19,43,6
1910291170E1F,VIX FUTURES - CBOE FUTURES EXCHANGE,2019-10-29T00:00:00.000,2019 Report Week 43,VIX FUTURES,1170E1,E,CHI,117,VOLATILITY/VARIANCE INDEX,453332,107829,18564,18110,138853,134849,21758,53838,141618,72484,10553,4247,8014,431439,419644,21893,33688,100.0,23.8,4.1,4.0,30.6,29.7,4.8,11.9,31.2,16.0,2.3,0.9,1.8,95.2,92.6,4.8,7.4,199,36,21,39,57,9,11,132,161,36.0,25.9,54.3,38.3,33.9,21.0,48.7,31.9,($1000 X INDEX),F90,VOLATILITY/VARIANCE INDEX,OTHER FINANCIAL INSTRUMENTS,FINANCIAL INSTRUMENTS,FutOnly,16016,5499,2428,2632,1336,8454,-1680,5502,-1793,1983,80,1958,-320,15032,13662,984,2354,18,15,7,19,47,8
1911051170E1F,VIX FUTURES - CBOE FUTURES EXCHANGE,2019-11-05T00:00:00.000,2019 Report Week 44,VIX FUTURES,1170E1,E,CHI,117,VOLATILITY/VARIANCE INDEX,491051,120551,22728,21224,146978,138820,21621,55128,160386,77842,13780,4562,8697,465821,455880,25230,35171,100.0,24.5,4.6,4.3,29.9,28.3,4.4,11.2,32.7,15.9,2.8,0.9,1.8,94.9,92.8,5.1,7.2,215,39,19,36,63,11,13,140,174,36.4,24.7,54.1,35.8,34.6,20.4,49.5,29.8,($1000 X INDEX),F90,VOLATILITY/VARIANCE INDEX,OTHER FINANCIAL INSTRUMENTS,FINANCIAL INSTRUMENTS,FutOnly,37719,12722,4164,3114,8125,3971,-137,1290,18768,5358,3227,315,683,34382,36236,3337,1483,17,18,10,19,49,10
1911121170E1F,VIX FUTURES - CBOE FUTURES EXCHANGE,2019-11-12T00:00:00.000,2019 Report Week 45,VIX FUTURES,1170E1,E,CHI,117,VOLATILITY/VARIANCE INDEX,518975,131913,23721,23044,140792,135038,21829,58681,173737,89786,14173,4333,11075,491293,482563,27682,36412,100.0,25.4,4.6,4.4,27.1,26.0,4.2,11.3,33.5,17.3,2.7,0.8,2.1,94.7,93.0,5.3,7.0,216,39,19,40,61,10,14,140,176,34.9,24.0,52.3,35.4,33.3,19.4,48.0,28.2,($1000 X INDEX),F90,VOLATILITY/VARIANCE INDEX,OTHER FINANCIAL INSTRUMENTS,FINANCIAL INSTRUMENTS,FutOnly,27924,11362,993,1820,-6186,-3782,208,3553,13351,11944,393,-229,2378,25472,26683,2452,1241,17,16,10,17,51,9
1911191170E1F,VIX FUTURES - CBOE FUTURES EXCHANGE,2019-11-19T00:00:00.000,2019 Report Week 46,VIX FUTURES,1170E1,E,CHI,117,VOLATILITY/VARIANCE INDEX,549306,140854,23856,22162,138879,145856,21187,59693,175432,112016,17938,3126,13640,526369,517275,22937,32031,100.0,25.6,4.3,4.0,25.3,26.6,3.9,10.9,31.9,20.4,3.3,0.6,2.5,95.8,94.2,4.2,5.8,229,43,23,43,67,10,16,148,190,35.1,23.9,52.1,34.5,32.5,18.8,46.4,26.4,($1000 X INDEX),F90,VOLATILITY/VARIANCE INDEX,OTHER FINANCIAL INSTRUMENTS,FINANCIAL INSTRUMENTS,FutOnly,30331,8941,135,-882,-1913,10818,-642,1012,1695,22230,3765,-1207,2565,35076,34712,-4745,-4381,16,15,11,18,55,9
1911261170E1F,VIX FUTURES - CBOE FUTURES EXCHANGE,2019-11-26T00:00:00.000,2019 Report Week 47,VIX FUTURES,1170E1,E,CHI,117,VOLATILITY/VARIANCE INDEX,504704,126910,21442,20076,138473,144542,22661,51175,151851,93861,14816,3379,14404,482376,472216,22328,32488,100.0,25.1,4.2,4.0,27.4,28.6,4.5,10.1,30.1,18.6,2.9,0.7,2.9,95.6,93.6,4.4,6.4,214,43,23,40,59,10,15,140,175,36.7,20.9,52.0,33.0,34.9,18.9,48.4,27.6,($1000 X INDEX),F90,VOLATILITY/VARIANCE INDEX,OTHER FINANCIAL INSTRUMENTS,FINANCIAL INSTRUMENTS,FutOnly,-44602,-13944,-2414,-2086,-406,-1314,1474,-8518,-23581,-18155,-3122,253,764,-43993,-45059,-609,457,13,12,11,20,51,9
1912031170E1F,VIX FUTURES - CBOE FUTURES EXCHANGE,2019-12-03T00:00:00.000,2019 Report Week 48,VIX FUTURES,1170E1,E,CHI,117,VOLATILITY/VARIANCE INDEX,483774,123904,26421,20958,132547,119949,18336,44163,156641,89641,15373,3481,13111,458033,448538,25741,35236,100.0,25.6,5.5,4.3,27.4,24.8,3.8,9.1,32.4,18.5,3.2,0.7,2.7,94.7,92.7,5.3,7.3,211,40,21,29,64,13,14,139,171,36.7,19.3,51.4,30.0,35.1,16.9,47.4,25.3,($1000 X INDEX),F90,VOLATILITY/VARIANCE INDEX,OTHER FINANCIAL INSTRUMENTS,FINANCIAL INSTRUMENTS,FutOnly,-20930,-3006,4979,882,-5926,-24593,-4325,-7012,4790,-4220,557,102,-1293,-24343,-23678,3413,2748,15,15,11,20,49,10
1912101170E1F,VIX FUTURES - CBOE FUTURES EXCHANGE,2019-12-10T00:00:00.000,2019 Report Week 49,VIX FUTURES,1170E1,E,CHI,117,VOLATILITY/VARIANCE INDEX,465375,109057,26346,20291,125326,100091,17334,43247,146895,102892,11656,3906,14995,444798,432750,20577,32625,100.0,23.4,5.7,4.4,26.9,21.5,3.7,9.3,31.6,22.1,2.5,0.8,3.2,95.6,93.0,4.4,7.0,207,39,24,28,61,12,17,145,170,35.6,18.9,51.0,31.7,34.0,16.8,46.2,24.2,($1000 X INDEX),F90,VOLATILITY/VARIANCE INDEX,OTHER FINANCIAL INSTRUMENTS,FINANCIAL INSTRUMENTS,FutOnly,-18399,-14847,-75,-667,-7221,-19858,-1002,-916,-9746,13251,-3717,425,1884,-13235,-15788,-5164,-2611,12,14,13,21,53,10
1912171170E1F,VIX FUTURES - CBOE FUTURES EXCHANGE,2019-12-17T00:00:00.000,2019 Report Week 50,VIX FUTURES,1170E1,E,CHI,117,VOLATILITY/VARIANCE INDEX,460843,99583,18549,25092,113998,119563,27228,47763,123345,95116,13025,3568,17508,439313,429969,21530,30874,100.0,21.6,4.0,5.4,24.7,25.9,5.9,10.4,26.8,20.6,2.8,0.8,3.8,95.3,93.3,4.7,6.7,213,40,25,33,65,10,17,145,181,31.8,16.0,46.5,28.1,29.8,15.7,41.9,24.4,($1000 X INDEX),F90,VOLATILITY/VARIANCE INDEX,OTHER FINANCIAL INSTRUMENTS,FINANCIAL INSTRUMENTS,FutOnly,-4532,-9474,-7797,4801,-11328,19472,9894,4516,-23550,-7776,1369,-338,2513,-5485,-2781,953,-1751,13,16,11,16,55,11
1912241170E1F,VIX FUTURES - CBOE FUTURES EXCHANGE,2019-12-24T00:00:00.000,2019 Report Week 51,VIX FUTURES,1170E1,E,CHI,117,VOLATILITY/VARIANCE INDEX,411894,86161,6080,17468,110682,121572,20246,42998,108261,86253,10928,3667,17011,391747,380558,20147,31336,100.0,20.9,1.5,4.2,26.9,29.5,4.9,10.4,26.3,20.9,2.7,0.9,4.1,95.1,92.4,4.9,7.6,194,40,22,32,57,7,14,132,159,33.7,16.8,48.2,30.3,31.4,16.2,43.3,27.6,($1000 X INDEX),F90,VOLATILITY/VARIANCE INDEX,OTHER FINANCIAL INSTRUMENTS,FINANCIAL INSTRUMENTS,FutOnly,-48949,-13422,-12469,-7624,-3316,2009,-6982,-4765,-15084,-8863,-2097,99,-497,-47566,-49411,-1383,462,17,14,5,14,47,12
1912311170E1F,VIX FUTURES - CBOE FUTURES EXCHANGE,2019-12-31T00:00:00.000,2019 Report Week 52,VIX FUTURES,1170E1,E,CHI,117,VOLATILITY/VARIANCE INDEX,421662,83859,9229,17331,115356,103502,21731,36293,117752,94140,10833,3349,21235,400778,388269,20884,33393,100.0,19.9,2.2,4.1,27.4,24.5,5.2,8.6,27.9,22.3,2.6,0.8,5.0,95.0,92.1,5.0,7.9,197,39,20,30,59,11,18,138,165,33.8,16.6,48.2,28.9,31.7,14.5,41.5,23.8,($1000 X INDEX),F90,VOLATILITY/VARIANCE INDEX,OTHER FINANCIAL INSTRUMENTS,FINANCIAL INSTRUMENTS,FutOnly,9768,-2302,3149,-137,4674,-18070,1485,-6705,9491,7887,-95,-318,4224,9031,7711,737,2057,17,15,7,12,53,11
2001071170E1F,VIX FUTURES - CBOE FUTURES EXCHANGE,2020-01-07T00:00:00.000,2020 Report Week 01,VIX FUTURES,1170E1,E,CHI,117,VOLATILITY/VARIANCE INDEX,429698,80793,10069,19266,120829,108480,19173,41795,122722,94289,11357,3935,19851,407353,397785,22345,31913,100.0,18.8,2.3,4.5,28.1,25.2,4.5,9.7,28.6,21.9,2.6,0.9,4.6,94.8,92.6,5.2,7.4,197,39,24,32,56,10,19,136,166,32.2,18.8,47.9,30.8,29.8,16.0,40.1,24.1,($1000 X INDEX),F90,VOLATILITY/VARIANCE INDEX,OTHER FINANCIAL INSTRUMENTS,FINANCIAL INSTRUMENTS,FutOnly,8036,-3066,840,1935,5473,4978,-2558,5502,4970,149,524,586,-1384,6575,9516,1461,-1480,15,16,8,14,46,11
2001141170E1F,VIX FUTURES - CBOE FUTURES EXCHANGE,2020-01-14T00:00:00.000,2020 Report Week 02,VIX FUTURES,1170E1,E,CHI,117,VOLATILITY/VARIANCE INDEX,469840,84580,13876,23155,118185,129267,20904,63976,129761,96322,11815,3020,23532,442469,439837,27371,30003,100.0,18.0,3.0,4.9,25.2,27.5,4.4,13.6,27.6,20.5,2.5,0.6,5.0,94.2,93.6,5.8,6.4,214,41,27,38,60,11,22,150,182,29.5,21.4,44.2,32.4,27.3,19.4,37.7,26.9,($1000 X INDEX),F90,VOLATILITY/VARIANCE INDEX,OTHER FINANCIAL INSTRUMENTS,FINANCIAL INSTRUMENTS,FutOnly,40142,3787,3807,3889,-2644,20787,1731,22181,7039,2033,458,-915,3681,35116,42052,5026,-1910,15,18,9,15,51,13
2001211170E1F,VIX FUTURES - CBOE FUTURES EXCHANGE,2020-01-21T00:00:00.000,2020 Report Week 03,VIX FUTURES,1170E1,E,CHI,117,VOLATILITY/VARIANCE INDEX,478868,87569,19065,23343,115668,136885,25189,68270,122731,98883,13498,3398,19696,452116,449190,26752,29678,100.0,18.3,4.0,4.9,24.2,28.6,5.3,14.3,25.6,20.6,2.8,0.7,4.1,94.4,93.8,5.6,6.2,222,40,28,39,65,12,19,152,193,28.9,20.8,43.2,32.6,26.4,19.5,37.5,27.6,($1000 X INDEX),F90,VOLATILITY/VARIANCE INDEX,OTHER FINANCIAL INSTRUMENTS,FINANCIAL INSTRUMENTS,FutOnly,9028,2989,5189,188,-2517,7618,4285,4294,-7030,2561,1683,378,-3836,9647,9353,-619,-325,16,19,12,15,57,11
2001281170E1F,VIX FUTURES - CBOE FUTURES EXCHANGE,2020-01-28T00:00:00.000,2020 Report Week 04,VIX FUTURES,1170E1,E,CHI,117,VOLATILITY/VARIANCE INDEX,433719,93726,21635,17536,116439,122213,23235,46171,117326,81004,12403,2292,17604,408118,402845,25601,30874,100.0,21.6,5.0,4.0,26.8,28.2,5.4,10.6,27.1,18.7,2.9,0.5,4.1,94.1,92.9,5.9,7.1,210,35,23,40,53,10,21,154,181,32.0,22.6,47.0,33.7,29.4,20.4,40.5,29.0,($1000 X INDEX),F90,VOLATILITY/VARIANCE INDEX,OTHER FINANCIAL INSTRUMENTS,FINANCIAL INSTRUMENTS,FutOnly,-45149,6157,2570,-5807,771,-14672,-1954,-22099,-5405,-17879,-1095,-1106,-2092,-43998,-46345,-1151,1196,14,21,16,18,60,12
2002041170E1F,VIX FUTURES - CBOE FUTURES EXCHANGE,2020-02-04T00:00:00.000,2020 Report Week 05,VIX FUTURES,1170E1,E,CHI,117,VOLATILITY/VARIANCE INDEX,428263,84912,21520,25758,114832,96519,26449,43199,125826,78134,11500,4258,18022,402806,396486,25457,31777,100.0,19.8,5.0,6.0,26.8,22.5,6.2,10.1,29.4,18.2,2.7,1.0,4.2,94.1,92.6,5.9,7.4,203,28,24,33,53,9,21,153,173,30.7,22.9,46.4,35.0,28.0,20.7,38.8,29.2,($1000 X INDEX),F90,VOLATILITY/VARIANCE INDEX,OTHER FINANCIAL INSTRUMENTS,FINANCIAL INSTRUMENTS,FutOnly,-5456,-8814,-115,8222,-1607,-25694,3214,-2972,8500,-2870,-903,1966,418,-5312,-6359,-144,903,15,21,16,25,57,11
2002111170E1F,VIX FUTURES - CBOE FUTURES EXCHANGE,2020-02-11T00:00:00.000,2020 Report Week 06,VIX FUTURES,1170E1,E,CHI,117,VOLATILITY/VARIANCE INDEX,424215,84585,20203,26807,107933,107700,21984,49182,116749,79730,12168,2243,16174,398563,391590,25652,32625,100.0,19.9,4.8,6.3,25.4,25.4,5.2,11.6,27.5,18.8,2.9,0.5,3.8,94.0,92.3,6.0,7.7,200,31,25,37,47,13,19,155,165,31.3,23.3,46.6,36.5,28.8,21.5,39.2,31.4,($1000 X INDEX),F90,VOLATILITY/VARIANCE INDEX,OTHER FINANCIAL INSTRUMENTS,FINANCIAL INSTRUMENTS,FutOnly,-4048,-327,-1317,1049,-6899,11181,-4465,5983,-9077,1596,668,-2015,-1848,-4243,-4896,195,848,15,19,13,22,57,8
2002181170E1F,VIX FUTURES - CBOE FUTURES EXCHANGE,2020-02-18T00:00:00.000,2020 Report Week 07,VIX FUTURES,1170E1,E,CHI,117,VOLATILITY/VARIANCE INDEX,424777,86320,25156,26779,106806,108770,26082,54875,119796,67062,17090,2373,16051,401065,392069,23712,32708,100.0,20.3,5.9,6.3,25.1,25.6,6.1,12.9,28.2,15.8,4.0,0.6,3.8,94.4,92.3,5.6,7.7,195,34,26,32,52,12,15,148,159,30.7,23.0,44.3,34.6,28.3,22.2,39.6,31.3,($1000 X INDEX),F90,VOLATILITY/VARIANCE INDEX,OTHER FINANCIAL INSTRUMENTS,FINANCIAL INSTRUMENTS,FutOnly,562,1735,4953,-28,-1127,1070,4098,5693,3047,-12668,4922,130,-123,2502,479,-1940,83,15,19,14,18,52,9
2002251170E1F,VIX FUTURES - CBOE FUTURES EXCHANGE,2020-02-25T00:00:00.000,2020 Report Week 08,VIX FUTURES,1170E1,E,CHI,117,VOLATILITY/VARIANCE INDEX,431241,81197,39105,32094,123557,63287,21608,43937,152458,76721,12087,2891,15613,406814,403777,24427,27464,100.0,18.8,9.1,7.4,28.7,14.7,5.0,10.2,35.4,17.8,2.8,0.7,3.6,94.3,93.6,5.7,6.4,218,26,27,33,63,11,15,161,183,25.9,16.4,39.4,28.6,23.8,15.3,35.2,23.7,($1000 X INDEX),F90,VOLATILITY/VARIANCE INDEX,OTHER FINANCIAL INSTRUMENTS,FINANCIAL INSTRUMENTS,FutOnly,6464,-5123,13949,5315,16751,-45483,-4474,-10938,32662,9659,-5003,518,-438,5749,11708,715,-5244,16,20,16,30,64,12
2003031170E1F,VIX FUTURES - CBOE FUTURES EXCHANGE,2020-03-03T00:00:00.000,2020 Report Week 09,VIX FUTURES,1170E1,E,CHI,117,VOLATILITY/VARIANCE INDEX,451311,62075,72491,35574,122652,29194,28091,90557,169024,60447,5665,2948,17984,423045,415753,28266,35558,100.0,13.8,16.1,7.9,27.2,6.5,6.2,20.1,37.5,13.4,1.3,0.7,4.0,93.7,92.1,6.3,7.9,218,20,30,48,50,7,20,164,181,24.3,19.4,37.1,32.1,22.5,18.3,34.1,28.2,($1000 X INDEX),F90,VOLATILITY/VARIANCE INDEX,OTHER FINANCIAL INSTRUMENTS,FINANCIAL INSTRUMENTS,FutOnly,20070,-19122,33386,3480,-905,-34093,6483,46620,16566,-16274,-6422,57,2371,16231,11976,3839,8094,13,16,22,30,61,11
2003101170E1F,VIX FUTURES - CBOE FUTURES EXCHANGE,2020-03-10T00:00:00.000,2020 Report Week 10,VIX FUTURES,1170E1,E,CHI,117,VOLATILITY/VARIANCE INDEX,450812,79204,102061,41871,108682,30793,15512,100212,155396,55043,7601,4805,17084,425209,422565,25603,28247,100.0,17.6,22.6,9.3,24.1,6.8,3.4,22.2,34.5,12.2,1.7,1.1,3.8,94.3,93.7,5.7,6.3,205,15,22,37,57,9,21,155,168,28.6,27.3,42.2,38.9,25.8,25.3,35.5,34.3,($1000 X INDEX),F90,VOLATILITY/VARIANCE INDEX,OTHER FINANCIAL INSTRUMENTS,FINANCIAL INSTRUMENTS,FutOnly,-499,17129,29570,6297,-13970,1599,-12579,9655,-13628,-5404,1936,1857,-900,2164,6812,-2663,-7311,15,18,19,27,57,11
2003171170E1F,VIX FUTURES - CBOE FUTURES EXCHANGE,2020-03-17T00:00:00.000,2020 Report Week 11,VIX FUTURES,1170E1,E,CHI,117,VOLATILITY/VARIANCE INDEX,434583,89045,127301,45452,88267,10277,8629,90178,133027,63961,9771,4099,12798,408101,405544,26482,29039,100.0,20.5,29.3,10.5,20.3,2.4,2.0,20.8,30.6,14.7,2.2,0.9,2.9,93.9,93.3,6.1,6.7,168,12,15,25,54,7,14,127,143,36.9,34.5,49.8,45.2,31.5,31.6,40.9,39.4,($1000 X INDEX),F90,VOLATILITY/VARIANCE INDEX,OTHER FINANCIAL INSTRUMENTS,FINANCIAL INSTRUMENTS,FutOnly,-16229,9841,25240,3581,-20415,-20516,-6883,-10034,-22369,8918,2170,-706,-4286,-17108,-17021,879,792,14,23,16,21,50,11
2003241170E1F,VIX FUTURES - CBOE FUTURES EXCHANGE,2020-03-24T00:00:00.000,2020 Report Week 12,VIX FUTURES,1170E1,E,CHI,117,VOLATILITY/VARIANCE INDEX,268255,39990,48455,23563,63990,28498,11369,57687,86418,29236,9957,3689,10249,246041,241477,22214,26778,100.0,14.9,18.1,8.8,23.9,10.6,4.2,21.5,32.2,10.9,3.7,1.4,3.8,91.7,90.0,8.3,10.0,133,7,13,20,44,8,9,97,113,37.1,25.3,50.2,37.0,31.4,23.8,43.1,33.4,($1000 X INDEX),F90,VOLATILITY/VARIANCE INDEX,OTHER FINANCIAL INSTRUMENTS,FINANCIAL INSTRUMENTS,FutOnly,-166328,-49055,-78846,-21889,-24277,18221,2740,-32491,-46609,-34725,186,-410,-2549,-162060,-164067,-4268,-2261,8,18,21,13,37,8
2003311170E1F,VIX FUTURES - CBOE FUTURES EXCHANGE,2020-03-31T00:00:00.000,2020 Report Week 13,VIX FUTURES,1170E1,E,CHI,117,VOLATILITY/VARIANCE INDEX,235004,39629,31540,28820,54785,17708,10310,36700,85808,29032,9521,1408,6814,215611,211440,19393,23564,100.0,16.9,13.4,12.3,23.3,7.5,4.4,15.6,36.5,12.4,4.1,0.6,2.9,91.7,90.0,8.3,10.0,124,8,10,22,36,8,7,95,97,30.2,23.0,44.2,36.2,25.2,22.6,36.9,30.8,($1000 X INDEX),F90,VOLATILITY/VARIANCE INDEX,OTHER FINANCIAL INSTRUMENTS,FINANCIAL INSTRUMENTS,FutOnly,-33251,-361,-16915,5257,-9205,-10790,-1059,-20987,-610,-204,-436,-2281,-3435,-30430,-30037,-2821,-3214,7,16,18,15,35,5
2004071170E1F,VIX FUTURES - CBOE FUTURES EXCHANGE,2020-04-07T00:00:00.000,2020 Report Week 14,VIX FUTURES,1170E1,E,CHI,117,VOLATILITY/VARIANCE INDEX,250688,43690,27555,32591,63373,11450,14364,28105,96463,35694,4365,1769,7663,229845,227549,20843,23139,100.0,17.4,11.0,13.0,25.3,4.6,5.7,11.2,38.5,14.2,1.7,0.7,3.1,91.7,90.8,8.3,9.2,142,8,15,24,44,5,8,113,118,29.6,22.1,41.7,35.9,23.3,19.5,34.2,28.1,($1000 X INDEX),F90,VOLATILITY/VARIANCE INDEX,OTHER FINANCIAL INSTRUMENTS,FINANCIAL INSTRUMENTS,FutOnly,15684,4061,-3985,3771,8588,-6258,4054,-8595,10655,6662,-5156,361,849,14234,16109,1450,-425,10,22,18,19,44,6
2004141170E1F,VIX FUTURES - CBOE FUTURES EXCHANGE,2020-04-14T00:00:00.000,2020 Report Week 15,VIX FUTURES,1170E1,E,CHI,117,VOLATILITY/VARIANCE INDEX,253220,45306,27223,36965,56140,10960,16754,27167,92474,38965,4881,1681,7401,233579,232423,19641,20797,100.0,17.9,10.8,14.6,22.2,4.3,6.6,10.7,36.5,15.4,1.9,0.7,2.9,92.2,91.8,7.8,8.2,149,8,17,28,47,4,9,120,123,27.7,23.2,41.9,36.4,21.9,18.9,32.3,26.0,($1000 X INDEX),F90,VOLATILITY/VARIANCE INDEX,OTHER FINANCIAL INSTRUMENTS,FINANCIAL INSTRUMENTS,FutOnly,2532,1616,-332,4374,-7233,-490,2390,-938,-3989,3271,516,-88,-262,3734,4874,-1202,-2342,11,22,19,18,46,6
2004211170E1F,VIX FUTURES - CBOE FUTURES EXCHANGE,2020-04-21T00:00:00.000,2020 Report Week 16,VIX FUTURES,1170E1,E,CHI,117,VOLATILITY/VARIANCE INDEX,211930,47872,28422,20760,55705,9588,14528,21895,92686,19497,4982,1579,7165,192404,194225,19526,17705,100.0,22.6,13.4,9.8,26.3,4.5,6.9,10.3,43.7,9.2,2.4,0.7,3.4,90.8,91.6,9.2,8.4,138,11,17,21,46,4,9,107,119,36.6,26.6,48.3,38.6,30.5,26.4,41.6,34.9,($1000 X INDEX),F90,VOLATILITY/VARIANCE INDEX,OTHER FINANCIAL INSTRUMENTS,FINANCIAL INSTRUMENTS,FutOnly,-41290,2566,1199,-16205,-435,-1372,-2226,-5272,212,-19468,101,-102,-236,-41175,-38198,-115,-3092,11,20,17,16,42,5
2004281170E1F,VIX FUTURES - CBOE FUTURES EXCHANGE,2020-04-28T00:00:00.000,2020 Report Week 17,VIX FUTURES,1170E1,E,CHI,117,VOLATILITY/VARIANCE INDEX,210666,50348,29673,22143,51816,7976,15696,17142,79430,20354,5703,1751,7554,190756,184577,19910,26089,100.0,23.9,14.1,10.5,24.6,3.8,7.5,8.1,37.7,9.7,2.7,0.8,3.6,90.5,87.6,9.5,12.4,133,7,13,19,48,5,9,102,114,34.8,25.3,45.7,38.0,27.8,24.1,38.1,32.5,($1000 X INDEX),F90,VOLATILITY/VARIANCE INDEX,OTHER FINANCIAL INSTRUMENTS,FINANCIAL INSTRUMENTS,FutOnly,-1264,2476,1251,1383,-3889,-1612,1168,-4753,-13256,857,721,172,389,-1648,-9648,384,8384,10,21,17,15,40,6
2005051170E1F,VIX FUTURES - CBOE FUTURES EXCHANGE,2020-05-05T00:00:00.000,2020 Report Week 18,VIX FUTURES,1170E1,E,CHI,117,VOLATILITY/VARIANCE INDEX,220455,54623,31495,21523,57249,10810,17344,13504,82344,23231,6751,1881,6363,200588,194991,19867,25464,100.0,24.8,14.3,9.8,26.0,4.9,7.9,6.1,37.4,10.5,3.1,0.9,2.9,91.0,88.4,9.0,11.6,137,12,17,19,46,7,7,103,118,34.0,23.5,47.3,36.6,27.7,22.8,39.7,32.1,($1000 X INDEX),F90,VOLATILITY/VARIANCE INDEX,OTHER FINANCIAL INSTRUMENTS,FINANCIAL INSTRUMENTS,FutOnly,9789,4275,1822,-620,5433,2834,1648,-3638,2914,2877,1048,130,-1191,9832,10414,-43,-625,11,21,16,16,39,5
2005121170E1F,VIX FUTURES - CBOE FUTURES EXCHANGE,2020-05-12T00:00:00.000,2020 Report Week 19,VIX FUTURES,1170E1,E,CHI,117,VOLATILITY/VARIANCE INDEX,230744,60261,30814,21906,53807,23958,16675,16047,75350,30320,7113,2559,6322,212451,207904,18293,22840,100.0,26.1,13.4,9.5,23.3,10.4,7.2,7.0,32.7,13.1,3.1,1.1,2.7,92.1,90.1,7.9,9.9,146,18,18,21,44,7,8,115,124,34.2,21.9,46.0,34.4,28.0,21.7,38.5,30.5,($1000 X INDEX),F90,VOLATILITY/VARIANCE INDEX,OTHER FINANCIAL INSTRUMENTS,FINANCIAL INSTRUMENTS,FutOnly,10289,5638,-681,383,-3442,13148,-669,2543,-6994,7089,362,678,-41,11863,12913,-1574,-2624,13,21,15,15,46,7
2005191170E1F,VIX FUTURES - CBOE FUTURES EXCHANGE,2020-05-19T00:00:00.000,2020 Report Week 20,VIX FUTURES,1170E1,E,CHI,117,VOLATILITY/VARIANCE INDEX,241702,65418,27605,27020,56535,22881,16806,15202,84419,29043,7332,3069,5558,222914,216401,18788,25301,100.0,27.1,11.4,11.2,23.4,9.5,7.0,6.3,34.9,12.0,3.0,1.3,2.3,92.2,89.5,7.8,10.5,152,17,20,20,45,7,7,113,128,31.4,21.1,44.3,32.3,25.7,20.5,36.3,30.2,($1000 X INDEX),F90,VOLATILITY/VARIANCE INDEX,OTHER FINANCIAL INSTRUMENTS,FINANCIAL INSTRUMENTS,FutOnly,10958,5157,-3209,5114,2728,-1077,131,-845,9069,-1277,219,510,-764,10463,8497,495,2461,13,21,17,18,41,8
2005261170E1F,VIX FUTURES - CBOE FUTURES EXCHANGE,2020-05-26T00:00:00.000,2020 Report Week 21,VIX FUTURES,1170E1,E,CHI,117,VOLATILITY/VARIANCE INDEX,208494,55516,21673,15415,50363,26874,15581,13401,69076,26102,7229,2565,6553,190160,183839,18334,24655,100.0,26.6,10.4,7.4,24.2,12.9,7.5,6.4,33.1,12.5,3.5,1.2,3.1,91.2,88.2,8.8,11.8,140,17,15,21,38,7,9,103,116,34.6,19.3,49.3,31.7,28.9,19.1,42.8,29.3,($1000 X INDEX),F90,VOLATILITY/VARIANCE INDEX,OTHER FINANCIAL INSTRUMENTS,FINANCIAL INSTRUMENTS,FutOnly,-33208,-9902,-5932,-11605,-6172,3993,-1225,-1801,-15343,-2941,-103,-504,995,-32754,-32562,-454,-646,12,19,13,18,36,8
2006021170E1F,VIX FUTURES - CBOE FUTURES EXCHANGE,2020-06-02T00:00:00.000,2020 Report Week 22,VIX FUTURES,1170E1,E,CHI,117,VOLATILITY/VARIANCE INDEX,237479,58883,23669,16413,64031,33956,19889,18164,81546,25953,7931,3005,7028,218292,211459,19187,26020,100.0,24.8,10.0,6.9,27.0,14.3,8.4,7.6,34.3,10.9,3.3,1.3,3.0,91.9,89.0,8.1,11.0,149,21,18,24,39,8,10,111,122,36.8,17.7,50.3,29.5,30.7,16.4,42.9,27.2,($1000 X INDEX),F90,VOLATILITY/VARIANCE INDEX,OTHER FINANCIAL INSTRUMENTS,FINANCIAL INSTRUMENTS,FutOnly,28985,3367,1996,998,13668,7082,4308,4763,12470,-149,702,440,475,28132,27620,853,1365,11,19,15,17,37,8
2006091170E1F,VIX FUTURES - CBOE FUTURES EXCHANGE,2020-06-09T00:00:00.000,2020 Report Week 23,VIX FUTURES,1170E1,E,CHI,117,VOLATILITY/VARIANCE INDEX,257947,55684,22877,19081,75529,39956,17422,15988,84067,37655,7000,3415,8010,236369,232483,21578,25464,100.0,21.6,8.9,7.4,29.3,15.5,6.8,6.2,32.6,14.6,2.7,1.3,3.1,91.6,90.1,8.4,9.9,158,25,15,24,46,6,14,116,134,38.4,16.5,52.6,27.4,32.7,15.3,45.0,23.8,($1000 X INDEX),F90,VOLATILITY/VARIANCE INDEX,OTHER FINANCIAL INSTRUMENTS,FINANCIAL INSTRUMENTS,FutOnly,20468,-3199,-792,2668,11498,6000,-2467,-2176,2521,11702,-931,410,982,18077,21024,2391,-556,10,20,17,12,43,13
2006161170E1F,VIX FUTURES - CBOE FUTURES EXCHANGE,2020-06-16T00:00:00.000,2020 Report Week 24,VIX FUTURES,1170E1,E,CHI,117,VOLATILITY/VARIANCE INDEX,265946,56007,31026,20207,73111,17535,18008,14758,93236,41145,6313,3606,10624,240173,235387,25773,30559,100.0,21.1,11.7,7.6,27.5,6.6,6.8,5.5,35.1,15.5,2.4,1.4,4.0,90.3,88.5,9.7,11.5,154,17,15,19,47,8,12,111,128,35.8,17.4,47.7,29.0,31.2,15.5,41.3,24.9,($1000 X INDEX),F90,VOLATILITY/VARIANCE INDEX,OTHER FINANCIAL INSTRUMENTS,FINANCIAL INSTRUMENTS,FutOnly,7999,323,8149,1126,-2418,-22421,586,-1230,9169,3490,-687,191,2614,3804,2904,4195,5095,9,20,19,19,38,11
2006231170E1F,VIX FUTURES - CBOE FUTURES EXCHANGE,2020-06-23T00:00:00.000,2020 Report Week 25,VIX FUTURES,1170E1,E,CHI,117,VOLATILITY/VARIANCE INDEX,248684,50587,28244,14897,84110,23515,15785,6939,87137,42224,6175,3752,9687,230404,225241,18280,23443,100.0,20.3,11.4,6.0,33.8,9.5,6.3,2.8,35.0,17.0,2.5,1.5,3.9,92.6,90.6,7.4,9.4,144,17,14,14,48,9,12,102,122,39.0,19.6,53.2,32.0,34.3,18.0,46.4,27.5,($1000 X INDEX),F90,VOLATILITY/VARIANCE INDEX,OTHER FINANCIAL INSTRUMENTS,FINANCIAL INSTRUMENTS,FutOnly,-17262,-5420,-2782,-5310,10999,5980,-2223,-7819,-6099,1079,-138,146,-937,-9769,-10146,-7493,-7116,9,16,15,15,38,11
2006301170E1F,VIX FUTURES - CBOE FUTURES EXCHANGE,2020-06-30T00:00:00.000,2020 Report Week 26,VIX FUTURES,1170E1,E,CHI,117,VOLATILITY/VARIANCE INDEX,256691,46356,32988,14887,97343,23216,15531,6386,94441,39400,7477,2418,9724,237104,232605,19587,24086,100.0,18.1,12.9,5.8,37.9,9.0,6.1,2.5,36.8,15.3,2.9,0.9,3.8,92.4,90.6,7.6,9.4,136,18,14,10,48,10,11,103,114,41.3,18.9,55.7,32.1,36.7,17.9,48.6,28.9,($1000 X INDEX),F90,VOLATILITY/VARIANCE INDEX,OTHER FINANCIAL INSTRUMENTS,FINANCIAL INSTRUMENTS,FutOnly,8007,-4231,4744,-10,13233,-299,-254,-553,7304,-2824,1302,-1334,37,6700,7364,1307,643,8,17,15,14,39,7
2007071170E1F,VIX FUTURES - CBOE FUTURES EXCHANGE,2020-07-07T00:00:00.000,2020 Report Week 27,VIX FUTURES,1170E1,E,CHI,117,VOLATILITY/VARIANCE INDEX,271999,41205,39169,13394,105895,31041,15435,20536,92421,38985,6166,2621,11890,253506,244956,18493,27043,100.0,15.1,14.4,4.9,38.9,11.4,5.7,7.5,34.0,14.3,2.3,1.0,4.4,93.2,90.1,6.8,9.9,143,20,16,18,48,8,12,100,123,45.9,18.6,60.0,31.3,41.5,17.2,53.9,28.4,($1000 X INDEX),F90,VOLATILITY/VARIANCE INDEX,OTHER FINANCIAL INSTRUMENTS,FINANCIAL INSTRUMENTS,FutOnly,15308,-5151,6181,-1493,8552,7825,-96,14150,-2020,-415,-1311,203,2166,16402,12351,-1094,2957,6,16,16,11,36,8
2007141170E1F,VIX FUTURES - CBOE FUTURES EXCHANGE,2020-07-14T00:00:00.000,2020 Report Week 28,VIX FUTURES,1170E1,E,CHI,117,VOLATILITY/VARIANCE INDEX,278407,37649,34120,14888,113055,34101,16306,24266,102878,35919,6486,2674,10830,259399,251716,19008,26691,100.0,13.5,12.3,5.3,40.6,12.2,5.9,8.7,37.0,12.9,2.3,1.0,3.9,93.2,90.4,6.8,9.6,147,23,15,16,49,8,12,101,125,47.1,17.2,60.3,29.8,42.5,15.8,53.8,26.9,($1000 X INDEX),F90,VOLATILITY/VARIANCE INDEX,OTHER FINANCIAL INSTRUMENTS,FINANCIAL INSTRUMENTS,FutOnly,6408,-3556,-5049,1494,7160,3060,871,3730,10457,-3066,320,53,-1060,5893,6760,515,-352,7,17,15,13,35,11
2007211170E1F,VIX FUTURES - CBOE FUTURES EXCHANGE,2020-07-21T00:00:00.000,2020 Report Week 29,VIX FUTURES,1170E1,E,CHI,117,VOLATILITY/VARIANCE INDEX,296013,34660,28492,20020,112472,43970,19385,36705,107958,36212,6913,2385,10086,276453,268508,19560,27505,100.0,11.7,9.6,6.8,38.0,14.9,6.5,12.4,36.5,12.2,2.3,0.8,3.4,93.4,90.7,6.6,9.3,167,27,16,22,53,9,13,118,142,44.4,16.9,58.0,28.8,39.4,15.0,52.2,26.1,($1000 X INDEX),F90,VOLATILITY/VARIANCE INDEX,OTHER FINANCIAL INSTRUMENTS,FINANCIAL INSTRUMENTS,FutOnly,17606,-2989,-5628,5132,-583,9869,3079,12439,5080,293,427,-289,-744,17054,16792,552,814,10,22,17,12,42,11
2007281170E1F,VIX FUTURES - CBOE FUTURES EXCHANGE,2020-07-28T00:00:00.000,2020 Report Week 30,VIX FUTURES,1170E1,E,CHI,117,VOLATILITY/VARIANCE INDEX,268574,19027,19221,15264,120671,46069,16867,30553,100779,32173,6715,2958,8355,249625,241686,18949,26888,100.0,7.1,7.2,5.7,44.9,17.2,6.3,11.4,37.5,12.0,2.5,1.1,3.1,92.9,90.0,7.1,10.0,157,28,14,23,46,7,9,107,127,48.4,17.3,60.0,29.9,44.0,15.6,55.0,27.2,($1000 X INDEX),F90,VOLATILITY/VARIANCE INDEX,OTHER FINANCIAL INSTRUMENTS,FINANCIAL INSTRUMENTS,FutOnly,-27439,-15633,-9271,-4756,8199,2099,-2518,-6152,-7179,-4039,-198,573,-1731,-26828,-26822,-611,-617,10,19,17,13,35,12
2008041170E1F,VIX FUTURES - CBOE FUTURES EXCHANGE,2020-08-04T00:00:00.000,2020 Report Week 31,VIX FUTURES,1170E1,E,CHI,117,VOLATILITY/VARIANCE INDEX,277065,18700,16299,15502,122953,53555,18758,29394,101928,34323,7440,2547,8103,255173,251015,21892,26050,100.0,6.7,5.9,5.6,44.4,19.3,6.8,10.6,36.8,12.4,2.7,0.9,2.9,92.1,90.6,7.9,9.4,151,31,15,19,44,8,11,105,125,47.6,17.0,58.8,29.6,43.2,15.5,54.1,27.7,($1000 X INDEX),F90,VOLATILITY/VARIANCE INDEX,OTHER FINANCIAL INSTRUMENTS,FINANCIAL INSTRUMENTS,FutOnly,8491,-327,-2922,238,2282,7486,1891,-1159,1149,2150,725,-411,-252,5548,9329,2943,-838,10,19,15,12,34,9
2008111170E1F,VIX FUTURES - CBOE FUTURES EXCHANGE,2020-08-11T00:00:00.000,2020 Report Week 32,VIX FUTURES,1170E1,E,CHI,117,VOLATILITY/VARIANCE INDEX,291763,18651,14249,16515,121046,60734,20182,36071,100576,40592,7237,2271,11247,271541,266366,20222,25397,100.0,6.4,4.9,5.7,41.5,20.8,6.9,12.4,34.5,13.9,2.5,0.8,3.9,93.1,91.3,6.9,8.7,162,29,16,24,49,6,13,117,139,44.9,16.7,56.9,29.8,41.3,15.2,51.9,27.7,($1000 X INDEX),F90,VOLATILITY/VARIANCE INDEX,OTHER FINANCIAL INSTRUMENTS,FINANCIAL INSTRUMENTS,FutOnly,14698,-49,-2050,1013,-1907,7179,1424,6677,-1352,6269,-203,-276,3144,16368,15351,-1670,-653,10,21,16,12,44,12
2008181170E1F,VIX FUTURES - CBOE FUTURES EXCHANGE,2020-08-18T00:00:00.000,2020 Report Week 33,VIX FUTURES,1170E1,E,CHI,117,VOLATILITY/VARIANCE INDEX,308695,17497,8610,18244,116796,64577,25349,42625,101697,47363,7219,5180,12409,287502,283429,21193,25266,100.0,5.7,2.8,5.9,37.8,20.9,8.2,13.8,32.9,15.3,2.3,1.7,4.0,93.1,91.8,6.9,8.2,167,30,18,27,49,6,13,122,144,42.9,17.2,55.2,31.2,39.1,15.1,48.1,27.0,($1000 X INDEX),F90,VOLATILITY/VARIANCE INDEX,OTHER FINANCIAL INSTRUMENTS,FINANCIAL INSTRUMENTS,FutOnly,16932,-1154,-5639,1729,-4250,3843,5167,6554,1121,6771,-18,2909,1162,15961,17063,971,-131,13,19,11,14,49,13
2008251170E1F,VIX FUTURES - CBOE FUTURES EXCHANGE,2020-08-25T00:00:00.000,2020 Report Week 34,VIX FUTURES,1170E1,E,CHI,117,VOLATILITY/VARIANCE INDEX,303485,18434,9234,16093,120505,67323,24697,43654,104428,38902,7766,3993,13775,283826,278445,19659,25040,100.0,6.1,3.0,5.3,39.7,22.2,8.1,14.4,34.4,12.8,2.6,1.3,4.5,93.5,91.7,6.5,8.3,165,31,19,26,49,8,12,120,139,45.1,17.6,56.1,31.5,41.4,15.8,50.7,28.4,($1000 X INDEX),F90,VOLATILITY/VARIANCE INDEX,OTHER FINANCIAL INSTRUMENTS,FINANCIAL INSTRUMENTS,FutOnly,-5210,937,624,-2151,3709,2746,-652,1029,2731,-8461,547,-1187,1366,-3676,-4984,-1534,-226,11,20,12,13,43,9
2009011170E1F,VIX FUTURES - CBOE FUTURES EXCHANGE,2020-09-01T00:00:00.000,2020 Report Week 35,VIX FUTURES,1170E1,E,CHI,117,VOLATILITY/VARIANCE INDEX,300778,19752,15245,14684,118808,63108,23162,42613,103049,35408,9095,6114,15856,279378,276626,21400,24152,100.0,6.6,5.1,4.9,39.5,21.0,7.7,14.2,34.3,11.8,3.0,2.0,5.3,92.9,92.0,7.1,8.0,165,31,20,26,43,9,13,115,141,44.2,18.7,55.3,31.3,41.4,17.8,50.5,28.9,($1000 X INDEX),F90,VOLATILITY/VARIANCE INDEX,OTHER FINANCIAL INSTRUMENTS,FINANCIAL INSTRUMENTS,FutOnly,-2707,1318,6011,-1409,-1697,-4215,-1535,-1041,-1379,-3494,1329,2121,2081,-4448,-1819,1741,-888,8,17,16,15,41,8
2009081170E1F,VIX FUTURES - CBOE FUTURES EXCHANGE,2020-09-08T00:00:00.000,2020 Report Week 36,VIX FUTURES,1170E1,E,CHI,117,VOLATILITY/VARIANCE INDEX,267609,27133,22603,15555,103180,54404,16065,35604,88543,31051,8454,6474,9278,246320,243973,21289,23636,100.0,10.1,8.4,5.8,38.6,20.3,6.0,13.3,33.1,11.6,3.2,2.4,3.5,92.0,91.2,8.0,8.8,159,28,22,23,39,8,9,109,135,43.5,19.7,55.8,31.7,40.7,18.6,50.9,30.0,($1000 X INDEX),F90,VOLATILITY/VARIANCE INDEX,OTHER FINANCIAL INSTRUMENTS,FINANCIAL INSTRUMENTS,FutOnly,-33169,7381,7358,871,-15628,-8704,-7097,-7009,-14506,-4357,-641,360,-6578,-33058,-32653,-111,-516,10,20,18,18,34,7
2009151170E1F,VIX FUTURES - CBOE FUTURES EXCHANGE,2020-09-15T00:00:00.000,2020 Report Week 37,VIX FUTURES,1170E1,E,CHI,117,VOLATILITY/VARIANCE INDEX,263642,26820,15959,15282,93055,65274,15248,39978,81567,34745,8594,3090,9253,242975,240418,20667,23224,100.0,10.2,6.1,5.8,35.3,24.8,5.8,15.2,30.9,13.2,3.3,1.2,3.5,92.2,91.2,7.8,8.8,155,26,19,29,39,9,9,115,129,43.5,25.9,55.9,38.8,40.9,24.2,49.2,36.3,($1000 X INDEX),F90,VOLATILITY/VARIANCE INDEX,OTHER FINANCIAL INSTRUMENTS,FINANCIAL INSTRUMENTS,FutOnly,-3967,-313,-6644,-273,-10125,10870,-817,4374,-6976,3694,140,-3384,-25,-3345,-3555,-622,-412,11,20,16,14,41,6
2009221170E1F,VIX FUTURES - CBOE FUTURES EXCHANGE,2020-09-22T00:00:00.000,2020 Report Week 38,VIX FUTURES,1170E1,E,CHI,117,VOLATILITY/VARIANCE INDEX,255490,27422,12592,12266,96195,65711,13790,36102,83832,34702,8346,4406,8085,236908,235384,18582,20106,100.0,10.7,4.9,4.8,37.7,25.7,5.4,14.1,32.8,13.6,3.3,1.7,3.2,92.7,92.1,7.3,7.9,153,31,18,29,34,7,11,109,127,44.4,23.7,55.9,37.9,42.1,21.5,50.8,34.7,($1000 X INDEX),F90,VOLATILITY/VARIANCE INDEX,OTHER FINANCIAL INSTRUMENTS,FINANCIAL INSTRUMENTS,FutOnly,-8152,602,-3367,-3016,3140,437,-1458,-3876,2265,-43,-248,1316,-1168,-6067,-5034,-2085,-3118,12,17,13,10,37,10
2009291170E1F,VIX FUTURES - CBOE FUTURES EXCHANGE,2020-09-29T00:00:00.000,2020 Report Week 39,VIX FUTURES,1170E1,E,CHI,117,VOLATILITY/VARIANCE INDEX,261734,26390,13863,13135,93579,65969,13209,39030,85428,39087,8839,2035,7927,241196,240653,20538,21081,100.0,10.1,5.3,5.0,35.8,25.2,5.0,14.9,32.6,14.9,3.4,0.8,3.0,92.2,91.9,7.8,8.1,153,31,18,27,36,8,9,109,130,43.1,22.4,54.5,36.2,40.8,20.6,49.0,32.6,($1000 X INDEX),F90,VOLATILITY/VARIANCE INDEX,OTHER FINANCIAL INSTRUMENTS,FINANCIAL INSTRUMENTS,FutOnly,6244,-1032,1271,869,-2616,258,-581,2928,1596,4385,493,-2371,-158,4288,5269,1956,975,12,18,14,10,41,7
2010061170E1F,VIX FUTURES - CBOE FUTURES EXCHANGE,2020-10-06T00:00:00.000,2020 Report Week 40,VIX FUTURES,1170E1,E,CHI,117,VOLATILITY/VARIANCE INDEX,267685,26459,17965,13051,98962,61841,11271,38124,88321,42092,9280,3217,7588,246827,245346,20858,22339,100.0,9.9,6.7,4.9,37.0,23.1,4.2,14.2,33.0,15.7,3.5,1.2,2.8,92.2,91.7,7.8,8.3,151,30,17,27,34,7,8,110,125,44.3,20.5,56.0,33.9,42.3,19.1,50.7,30.6,($1000 X INDEX),F90,VOLATILITY/VARIANCE INDEX,OTHER FINANCIAL INSTRUMENTS,FINANCIAL INSTRUMENTS,FutOnly,5951,69,4102,-84,5383,-4128,-1938,-906,2893,3005,441,1182,-339,5631,4693,320,1258,13,20,14,10,39,8
2010131170E1F,VIX FUTURES - CBOE FUTURES EXCHANGE,2020-10-13T00:00:00.000,2020 Report Week 41,VIX FUTURES,1170E1,E,CHI,117,VOLATILITY/VARIANCE INDEX,280383,34871,19570,13350,106403,66585,14967,35532,94110,39585,8284,2056,6957,259949,257180,20434,23203,100.0,12.4,7.0,4.8,37.9,23.7,5.3,12.7,33.6,14.1,3.0,0.7,2.5,92.7,91.7,7.3,8.3,152,32,18,24,38,6,9,110,129,48.6,19.3,60.0,32.1,46.4,18.3,54.5,29.9,($1000 X INDEX),F90,VOLATILITY/VARIANCE INDEX,OTHER FINANCIAL INSTRUMENTS,FINANCIAL INSTRUMENTS,FutOnly,12698,8412,1605,299,7441,4744,3696,-2592,5789,-2507,-996,-1161,-631,13122,11834,-424,864,10,17,14,12,43,7
2010201170E1F,VIX FUTURES - CBOE FUTURES EXCHANGE,2020-10-20T00:00:00.000,2020 Report Week 42,VIX FUTURES,1170E1,E,CHI,117,VOLATILITY/VARIANCE INDEX,279755,35153,26038,13854,110850,65633,13482,38326,99008,31533,8840,2204,8255,260293,260007,19462,19748,100.0,12.6,9.3,5.0,39.6,23.5,4.8,13.7,35.4,11.3,3.2,0.8,3.0,93.0,92.9,7.0,7.1,153,25,16,27,42,7,9,114,126,49.7,20.6,61.4,34.6,46.8,19.7,56.6,32.8,($1000 X INDEX),F90,VOLATILITY/VARIANCE INDEX,OTHER FINANCIAL INSTRUMENTS,FINANCIAL INSTRUMENTS,FutOnly,-628,282,6468,504,4447,-952,-1485,2794,4898,-8052,556,148,1298,344,2827,-972,-3455,8,19,15,14,43,7
2010271170E1F,VIX FUTURES - CBOE FUTURES EXCHANGE,2020-10-27T00:00:00.000,2020 Report Week 43,VIX FUTURES,1170E1,E,CHI,117,VOLATILITY/VARIANCE INDEX,263583,39484,29093,7132,117393,49851,10481,26636,109462,26821,9408,5346,5880,243235,244066,20348,19517,100.0,15.0,11.0,2.7,44.5,18.9,4.0,10.1,41.5,10.2,3.6,2.0,2.2,92.3,92.6,7.7,7.4,155,24,14,27,43,8,7,114,121,52.9,21.8,63.6,36.2,50.2,21.7,58.5,35.5,($1000 X INDEX),F90,VOLATILITY/VARIANCE INDEX,OTHER FINANCIAL INSTRUMENTS,FINANCIAL INSTRUMENTS,FutOnly,-16172,4331,3055,-6722,6543,-15782,-3001,-11690,10454,-4712,568,3142,-2375,-17058,-15941,886,-231,10,15,14,16,44,7
2011031170E1F,VIX FUTURES - CBOE FUTURES EXCHANGE,2020-11-03T00:00:00.000,2020 Report Week 44,VIX FUTURES,1170E1,E,CHI,117,VOLATILITY/VARIANCE INDEX,283355,36917,35498,12619,125713,26963,12831,21377,127523,36330,9299,3294,7411,262497,262469,20858,20886,100.0,13.0,12.5,4.5,44.4,9.5,4.5,7.5,45.0,12.8,3.3,1.2,2.6,92.6,92.6,7.4,7.4,157,19,15,26,48,7,9,115,128,46.3,24.0,56.7,37.4,44.1,23.0,53.1,35.3,($1000 X INDEX),F90,VOLATILITY/VARIANCE INDEX,OTHER FINANCIAL INSTRUMENTS,FINANCIAL INSTRUMENTS,FutOnly,19772,-2567,6405,5487,8320,-22888,2350,-5259,18061,9509,-109,-2052,1531,19262,18403,510,1369,9,17,16,19,45,9
2011101170E1F,VIX FUTURES - CBOE FUTURES EXCHANGE,2020-11-10T00:00:00.000,2020 Report Week 45,VIX FUTURES,1170E1,E,CHI,117,VOLATILITY/VARIANCE INDEX,269026,30881,25209,12744,114443,37800,17319,30673,117764,27236,9277,4441,6695,249268,249208,19758,19818,100.0,11.5,9.4,4.7,42.5,14.1,6.4,11.4,43.8,10.1,3.4,1.7,2.5,92.7,92.6,7.3,7.4,155,22,14,23,49,10,10,105,131,51.5,22.0,61.6,33.5,48.1,20.6,57.0,30.6,($1000 X INDEX),F90,VOLATILITY/VARIANCE INDEX,OTHER FINANCIAL INSTRUMENTS,FINANCIAL INSTRUMENTS,FutOnly,-14329,-6036,-10289,125,-11270,10837,4488,9296,-9759,-9094,-22,1147,-716,-13229,-13261,-1100,-1068,7,17,17,12,40,10
2011171170E1F,VIX FUTURES - CBOE FUTURES EXCHANGE,2020-11-17T00:00:00.000,2020 Report Week 46,VIX FUTURES,1170E1,E,CHI,117,VOLATILITY/VARIANCE INDEX,282811,28599,22208,14547,114485,46707,17859,35271,111752,36219,9347,3435,9221,265548,261948,17263,20863,100.0,10.1,7.9,5.1,40.5,16.5,6.3,12.5,39.5,12.8,3.3,1.2,3.3,93.9,92.6,6.1,7.4,154,24,16,28,43,8,9,109,130,51.6,20.4,61.9,32.5,46.3,19.1,54.3,30.1,($1000 X INDEX),F90,VOLATILITY/VARIANCE INDEX,OTHER FINANCIAL INSTRUMENTS,FINANCIAL INSTRUMENTS,FutOnly,13785,-2282,-3001,1803,42,8907,540,4598,-6012,8983,70,-1006,2526,16280,12740,-2495,1045,10,21,13,14,39,10
2011241170E1F,VIX FUTURES - CBOE FUTURES EXCHANGE,2020-11-24T00:00:00.000,2020 Report Week 47,VIX FUTURES,1170E1,E,CHI,117,VOLATILITY/VARIANCE INDEX,265349,32218,20133,5523,123853,56638,18489,23404,104137,28442,10469,2381,4929,247327,240672,18022,24677,100.0,12.1,7.6,2.1,46.7,21.3,7.0,8.8,39.2,10.7,3.9,0.9,1.9,93.2,90.7,6.8,9.3,150,30,17,21,42,9,9,103,124,54.7,20.6,66.2,34.4,50.5,19.3,60.0,32.5,($1000 X INDEX),F90,VOLATILITY/VARIANCE INDEX,OTHER FINANCIAL INSTRUMENTS,FINANCIAL INSTRUMENTS,FutOnly,-17462,3619,-2075,-9024,9368,9931,630,-11867,-7615,-7777,1122,-1054,-4292,-18221,-21276,759,3814,8,16,11,13,35,9
2012011170E1F,VIX FUTURES - CBOE FUTURES EXCHANGE,2020-12-01T00:00:00.000,2020 Report Week 48,VIX FUTURES,1170E1,E,CHI,117,VOLATILITY/VARIANCE INDEX,280441,35267,18480,7224,124206,64339,23229,27376,108857,25802,12058,2578,4226,259388,254735,21053,25706,100.0,12.6,6.6,2.6,44.3,22.9,8.3,9.8,38.8,9.2,4.3,0.9,1.5,92.5,90.8,7.5,9.2,148,27,15,22,40,9,10,102,124,53.7,20.9,66.1,34.3,49.2,19.9,59.6,33.0,($1000 X INDEX),F90,VOLATILITY/VARIANCE INDEX,OTHER FINANCIAL INSTRUMENTS,FINANCIAL INSTRUMENTS,FutOnly,15092,3049,-1653,1701,353,7701,4740,3972,4720,-2640,1589,197,-703,12061,14063,3031,1029,10,16,11,13,37,8
2012081170E1F,VIX FUTURES - CBOE FUTURES EXCHANGE,2020-12-08T00:00:00.000,2020 Report Week 49,VIX FUTURES,1170E1,E,CHI,117,VOLATILITY/VARIANCE INDEX,297789,39908,14154,9521,123217,69370,23726,34109,115875,29924,12216,2605,5356,277977,270531,19812,27258,100.0,13.4,4.8,3.2,41.4,23.3,8.0,11.5,38.9,10.0,4.1,0.9,1.8,93.3,90.8,6.7,9.2,157,29,17,27,41,10,11,111,127,51.5,20.7,62.7,33.7,47.7,18.7,57.7,31.3,($1000 X INDEX),F90,VOLATILITY/VARIANCE INDEX,OTHER FINANCIAL INSTRUMENTS,FINANCIAL INSTRUMENTS,FutOnly,17348,4641,-4326,2297,-989,5031,497,6733,7018,4122,158,27,1130,18589,15796,-1241,1552,10,17,11,12,36,8
2012151170E1F,VIX FUTURES - CBOE FUTURES EXCHANGE,2020-12-15T00:00:00.000,2020 Report Week 50,VIX FUTURES,1170E1,E,CHI,117,VOLATILITY/VARIANCE INDEX,303478,41323,15404,10721,124690,62176,25585,31624,120514,31845,11153,3363,7536,284477,277144,19001,26334,100.0,13.6,5.1,3.5,41.1,20.5,8.4,10.4,39.7,10.5,3.7,1.1,2.5,93.7,91.3,6.3,8.7,148,25,15,22,44,8,9,102,123,50.7,20.5,62.4,33.1,47.8,18.3,57.2,30.6,($1000 X INDEX),F90,VOLATILITY/VARIANCE INDEX,OTHER FINANCIAL INSTRUMENTS,FINANCIAL INSTRUMENTS,FutOnly,5689,1415,1250,1200,1473,-7194,1859,-2485,4639,1921,-1063,758,2180,6500,6613,-811,-924,8,18,12,14,35,7
2012211170E1F,VIX FUTURES - CBOE FUTURES EXCHANGE,2020-12-21T00:00:00.000,2020 Report Week 51,VIX FUTURES,1170E1,E,CHI,117,VOLATILITY/VARIANCE INDEX,289233,41843,15795,8215,123981,63023,22421,24578,112917,31845,13110,2414,6117,272110,262747,17123,26486,100.0,14.5,5.5,2.8,42.9,21.8,7.8,8.5,39.0,11.0,4.5,0.8,2.1,94.1,90.8,5.9,9.2,158,28,16,23,45,10,11,108,130,50.4,22.6,62.7,36.1,47.6,19.8,58.4,33.0,($1000 X INDEX),F90,VOLATILITY/VARIANCE INDEX,OTHER FINANCIAL INSTRUMENTS,FINANCIAL INSTRUMENTS,FutOnly,-14245,520,391,-2506,-709,847,-3164,-7046,-7597,0,1957,-949,-1419,-12367,-14397,-1878,152,11,17,11,12,36,8
2012291170E1F,VIX FUTURES - CBOE FUTURES EXCHANGE,2020-12-29T00:00:00.000,2020 Report Week 52,VIX FUTURES,1170E1,E,CHI,117,VOLATILITY/VARIANCE INDEX,283879,37900,15938,8277,128734,67072,18900,24876,112069,29953,12709,1306,5818,267167,259333,16712,24546,100.0,13.4,5.6,2.9,45.3,23.6,6.7,8.8,39.5,10.6,4.5,0.5,2.0,94.1,91.4,5.9,8.6,155,29,16,25,44,10,11,107,127,52.6,22.6,65.4,38.0,49.1,20.9,61.0,34.3,($1000 X INDEX),F90,VOLATILITY/VARIANCE INDEX,OTHER FINANCIAL INSTRUMENTS,FINANCIAL INSTRUMENTS,FutOnly,-5354,-3943,143,62,4753,4049,-3521,298,-848,-1892,-401,-1108,-299,-4943,-3414,-411,-1940,10,17,13,12,35,5
2101051170E1F,VIX FUTURES - CBOE FUTURES EXCHANGE,2021-01-05T00:00:00.000,2021 Report Week 01,VIX FUTURES,1170E1,E,CHI,117,VOLATILITY/VARIANCE INDEX,296826,39321,19900,8920,135209,56859,16555,29336,130323,30583,12703,3240,6475,279102,272855,17724,23971,100.0,13.2,6.7,3.0,45.6,19.2,5.6,9.9,43.9,10.3,4.3,1.1,2.2,94.0,91.9,6.0,8.1,157,25,14,23,50,10,12,109,130,52.0,21.7,65.0,34.2,49.0,20.0,61.3,31.5,($1000 X INDEX),F90,VOLATILITY/VARIANCE INDEX,OTHER FINANCIAL INSTRUMENTS,FINANCIAL INSTRUMENTS,FutOnly,12947,1421,3962,643,6475,-10213,-2345,4460,18254,630,-6,1934,657,11935,13522,1012,-575,10,16,10,12,40,7
2101121170E1F,VIX FUTURES - CBOE FUTURES EXCHANGE,2021-01-12T00:00:00.000,2021 Report Week 02,VIX FUTURES,1170E1,E,CHI,117,VOLATILITY/VARIANCE INDEX,325153,40257,17263,10400,137751,64915,22857,33631,133000,40404,14613,2864,7514,307427,299217,17726,25936,100.0,12.4,5.3,3.2,42.4,20.0,7.0,10.3,40.9,12.4,4.5,0.9,2.3,94.5,92.0,5.5,8.0,170,27,17,26,50,12,14,117,145,52.1,20.2,62.2,33.7,49.4,18.0,57.8,30.2,($1000 X INDEX),F90,VOLATILITY/VARIANCE INDEX,OTHER FINANCIAL INSTRUMENTS,FINANCIAL INSTRUMENTS,FutOnly,28327,936,-2637,1480,2542,8056,6302,4295,2677,9821,1910,-376,1039,28325,26362,2,1965,12,17,10,13,44,10
2101191170E1F,VIX FUTURES - CBOE FUTURES EXCHANGE,2021-01-19T00:00:00.000,2021 Report Week 03,VIX FUTURES,1170E1,E,CHI,117,VOLATILITY/VARIANCE INDEX,349134,41208,24700,9887,148310,65939,22836,34706,135813,46684,13729,3086,11565,328925,320510,20209,28624,100.0,11.8,7.1,2.8,42.5,18.9,6.5,9.9,38.9,13.4,3.9,0.9,3.3,94.2,91.8,5.8,8.2,175,26,13,25,58,14,12,114,148,51.0,18.9,60.8,31.7,48.5,17.2,56.8,28.4,($1000 X INDEX),F90,VOLATILITY/VARIANCE INDEX,OTHER FINANCIAL INSTRUMENTS,FINANCIAL INSTRUMENTS,FutOnly,23981,951,7437,-513,10559,1024,-21,1075,2813,6280,-884,222,4051,21498,21293,2483,2688,10,16,12,13,46,9
2101261170E1F,VIX FUTURES - CBOE FUTURES EXCHANGE,2021-01-26T00:00:00.000,2021 Report Week 04,VIX FUTURES,1170E1,E,CHI,117,VOLATILITY/VARIANCE INDEX,342508,47093,22929,8328,152727,72348,19476,35067,144238,42624,12711,2695,4742,322768,317380,19740,25128,100.0,13.7,6.7,2.4,44.6,21.1,5.7,10.2,42.1,12.4,3.7,0.8,1.4,94.2,92.7,5.8,7.3,179,34,19,28,54,10,7,114,145,55.9,19.3,64.4,33.2,53.5,18.1,61.5,30.4,($1000 X INDEX),F90,VOLATILITY/VARIANCE INDEX,OTHER FINANCIAL INSTRUMENTS,FINANCIAL INSTRUMENTS,FutOnly,-6626,5885,-1771,-1559,4417,6409,-3360,361,8425,-4060,-1018,-391,-6823,-6157,-3130,-469,-3496,10,16,16,13,38,8
2102021170E1F,VIX FUTURES - CBOE FUTURES EXCHANGE,2021-02-02T00:00:00.000,2021 Report Week 05,VIX FUTURES,1170E1,E,CHI,117,VOLATILITY/VARIANCE INDEX,318219,45129,23366,9707,135183,47392,18190,30528,135869,42708,8679,3767,8222,298346,289221,19873,28998,100.0,14.2,7.3,3.1,42.5,14.9,5.7,9.6,42.7,13.4,2.7,1.2,2.6,93.8,90.9,6.2,9.1,166,29,20,21,55,8,12,112,145,53.9,18.9,62.3,30.1,51.4,15.8,59.5,26.9,($1000 X INDEX),F90,VOLATILITY/VARIANCE INDEX,OTHER FINANCIAL INSTRUMENTS,FINANCIAL INSTRUMENTS,FutOnly,-24289,-1964,437,1379,-17544,-24956,-1286,-4539,-8369,84,-4032,1072,3480,-24422,-28159,133,3870,8,16,15,14,43,9
2102091170E1F,VIX FUTURES - CBOE FUTURES EXCHANGE,2021-02-09T00:00:00.000,2021 Report Week 06,VIX FUTURES,1170E1,E,CHI,117,VOLATILITY/VARIANCE INDEX,371861,48269,28057,10138,161474,79323,20844,43201,142515,48824,9881,3786,9785,352416,343272,19445,28589,100.0,13.0,7.5,2.7,43.4,21.3,5.6,11.6,38.3,13.1,2.7,1.0,2.6,94.8,92.3,5.2,7.7,178,31,20,28,51,12,10,120,154,54.9,17.2,62.8,29.0,52.5,14.7,59.8,25.4,($1000 X INDEX),F90,VOLATILITY/VARIANCE INDEX,OTHER FINANCIAL INSTRUMENTS,FINANCIAL INSTRUMENTS,FutOnly,53642,3140,4691,431,26291,31931,2654,12673,6646,6116,1202,19,1563,54070,54051,-428,-409,9,19,15,16,47,10
2102161170E1F,VIX FUTURES - CBOE FUTURES EXCHANGE,2021-02-16T00:00:00.000,2021 Report Week 07,VIX FUTURES,1170E1,E,CHI,117,VOLATILITY/VARIANCE INDEX,423940,57296,31799,12019,184601,90358,20546,44307,160078,60785,8891,4396,13409,401854,393390,22086,30550,100.0,13.5,7.5,2.8,43.5,21.3,4.8,10.5,37.8,14.3,2.1,1.0,3.2,94.8,92.8,5.2,7.2,180,31,20,34,51,8,11,130,154,55.1,17.2,62.7,29.7,52.8,15.8,59.0,26.4,($1000 X INDEX),F90,VOLATILITY/VARIANCE INDEX,OTHER FINANCIAL INSTRUMENTS,FINANCIAL INSTRUMENTS,FutOnly,52079,9027,3742,1881,23127,11035,-298,1106,17563,11961,-990,610,3624,49438,50118,2641,1961,12,19,12,13,54,12
2102231170E1F,VIX FUTURES - CBOE FUTURES EXCHANGE,2021-02-23T00:00:00.000,2021 Report Week 08,VIX FUTURES,1170E1,E,CHI,117,VOLATILITY/VARIANCE INDEX,392604,61341,25210,7031,181148,81881,20371,29643,160579,52534,8306,3573,10503,370877,361682,21727,30922,100.0,15.6,6.4,1.8,46.1,20.9,5.2,7.6,40.9,13.4,2.1,0.9,2.7,94.5,92.1,5.5,7.9,175,28,16,29,54,7,11,124,152,59.0,17.7,66.5,31.1,55.9,15.9,61.7,27.8,($1000 X INDEX),F90,VOLATILITY/VARIANCE INDEX,OTHER FINANCIAL INSTRUMENTS,FINANCIAL INSTRUMENTS,FutOnly,-31336,4045,-6589,-4988,-3453,-8477,-175,-14664,501,-8251,-585,-823,-2906,-30977,-31708,-359,372,9,17,16,14,57,10
2103021170E1F,VIX FUTURES - CBOE FUTURES EXCHANGE,2021-03-02T00:00:00.000,2021 Report Week 09,VIX FUTURES,1170E1,E,CHI,117,VOLATILITY/VARIANCE INDEX,386381,63456,24687,4873,160697,61061,19324,23952,156398,74678,7445,3967,10809,365234,355797,21147,30584,100.0,16.4,6.4,1.3,41.6,15.8,5.0,6.2,40.5,19.3,1.9,1.0,2.8,94.5,92.1,5.5,7.9,165,28,16,22,54,5,11,117,146,55.0,23.5,64.1,36.6,50.8,17.4,56.9,28.4,($1000 X INDEX),F90,VOLATILITY/VARIANCE INDEX,OTHER FINANCIAL INSTRUMENTS,FINANCIAL INSTRUMENTS,FutOnly,-6223,2115,-523,-2158,-20451,-20820,-1047,-5691,-4181,22144,-861,394,306,-5643,-5885,-580,-338,10,15,11,15,56,11
2103091170E1F,VIX FUTURES - CBOE FUTURES EXCHANGE,2021-03-09T00:00:00.000,2021 Report Week 10,VIX FUTURES,1170E1,E,CHI,117,VOLATILITY/VARIANCE INDEX,395630,62882,21842,7540,150033,57169,18234,28419,154828,89224,8233,3808,12017,376582,364662,19048,30968,100.0,15.9,5.5,1.9,37.9,14.5,4.6,7.2,39.1,22.6,2.1,1.0,3.0,95.2,92.2,4.8,7.8,172,28,18,28,53,6,13,126,150,50.4,23.2,60.9,36.0,46.1,16.8,53.7,27.1,($1000 X INDEX),F90,VOLATILITY/VARIANCE INDEX,OTHER FINANCIAL INSTRUMENTS,FINANCIAL INSTRUMENTS,FutOnly,9249,-574,-2845,2667,-10664,-3892,-1090,4467,-1570,14546,788,-159,1208,11348,8865,-2099,384,9,15,13,13,58,11
2103161170E1F,VIX FUTURES - CBOE FUTURES EXCHANGE,2021-03-16T00:00:00.000,2021 Report Week 11,VIX FUTURES,1170E1,E,CHI,117,VOLATILITY/VARIANCE INDEX,412533,59579,25370,13608,144201,65680,23567,37399,145203,89844,8754,3654,13297,390249,380223,22284,32310,100.0,14.4,6.1,3.3,35.0,15.9,5.7,9.1,35.2,21.8,2.1,0.9,3.2,94.6,92.2,5.4,7.8,190,30,20,38,49,8,13,145,158,43.8,21.5,55.1,33.9,39.8,14.9,48.2,25.6,($1000 X INDEX),F90,VOLATILITY/VARIANCE INDEX,OTHER FINANCIAL INSTRUMENTS,FINANCIAL INSTRUMENTS,FutOnly,16903,-3303,3528,6068,-5832,8511,5333,8980,-9625,620,521,-154,1280,13667,15561,3236,1342,13,19,11,20,61,11
2103231170E1F,VIX FUTURES - CBOE FUTURES EXCHANGE,2021-03-23T00:00:00.000,2021 Report Week 12,VIX FUTURES,1170E1,E,CHI,117,VOLATILITY/VARIANCE INDEX,384390,60099,23513,6935,145302,70691,23692,32122,138329,70866,6116,3051,7640,352772,344717,31618,39673,100.0,15.6,6.1,1.8,37.8,18.4,6.2,8.4,36.0,18.4,1.6,0.8,2.0,91.8,89.7,8.2,10.3,171,31,20,34,44,7,10,121,142,47.2,22.5,60.1,36.3,42.2,16.1,52.6,28.1,($1000 X INDEX),F90,VOLATILITY/VARIANCE INDEX,OTHER FINANCIAL INSTRUMENTS,FINANCIAL INSTRUMENTS,FutOnly,-28143,520,-1857,-6673,1101,5011,125,-5277,-6874,-18978,-2638,-603,-5657,-37477,-35506,9334,7363,12,15,12,16,47,9
2103301170E1F,VIX FUTURES - CBOE FUTURES EXCHANGE,2021-03-30T00:00:00.000,2021 Report Week 13,VIX FUTURES,1170E1,E,CHI,117,VOLATILITY/VARIANCE INDEX,358072,58225,20794,8381,140680,72632,26227,27262,127330,64391,6208,3750,7177,338551,330682,19521,27390,100.0,16.3,5.8,2.3,39.3,20.3,7.3,7.6,35.6,18.0,1.7,1.0,2.0,94.5,92.4,5.5,7.6,166,34,23,26,46,7,11,120,143,47.7,19.8,62.5,33.7,43.2,15.5,55.3,27.3,($1000 X INDEX),F90,VOLATILITY/VARIANCE INDEX,OTHER FINANCIAL INSTRUMENTS,FINANCIAL INSTRUMENTS,FutOnly,-26318,-1874,-2719,1446,-4622,1941,2535,-4860,-10999,-6475,92,699,-463,-14221,-14035,-12097,-12283,12,17,10,15,46,8
2104061170E1F,VIX FUTURES - CBOE FUTURES EXCHANGE,2021-04-06T00:00:00.000,2021 Report Week 14,VIX FUTURES,1170E1,E,CHI,117,VOLATILITY/VARIANCE INDEX,364274,64803,18937,8298,134013,80641,28668,31125,122012,62790,5779,4247,8742,344218,334335,20056,29939,100.0,17.8,5.2,2.3,36.8,22.1,7.9,8.5,33.5,17.2,1.6,1.2,2.4,94.5,91.8,5.5,8.2,165,31,22,29,45,5,11,117,138,46.6,20.8,61.5,35.0,41.8,16.5,54.1,27.9,($1000 X INDEX),F90,VOLATILITY/VARIANCE INDEX,OTHER FINANCIAL INSTRUMENTS,FINANCIAL INSTRUMENTS,FutOnly,6202,6578,-1857,-83,-6667,8009,2441,3863,-5318,-1601,-429,497,1565,5667,3653,535,2549,11,15,11,16,42,9
2104131170E1F,VIX FUTURES - CBOE FUTURES EXCHANGE,2021-04-13T00:00:00.000,2021 Report Week 15,VIX FUTURES,1170E1,E,CHI,117,VOLATILITY/VARIANCE INDEX,377165,69583,16152,10885,121998,84523,29993,39498,127142,65665,5721,3639,12920,356263,350919,20902,26246,100.0,18.4,4.3,2.9,32.3,22.4,8.0,10.5,33.7,17.4,1.5,1.0,3.4,94.5,93.0,5.5,7.0,182,34,22,30,54,5,13,125,157,43.2,18.6,55.3,32.9,39.6,16.0,49.3,27.7,($1000 X INDEX),F90,VOLATILITY/VARIANCE INDEX,OTHER FINANCIAL INSTRUMENTS,FINANCIAL INSTRUMENTS,FutOnly,12891,4780,-2785,2587,-12015,3882,1325,8373,5130,2875,-58,-608,4178,12045,16584,846,-3693,13,17,11,13,48,12
2104201170E1F,VIX FUTURES - CBOE FUTURES EXCHANGE,2021-04-20T00:00:00.000,2021 Report Week 16,VIX FUTURES,1170E1,E,CHI,117,VOLATILITY/VARIANCE INDEX,384254,73212,18315,14356,111188,83628,35474,50784,128555,61739,6412,4496,10473,363638,357036,20616,27218,100.0,19.1,4.8,3.7,28.9,21.8,9.2,13.2,33.5,16.1,1.7,1.2,2.7,94.6,92.9,5.4,7.1,177,33,22,33,47,7,10,122,155,42.6,18.6,52.7,32.9,39.5,16.8,48.1,28.0,($1000 X INDEX),F90,VOLATILITY/VARIANCE INDEX,OTHER FINANCIAL INSTRUMENTS,FINANCIAL INSTRUMENTS,FutOnly,7089,3629,2163,3471,-10810,-895,5481,11286,1413,-3926,691,857,-2447,7375,6117,-286,972,12,16,11,14,52,11
2104271170E1F,VIX FUTURES - CBOE FUTURES EXCHANGE,2021-04-27T00:00:00.000,2021 Report Week 17,VIX FUTURES,1170E1,E,CHI,117,VOLATILITY/VARIANCE INDEX,353947,70505,19193,10467,116714,81277,34690,34629,118786,54527,7106,3355,5073,333711,327368,20236,26579,100.0,19.9,5.4,3.0,33.0,23.0,9.8,9.8,33.6,15.4,2.0,0.9,1.4,94.3,92.5,5.7,7.5,169,29,21,28,48,7,9,117,148,43.1,18.8,55.5,33.4,39.6,16.7,49.4,28.7,($1000 X INDEX),F90,VOLATILITY/VARIANCE INDEX,OTHER FINANCIAL INSTRUMENTS,FINANCIAL INSTRUMENTS,FutOnly,-30307,-2707,878,-3889,5526,-2351,-784,-16155,-9769,-7212,694,-1141,-5400,-29927,-29668,-380,-639,13,17,11,17,49,9
2105041170E1F,VIX FUTURES - CBOE FUTURES EXCHANGE,2021-05-04T00:00:00.000,2021 Report Week 18,VIX FUTURES,1170E1,E,CHI,117,VOLATILITY/VARIANCE INDEX,360117,74224,13519,12739,125343,86571,30900,31006,121427,55274,5834,4219,4388,339708,329037,20409,31080,100.0,20.6,3.8,3.5,34.8,24.0,8.6,8.6,33.7,15.3,1.6,1.2,1.2,94.3,91.4,5.7,8.6,164,32,24,24,48,5,6,115,143,44.6,18.7,56.6,32.2,41.3,16.4,52.1,27.9,($1000 X INDEX),F90,VOLATILITY/VARIANCE INDEX,OTHER FINANCIAL INSTRUMENTS,FINANCIAL INSTRUMENTS,FutOnly,6170,3719,-5674,2272,8629,5294,-3790,-3623,2641,747,-1272,864,-685,5997,1669,173,4501,13,16,8,19,48,6
2105111170E1F,VIX FUTURES - CBOE FUTURES EXCHANGE,2021-05-11T00:00:00.000,2021 Report Week 19,VIX FUTURES,1170E1,E,CHI,117,VOLATILITY/VARIANCE INDEX,363554,69434,16549,12312,122889,67517,29245,26200,127323,65493,6009,4845,9444,341026,332728,22528,30826,100.0,19.1,4.6,3.4,33.8,18.6,8.0,7.2,35.0,18.0,1.7,1.3,2.6,93.8,91.5,6.2,8.5,161,33,27,21,47,5,8,113,143,41.7,19.4,54.6,32.5,38.3,15.1,49.1,25.1,($1000 X INDEX),F90,VOLATILITY/VARIANCE INDEX,OTHER FINANCIAL INSTRUMENTS,FINANCIAL INSTRUMENTS,FutOnly,3437,-4790,3030,-427,-2454,-19054,-1655,-4806,5896,10219,175,626,5056,1318,3691,2119,-254,11,16,11,21,44,6
2105181170E1F,VIX FUTURES - CBOE FUTURES EXCHANGE,2021-05-18T00:00:00.000,2021 Report Week 20,VIX FUTURES,1170E1,E,CHI,117,VOLATILITY/VARIANCE INDEX,349109,56820,17685,17445,112133,60290,26605,27796,111293,69488,5757,3878,14265,330309,320949,18800,28160,100.0,16.3,5.1,5.0,32.1,17.3,7.6,8.0,31.9,19.9,1.6,1.1,4.1,94.6,91.9,5.4,8.1,168,26,19,24,44,5,10,116,147,38.9,19.2,51.4,30.7,35.3,15.2,44.7,24.4,($1000 X INDEX),F90,VOLATILITY/VARIANCE INDEX,OTHER FINANCIAL INSTRUMENTS,FINANCIAL INSTRUMENTS,FutOnly,-14445,-12614,1136,5133,-10756,-7227,-2640,1596,-16030,3995,-252,-967,4821,-10717,-11779,-3728,-2666,13,19,14,22,47,11
2105251170E1F,VIX FUTURES - CBOE FUTURES EXCHANGE,2021-05-25T00:00:00.000,2021 Report Week 21,VIX FUTURES,1170E1,E,CHI,117,VOLATILITY/VARIANCE INDEX,337190,56415,20540,11328,118988,68357,31585,29476,110216,53449,5295,4073,9602,316138,309150,21052,28040,100.0,16.7,6.1,3.4,35.3,20.3,9.4,8.7,32.7,15.9,1.6,1.2,2.8,93.8,91.7,6.2,8.3,167,29,21,27,39,4,12,114,148,42.9,19.6,54.2,33.0,39.0,16.7,48.2,28.7,($1000 X INDEX),F90,VOLATILITY/VARIANCE INDEX,OTHER FINANCIAL INSTRUMENTS,FINANCIAL INSTRUMENTS,FutOnly,-11919,-405,2855,-6117,6855,8067,4980,1680,-1077,-16039,-462,195,-4663,-14171,-11799,2252,-120,13,15,11,21,47,14
2106011170E1F,VIX FUTURES - CBOE FUTURES EXCHANGE,2021-06-01T00:00:00.000,2021 Report Week 22,VIX FUTURES,1170E1,E,CHI,117,VOLATILITY/VARIANCE INDEX,334983,59146,18458,11257,112024,82855,31245,32830,100361,57336,5102,2215,5307,314247,309034,20736,25949,100.0,17.7,5.5,3.4,33.4,24.7,9.3,9.8,30.0,17.1,1.5,0.7,1.6,93.8,92.3,6.2,7.7,164,33,22,29,42,,9,115,144,43.8,21.5,55.9,35.0,39.8,17.3,48.5,28.2,($1000 X INDEX),F90,VOLATILITY/VARIANCE INDEX,OTHER FINANCIAL INSTRUMENTS,FINANCIAL INSTRUMENTS,FutOnly,-2207,2731,-2082,-71,-6964,14498,-340,3354,-9855,3887,-193,-1858,-4295,-1891,-116,-316,-2091,12,17,12,17,47,7
2106081170E1F,VIX FUTURES - CBOE FUTURES EXCHANGE,2021-06-08T00:00:00.000,2021 Report Week 23,VIX FUTURES,1170E1,E,CHI,117,VOLATILITY/VARIANCE INDEX,352516,57972,15845,13620,103964,88883,31017,43812,96561,66560,6363,2819,8419,331727,323724,20789,28792,100.0,16.4,4.5,3.9,29.5,25.2,8.8,12.4,27.4,18.9,1.8,0.8,2.4,94.1,91.8,5.9,8.2,175,34,22,36,45,5,11,127,151,40.4,21.2,53.0,34.1,35.4,16.4,44.3,25.8,($1000 X INDEX),F90,VOLATILITY/VARIANCE INDEX,OTHER FINANCIAL INSTRUMENTS,FINANCIAL INSTRUMENTS,FutOnly,17533,-1174,-2613,2363,-8060,6028,-228,10982,-3800,9224,1261,604,3112,17480,14690,53,2843,13,16,9,16,54,8
2106151170E1F,VIX FUTURES - CBOE FUTURES EXCHANGE,2021-06-15T00:00:00.000,2021 Report Week 24,VIX FUTURES,1170E1,E,CHI,117,VOLATILITY/VARIANCE INDEX,356803,56870,22024,14096,108952,89354,34710,40672,95114,62304,6810,2933,10821,335235,331356,21568,25447,100.0,15.9,6.2,4.0,30.5,25.0,9.7,11.4,26.7,17.5,1.9,0.8,3.0,94.0,92.9,6.0,7.1,175,34,23,29,50,7,11,122,156,40.8,19.1,52.9,31.6,36.3,15.3,45.1,24.3,($1000 X INDEX),F90,VOLATILITY/VARIANCE INDEX,OTHER FINANCIAL INSTRUMENTS,FINANCIAL INSTRUMENTS,FutOnly,4287,-1102,6179,476,4988,471,3693,-3140,-1447,-4256,447,114,2402,3508,7632,779,-3345,14,17,10,15,52,8
2106221170E1F,VIX FUTURES - CBOE FUTURES EXCHANGE,2021-06-22T00:00:00.000,2021 Report Week 25,VIX FUTURES,1170E1,E,CHI,117,VOLATILITY/VARIANCE INDEX,317297,52570,17176,10480,101259,82086,34553,31151,86342,53257,7522,2727,4249,295041,290870,22256,26427,100.0,16.6,5.4,3.3,31.9,25.9,10.9,9.8,27.2,16.8,2.4,0.9,1.3,93.0,91.7,7.0,8.3,161,33,22,28,46,4,7,109,146,44.8,21.2,55.4,34.8,40.1,16.2,47.0,25.4,($1000 X INDEX),F90,VOLATILITY/VARIANCE INDEX,OTHER FINANCIAL INSTRUMENTS,FINANCIAL INSTRUMENTS,FutOnly,-39506,-4300,-4848,-3616,-7693,-7268,-157,-9521,-8772,-9047,712,-206,-6572,-40194,-40486,688,980,12,18,11,13,47,7
2106291170E1F,VIX FUTURES - CBOE FUTURES EXCHANGE,2021-06-29T00:00:00.000,2021 Report Week 26,VIX FUTURES,1170E1,E,CHI,117,VOLATILITY/VARIANCE INDEX,327935,53205,18578,11062,108751,82461,33515,36072,97036,52022,7303,2440,5204,307134,302318,20801,25617,100.0,16.2,5.7,3.4,33.2,25.1,10.2,11.0,29.6,15.9,2.2,0.7,1.6,93.7,92.2,6.3,7.8,176,34,22,33,48,7,11,124,149,45.7,21.5,55.6,34.0,40.9,16.6,47.4,27.1,($1000 X INDEX),F90,VOLATILITY/VARIANCE INDEX,OTHER FINANCIAL INSTRUMENTS,FINANCIAL INSTRUMENTS,FutOnly,10638,635,1402,582,7492,375,-1038,4921,10694,-1235,-219,-287,955,12093,11448,-1455,-810,12,19,12,15,45,7
2107061170E1F,VIX FUTURES - CBOE FUTURES EXCHANGE,2021-07-06T00:00:00.000,2021 Report Week 27,VIX FUTURES,1170E1,E,CHI,117,VOLATILITY/VARIANCE INDEX,341157,57409,19115,11162,111073,86583,35864,38847,100735,53601,5893,2176,4429,318278,313665,22879,27492,100.0,16.8,5.6,3.3,32.6,25.4,10.5,11.4,29.5,15.7,1.7,0.6,1.3,93.3,91.9,6.7,8.1,180,34,24,37,49,6,10,129,153,45.0,22.8,54.9,34.7,40.6,17.1,47.2,25.9,($1000 X INDEX),F90,VOLATILITY/VARIANCE INDEX,OTHER FINANCIAL INSTRUMENTS,FINANCIAL INSTRUMENTS,FutOnly,13222,4204,537,100,2322,4122,2349,2775,3699,1579,-1410,-264,-775,11144,11347,2078,1875,14,19,11,15,49,6
2107131170E1F,VIX FUTURES - CBOE FUTURES EXCHANGE,2021-07-13T00:00:00.000,2021 Report Week 28,VIX FUTURES,1170E1,E,CHI,117,VOLATILITY/VARIANCE INDEX,322134,53431,19916,10716,103259,70306,30103,35441,96497,56879,4902,2464,6382,301113,293263,21021,28871,100.0,16.6,6.2,3.3,32.1,21.8,9.3,11.0,30.0,17.7,1.5,0.8,2.0,93.5,91.0,6.5,9.0,169,30,26,33,46,,9,121,150,43.3,21.4,53.2,32.9,39.3,17.5,46.1,26.1,($1000 X INDEX),F90,VOLATILITY/VARIANCE INDEX,OTHER FINANCIAL INSTRUMENTS,FINANCIAL INSTRUMENTS,FutOnly,-19023,-3978,801,-446,-7814,-16277,-5761,-3406,-4238,3278,-991,288,1953,-17165,-20402,-1858,1379,12,18,14,17,49,8
2107201170E1F,VIX FUTURES - CBOE FUTURES EXCHANGE,2021-07-20T00:00:00.000,2021 Report Week 29,VIX FUTURES,1170E1,E,CHI,117,VOLATILITY/VARIANCE INDEX,324704,54334,22008,15221,104649,58688,29228,26995,99728,56577,4904,1501,12755,304663,295706,20041,28998,100.0,16.7,6.8,4.7,32.2,18.1,9.0,8.3,30.7,17.4,1.5,0.5,3.9,93.8,91.1,6.2,8.9,164,25,22,29,48,5,12,123,143,41.4,17.2,51.6,31.2,38.2,15.5,45.4,24.4,($1000 X INDEX),F90,VOLATILITY/VARIANCE INDEX,OTHER FINANCIAL INSTRUMENTS,FINANCIAL INSTRUMENTS,FutOnly,2570,903,2092,4505,1390,-11618,-875,-8446,3231,-302,2,-963,6373,3550,2443,-980,127,14,18,13,15,50,6
2107271170E1F,VIX FUTURES - CBOE FUTURES EXCHANGE,2021-07-27T00:00:00.000,2021 Report Week 30,VIX FUTURES,1170E1,E,CHI,117,VOLATILITY/VARIANCE INDEX,302318,54749,18828,9788,107839,70511,24399,23282,90285,54579,4562,2833,4068,283266,275291,19052,27027,100.0,18.1,6.2,3.2,35.7,23.3,8.1,7.7,29.9,18.1,1.5,0.9,1.3,93.7,91.1,6.3,8.9,154,28,20,22,45,,7,103,129,45.2,20.8,55.7,34.7,41.7,17.9,49.2,27.8,($1000 X INDEX),F90,VOLATILITY/VARIANCE INDEX,OTHER FINANCIAL INSTRUMENTS,FINANCIAL INSTRUMENTS,FutOnly,-22386,415,-3180,-5433,3190,11823,-4829,-3713,-9443,-1998,-342,1332,-8687,-21397,-20415,-989,-1971,13,14,12,18,37,7
2108031170E1F,VIX FUTURES - CBOE FUTURES EXCHANGE,2021-08-03T00:00:00.000,2021 Report Week 31,VIX FUTURES,1170E1,E,CHI,117,VOLATILITY/VARIANCE INDEX,312851,51544,19349,9071,109992,68411,26896,26005,95212,57047,4684,1337,5173,290412,282496,22439,30355,100.0,16.5,6.2,2.9,35.2,21.9,8.6,8.3,30.4,18.2,1.5,0.4,1.7,92.8,90.3,7.2,9.7,153,31,24,25,43,,7,105,132,43.5,20.8,54.4,33.2,40.1,16.5,46.8,25.7,($1000 X INDEX),F90,VOLATILITY/VARIANCE INDEX,OTHER FINANCIAL INSTRUMENTS,FINANCIAL INSTRUMENTS,FutOnly,10533,-3205,521,-717,2153,-2100,2497,2723,4927,2468,122,-1496,1105,7146,7205,3387,3328,13,14,9,18,39,5
2108101170E1F,VIX FUTURES - CBOE FUTURES EXCHANGE,2021-08-10T00:00:00.000,2021 Report Week 32,VIX FUTURES,1170E1,E,CHI,117,VOLATILITY/VARIANCE INDEX,313197,53441,19605,11329,106618,82556,29356,32159,88159,46783,6657,2325,5151,291494,285264,21703,27933,100.0,17.1,6.3,3.6,34.0,26.4,9.4,10.3,28.1,14.9,2.1,0.7,1.6,93.1,91.1,6.9,8.9,160,32,23,29,42,4,7,107,135,44.4,20.3,54.0,32.7,40.3,17.7,46.2,26.9,($1000 X INDEX),F90,VOLATILITY/VARIANCE INDEX,OTHER FINANCIAL INSTRUMENTS,FINANCIAL INSTRUMENTS,FutOnly,346,1897,256,2258,-3374,14145,2460,6154,-7053,-10264,1973,988,-22,1082,2768,-736,-2422,15,17,11,16,35,7
2108171170E1F,VIX FUTURES - CBOE FUTURES EXCHANGE,2021-08-17T00:00:00.000,2021 Report Week 33,VIX FUTURES,1170E1,E,CHI,117,VOLATILITY/VARIANCE INDEX,319321,55967,18453,12803,108571,98183,26534,38639,82404,45903,5398,4483,6021,299836,294784,19485,24537,100.0,17.5,5.8,4.0,34.0,30.7,8.3,12.1,25.8,14.4,1.7,1.4,1.9,93.9,92.3,6.1,7.7,184,34,22,38,45,5,9,127,151,44.6,19.2,53.4,31.6,41.2,18.6,47.5,28.6,($1000 X INDEX),F90,VOLATILITY/VARIANCE INDEX,OTHER FINANCIAL INSTRUMENTS,FINANCIAL INSTRUMENTS,FutOnly,6124,2526,-1152,1474,1953,15627,-2822,6480,-5755,-880,-1259,2158,870,8342,9520,-2218,-3396,17,17,12,16,46,10
2108241170E1F,VIX FUTURES - CBOE FUTURES EXCHANGE,2021-08-24T00:00:00.000,2021 Report Week 34,VIX FUTURES,1170E1,E,CHI,117,VOLATILITY/VARIANCE INDEX,290283,49743,14749,12530,103696,84729,26612,28007,79704,37391,7167,2869,4314,269460,262898,20823,27385,100.0,17.1,5.1,4.3,35.7,29.2,9.2,9.6,27.5,12.9,2.5,1.0,1.5,92.8,90.6,7.2,9.4,172,36,24,31,41,5,7,117,146,46.0,19.4,54.2,32.5,42.3,18.9,48.3,29.0,($1000 X INDEX),F90,VOLATILITY/VARIANCE INDEX,OTHER FINANCIAL INSTRUMENTS,FINANCIAL INSTRUMENTS,FutOnly,-29038,-6224,-3704,-273,-4875,-13454,78,-10632,-2700,-8512,1769,-1614,-1707,-30376,-31886,1338,2848,13,21,13,16,39,9
2108311170E1F,VIX FUTURES - CBOE FUTURES EXCHANGE,2021-08-31T00:00:00.000,2021 Report Week 35,VIX FUTURES,1170E1,E,CHI,117,VOLATILITY/VARIANCE INDEX,311908,59535,13320,12483,108051,96441,26418,40440,93244,30580,6437,3764,6676,290620,282926,21288,28982,100.0,19.1,4.3,4.0,34.6,30.9,8.5,13.0,29.9,9.8,2.1,1.2,2.1,93.2,90.7,6.8,9.3,177,39,27,33,39,6,8,122,150,47.4,19.1,54.4,31.6,43.7,18.5,49.8,30.1,($1000 X INDEX),F90,VOLATILITY/VARIANCE INDEX,OTHER FINANCIAL INSTRUMENTS,FINANCIAL INSTRUMENTS,FutOnly,21625,9792,-1429,-47,4355,11712,-194,12433,13540,-6811,-730,895,2362,21160,20028,465,1597,14,21,12,16,39,10
2109071170E1F,VIX FUTURES - CBOE FUTURES EXCHANGE,2021-09-07T00:00:00.000,2021 Report Week 36,VIX FUTURES,1170E1,E,CHI,117,VOLATILITY/VARIANCE INDEX,323430,59213,14218,10719,114247,96717,26965,37683,95384,37966,5954,4375,9533,302280,295877,21150,27553,100.0,18.3,4.4,3.3,35.3,29.9,8.3,11.7,29.5,11.7,1.8,1.4,2.9,93.5,91.5,6.5,8.5,184,38,26,30,45,7,12,125,157,47.2,18.8,55.1,30.7,43.8,18.3,50.4,28.7,($1000 X INDEX),F90,VOLATILITY/VARIANCE INDEX,OTHER FINANCIAL INSTRUMENTS,FINANCIAL INSTRUMENTS,FutOnly,11522,-322,898,-1764,6196,276,547,-2757,2140,7386,-483,611,2857,11660,12951,-138,-1429,14,21,11,17,39,13
2109141170E1F,VIX FUTURES - CBOE FUTURES EXCHANGE,2021-09-14T00:00:00.000,2021 Report Week 37,VIX FUTURES,1170E1,E,CHI,117,VOLATILITY/VARIANCE INDEX,325683,55998,17783,13758,113899,80671,28346,30287,93095,47438,5881,7767,10809,306416,299667,19267,26016,100.0,17.2,5.5,4.2,35.0,24.8,8.7,9.3,28.6,14.6,1.8,2.4,3.3,94.1,92.0,5.9,8.0,177,35,27,25,47,5,12,123,154,46.4,17.9,55.9,28.4,42.6,16.5,50.2,25.4,($1000 X INDEX),F90,VOLATILITY/VARIANCE INDEX,OTHER FINANCIAL INSTRUMENTS,FINANCIAL INSTRUMENTS,FutOnly,2253,-3215,3565,3039,-348,-16046,1381,-7396,-2289,9472,-73,3392,1276,4136,3790,-1883,-1537,10,21,15,17,40,14
2109211170E1F,VIX FUTURES - CBOE FUTURES EXCHANGE,2021-09-21T00:00:00.000,2021 Report Week 38,VIX FUTURES,1170E1,E,CHI,117,VOLATILITY/VARIANCE INDEX,323316,53203,25639,10236,117472,61172,26715,25534,100536,53718,5001,8204,9233,301112,295453,22204,27863,100.0,16.5,7.9,3.2,36.3,18.9,8.3,7.9,31.1,16.6,1.5,2.5,2.9,93.1,91.4,6.9,8.6,180,36,27,28,46,4,10,123,156,44.9,16.7,57.2,27.7,42.5,15.7,51.1,23.2,($1000 X INDEX),F90,VOLATILITY/VARIANCE INDEX,OTHER FINANCIAL INSTRUMENTS,FINANCIAL INSTRUMENTS,FutOnly,-2367,-2795,7856,-3522,3573,-19499,-1631,-4753,7441,6280,-880,437,-1576,-5304,-4214,2937,1847,10,17,17,15,45,12
2109281170E1F,VIX FUTURES - CBOE FUTURES EXCHANGE,2021-09-28T00:00:00.000,2021 Report Week 39,VIX FUTURES,1170E1,E,CHI,117,VOLATILITY/VARIANCE INDEX,311415,54707,25306,9593,101139,58803,30727,28937,90130,51504,4336,9179,6343,287286,281585,24129,29830,100.0,17.6,8.1,3.1,32.5,18.9,9.9,9.3,28.9,16.5,1.4,2.9,2.0,92.3,90.4,7.7,9.6,175,38,27,25,46,,8,122,154,45.5,17.8,55.4,29.4,41.4,16.6,48.3,24.6,($1000 X INDEX),F90,VOLATILITY/VARIANCE INDEX,OTHER FINANCIAL INSTRUMENTS,FINANCIAL INSTRUMENTS,FutOnly,-11901,1504,-333,-643,-16333,-2369,4012,3403,-10406,-2214,-665,975,-2890,-13826,-13868,1925,1967,12,16,13,12,50,12
2110051170E1F,VIX FUTURES - CBOE FUTURES EXCHANGE,2021-10-05T00:00:00.000,2021 Report Week 40,VIX FUTURES,1170E1,E,CHI,117,VOLATILITY/VARIANCE INDEX,307664,53785,22165,12974,95952,58134,33977,27123,90016,48008,4800,5035,8515,285134,278824,22530,28840,100.0,17.5,7.2,4.2,31.2,18.9,11.0,8.8,29.3,15.6,1.6,1.6,2.8,92.7,90.6,7.3,9.4,172,35,29,25,43,5,11,129,151,44.5,17.4,54.0,29.6,40.2,15.9,45.8,24.3,($1000 X INDEX),F90,VOLATILITY/VARIANCE INDEX,OTHER FINANCIAL INSTRUMENTS,FINANCIAL INSTRUMENTS,FutOnly,-3751,-922,-3141,3381,-5187,-669,3250,-1814,-114,-3496,464,-4144,2172,-2152,-2761,-1599,-990,16,19,12,14,49,11
2110121170E1F,VIX FUTURES - CBOE FUTURES EXCHANGE,2021-10-12T00:00:00.000,2021 Report Week 41,VIX FUTURES,1170E1,E,CHI,117,VOLATILITY/VARIANCE INDEX,329905,54416,23440,12542,97899,81128,32089,37393,80298,56893,6675,3669,11280,309187,301339,20718,28566,100.0,16.5,7.1,3.8,29.7,24.6,9.7,11.3,24.3,17.2,2.0,1.1,3.4,93.7,91.3,6.3,8.7,182,35,25,32,44,9,12,141,153,43.5,19.2,52.7,31.2,39.3,18.2,45.2,27.1,($1000 X INDEX),F90,VOLATILITY/VARIANCE INDEX,OTHER FINANCIAL INSTRUMENTS,FINANCIAL INSTRUMENTS,FutOnly,22241,631,1275,-432,1947,22994,-1888,10270,-9718,8885,1875,-1366,2765,24053,22515,-1812,-274,15,21,12,13,54,11
2110191170E1F,VIX FUTURES - CBOE FUTURES EXCHANGE,2021-10-19T00:00:00.000,2021 Report Week 42,VIX FUTURES,1170E1,E,CHI,117,VOLATILITY/VARIANCE INDEX,361391,62107,20397,11260,103193,103282,31149,49695,87110,61981,7452,4819,11864,338701,331862,22690,29529,100.0,17.2,5.6,3.1,28.6,28.6,8.6,13.8,24.1,17.2,2.1,1.3,3.3,93.7,91.8,6.3,8.2,189,33,26,42,43,11,13,137,157,42.8,22.0,51.4,33.4,39.2,22.0,44.5,30.4,($1000 X INDEX),F90,VOLATILITY/VARIANCE INDEX,OTHER FINANCIAL INSTRUMENTS,FINANCIAL INSTRUMENTS,FutOnly,31486,7691,-3043,-1282,5294,22154,-940,12302,6812,5088,777,1150,584,29514,30523,1972,963,15,16,10,15,50,13
2110261170E1F,VIX FUTURES - CBOE FUTURES EXCHANGE,2021-10-26T00:00:00.000,2021 Report Week 43,VIX FUTURES,1170E1,E,CHI,117,VOLATILITY/VARIANCE INDEX,337252,66767,17666,10410,113207,116452,27660,46657,86430,40146,6048,4197,6691,317586,309652,19666,27600,100.0,19.8,5.2,3.1,33.6,34.5,8.2,13.8,25.6,11.9,1.8,1.2,2.0,94.2,91.8,5.8,8.2,175,34,22,30,47,8,12,120,144,49.8,25.2,58.9,37.3,47.1,25.1,54.0,36.3,($1000 X INDEX),F90,VOLATILITY/VARIANCE INDEX,OTHER FINANCIAL INSTRUMENTS,FINANCIAL INSTRUMENTS,FutOnly,-24139,4660,-2731,-850,10014,13170,-3489,-3038,-680,-21835,-1404,-622,-5173,-21115,-22210,-3024,-1929,12,14,12,15,41,11
2111021170E1F,VIX FUTURES - CBOE FUTURES EXCHANGE,2021-11-02T00:00:00.000,2021 Report Week 44,VIX FUTURES,1170E1,E,CHI,117,VOLATILITY/VARIANCE INDEX,353549,66673,17623,14321,112246,125770,30400,51928,87507,38900,7238,3589,6070,327776,324180,25773,29369,100.0,18.9,5.0,4.1,31.7,35.6,8.6,14.7,24.8,11.0,2.0,1.0,1.7,92.7,91.7,7.3,8.3,179,34,25,35,46,7,11,124,148,48.0,25.5,57.2,37.8,45.4,25.5,52.2,35.8,($1000 X INDEX),F90,VOLATILITY/VARIANCE INDEX,OTHER FINANCIAL INSTRUMENTS,FINANCIAL INSTRUMENTS,FutOnly,16297,-94,-43,3911,-961,9318,2740,5271,1077,-1246,1190,-608,-621,10190,14528,6107,1769,14,16,12,13,41,9
2111091170E1F,VIX FUTURES - CBOE FUTURES EXCHANGE,2021-11-09T00:00:00.000,2021 Report Week 45,VIX FUTURES,1170E1,E,CHI,117,VOLATILITY/VARIANCE INDEX,348553,64277,21159,16748,118280,101630,31406,42920,94792,41270,5869,5641,4749,325519,317395,23034,31158,100.0,18.4,6.1,4.8,33.9,29.2,9.0,12.3,27.2,11.8,1.7,1.6,1.4,93.4,91.1,6.6,8.9,176,33,25,29,46,7,11,122,152,47.2,20.6,57.8,32.0,44.6,20.3,53.2,29.6,($1000 X INDEX),F90,VOLATILITY/VARIANCE INDEX,OTHER FINANCIAL INSTRUMENTS,FINANCIAL INSTRUMENTS,FutOnly,-4996,-2396,3536,2427,6034,-24140,1006,-9008,7285,2370,-1369,2052,-1321,-2257,-6785,-2739,1789,10,20,16,17,42,11
2111161170E1F,VIX FUTURES - CBOE FUTURES EXCHANGE,2021-11-16T00:00:00.000,2021 Report Week 46,VIX FUTURES,1170E1,E,CHI,117,VOLATILITY/VARIANCE INDEX,329850,61154,20244,17694,105974,79947,30159,33283,90547,48921,6213,4700,6516,309914,298728,19936,31122,100.0,18.5,6.1,5.4,32.1,24.2,9.1,10.1,27.5,14.8,1.9,1.4,2.0,94.0,90.6,6.0,9.4,174,34,25,25,52,8,10,120,150,46.5,17.8,56.8,29.2,43.5,17.2,51.2,26.1,($1000 X INDEX),F90,VOLATILITY/VARIANCE INDEX,OTHER FINANCIAL INSTRUMENTS,FINANCIAL INSTRUMENTS,FutOnly,-18703,-3123,-915,946,-12306,-21683,-1247,-9637,-4245,7651,344,-941,1767,-15605,-18667,-3098,-36,11,16,12,14,45,13
2111231170E1F,VIX FUTURES - CBOE FUTURES EXCHANGE,2021-11-23T00:00:00.000,2021 Report Week 47,VIX FUTURES,1170E1,E,CHI,117,VOLATILITY/VARIANCE INDEX,311412,62520,20085,12985,108464,69914,36355,20905,92767,40139,6492,5472,3184,291044,280901,20368,30511,100.0,20.1,6.4,4.2,34.8,22.5,11.7,6.7,29.8,12.9,2.1,1.8,1.0,93.5,90.2,6.5,9.8,167,33,26,24,50,7,7,113,146,51.5,20.1,60.6,31.6,48.2,19.1,53.9,27.2,($1000 X INDEX),F90,VOLATILITY/VARIANCE INDEX,OTHER FINANCIAL INSTRUMENTS,FINANCIAL INSTRUMENTS,FutOnly,-18438,1366,-159,-4709,2490,-10033,6196,-12378,2220,-8782,279,772,-3332,-18870,-17827,432,-611,9,13,14,14,46,10
2111301170E1F,VIX FUTURES - CBOE FUTURES EXCHANGE,2021-11-30T00:00:00.000,2021 Report Week 48,VIX FUTURES,1170E1,E,CHI,117,VOLATILITY/VARIANCE INDEX,325869,60531,27720,14157,109019,46948,32245,23610,108704,55276,5739,8334,4164,304741,297548,21128,28321,100.0,18.6,8.5,4.3,33.5,14.4,9.9,7.2,33.4,17.0,1.8,2.6,1.3,93.5,91.3,6.5,8.7,179,28,28,30,48,5,9,131,152,40.2,16.8,50.7,30.2,37.2,15.0,46.2,25.4,($1000 X INDEX),F90,VOLATILITY/VARIANCE INDEX,OTHER FINANCIAL INSTRUMENTS,FINANCIAL INSTRUMENTS,FutOnly,14457,-1989,7635,1172,555,-22966,-4110,2705,15937,15137,-753,2862,980,13697,16647,760,-2190,14,20,15,23,47,9
2112071170E1F,VIX FUTURES - CBOE FUTURES EXCHANGE,2021-12-07T00:00:00.000,2021 Report Week 49,VIX FUTURES,1170E1,E,CHI,117,VOLATILITY/VARIANCE INDEX,300082,45680,22249,12794,103079,39726,33254,24021,100116,49526,6469,8862,5627,280450,272154,19632,27928,100.0,15.2,7.4,4.3,34.4,13.2,11.1,8.0,33.4,16.5,2.2,3.0,1.9,93.5,90.7,6.5,9.3,176,28,28,23,51,5,10,129,151,36.2,16.8,48.7,28.9,32.5,14.2,42.8,22.8,($1000 X INDEX),F90,VOLATILITY/VARIANCE INDEX,OTHER FINANCIAL INSTRUMENTS,FINANCIAL INSTRUMENTS,FutOnly,-25787,-14851,-5471,-1363,-5940,-7222,1009,411,-8588,-5750,730,528,1463,-24291,-25394,-1496,-393,11,15,16,21,51,12
2112141170E1F,VIX FUTURES - CBOE FUTURES EXCHANGE,2021-12-14T00:00:00.000,2021 Report Week 50,VIX FUTURES,1170E1,E,CHI,117,VOLATILITY/VARIANCE INDEX,296559,44657,19707,10440,95494,48705,31938,26078,83850,59574,6799,7858,4137,279117,266209,17442,30350,100.0,15.1,6.6,3.5,32.2,16.4,10.8,8.8,28.3,20.1,2.3,2.6,1.4,94.1,89.8,5.9,10.2,172,29,27,32,43,6,9,131,146,37.7,18.8,49.6,32.2,34.5,15.0,42.2,24.4,($1000 X INDEX),F90,VOLATILITY/VARIANCE INDEX,OTHER FINANCIAL INSTRUMENTS,FINANCIAL INSTRUMENTS,FutOnly,-3523,-1023,-2542,-2354,-7585,8979,-1316,2057,-16266,10048,330,-1004,-1490,-1333,-5945,-2190,2422,10,17,15,19,52,10
2112211170E1F,VIX FUTURES - CBOE FUTURES EXCHANGE,2021-12-21T00:00:00.000,2021 Report Week 51,VIX FUTURES,1170E1,E,CHI,117,VOLATILITY/VARIANCE INDEX,289170,36517,17296,14171,89744,50166,28695,31701,85950,53354,7106,3018,9121,270409,261771,18761,27399,100.0,12.6,6.0,4.9,31.0,17.3,9.9,11.0,29.7,18.5,2.5,1.0,3.2,93.5,90.5,6.5,9.5,168,31,26,28,44,6,9,125,143,34.5,19.3,46.5,32.5,31.1,16.1,38.5,24.3,($1000 X INDEX),F90,VOLATILITY/VARIANCE INDEX,OTHER FINANCIAL INSTRUMENTS,FINANCIAL INSTRUMENTS,FutOnly,-7389,-8140,-2411,3731,-5750,1461,-3243,5623,2100,-6220,307,-4840,4984,-8708,-4438,1319,-2951,13,18,13,18,47,8
2112281170E1F,VIX FUTURES - CBOE FUTURES EXCHANGE,2021-12-28T00:00:00.000,2021 Report Week 52,VIX FUTURES,1170E1,E,CHI,117,VOLATILITY/VARIANCE INDEX,277502,37863,18161,11119,92416,62155,30565,28734,76503,45873,9317,2481,3797,259684,250654,17818,26848,100.0,13.6,6.5,4.0,33.3,22.4,11.0,10.4,27.6,16.5,3.4,0.9,1.4,93.6,90.3,6.4,9.7,161,32,22,27,44,5,7,109,142,40.9,19.2,52.3,32.5,37.2,16.5,44.4,25.8,($1000 X INDEX),F90,VOLATILITY/VARIANCE INDEX,OTHER FINANCIAL INSTRUMENTS,FINANCIAL INSTRUMENTS,FutOnly,-11668,1346,865,-3052,2672,11989,1870,-2967,-9447,-7481,2211,-537,-5324,-10725,-11117,-943,-551,11,18,15,16,43,7
2201041170E1F,VIX FUTURES - CBOE FUTURES EXCHANGE,2022-01-04T00:00:00.000,2022 Report Week 01,VIX FUTURES,1170E1,E,CHI,117,VOLATILITY/VARIANCE INDEX,301754,44952,13699,14562,93619,75451,37568,33535,81621,40607,10433,2803,6966,282242,273277,19512,28477,100.0,14.9,4.5,4.8,31.0,25.0,12.4,11.1,27.0,13.5,3.5,0.9,2.3,93.5,90.6,6.5,9.4,165,35,25,29,41,6,8,116,141,41.9,20.2,52.6,34.6,38.1,17.3,44.9,27.7,($1000 X INDEX),F90,VOLATILITY/VARIANCE INDEX,OTHER FINANCIAL INSTRUMENTS,FINANCIAL INSTRUMENTS,FutOnly,24252,7089,-4462,3443,1203,13296,7003,4801,5118,-5266,1116,322,3169,22558,22623,1694,1629,11,19,16,16,40,8
2201111170E1F,VIX FUTURES - CBOE FUTURES EXCHANGE,2022-01-11T00:00:00.000,2022 Report Week 02,VIX FUTURES,1170E1,E,CHI,117,VOLATILITY/VARIANCE INDEX,308888,46441,15613,15451,87027,75644,37802,39824,80859,46371,8592,1047,5644,287152,278431,21736,30457,100.0,15.0,5.1,5.0,28.2,24.5,12.2,12.9,26.2,15.0,2.8,0.3,1.8,93.0,90.1,7.0,9.9,163,33,26,30,41,9,8,118,138,40.9,18.8,51.8,32.4,36.1,16.8,45.0,27.6,($1000 X INDEX),F90,VOLATILITY/VARIANCE INDEX,OTHER FINANCIAL INSTRUMENTS,FINANCIAL INSTRUMENTS,FutOnly,7134,1489,1914,889,-6592,193,234,6289,-762,5764,-1841,-1756,-1322,4910,5154,2224,1980,12,19,15,14,40,
2201181170E1F,VIX FUTURES - CBOE FUTURES EXCHANGE,2022-01-18T00:00:00.000,2022 Report Week 03,VIX FUTURES,1170E1,E,CHI,117,VOLATILITY/VARIANCE INDEX,307106,45748,18587,15622,85870,67068,36308,31671,76316,51501,8980,1313,10111,285811,276826,21295,30280,100.0,14.9,6.1,5.1,28.0,21.8,11.8,10.3,24.9,16.8,2.9,0.4,3.3,93.1,90.1,6.9,9.9,170,34,27,34,42,9,9,126,147,37.9,17.6,46.8,28.4,34.6,15.4,40.3,22.9,($1000 X INDEX),F90,VOLATILITY/VARIANCE INDEX,OTHER FINANCIAL INSTRUMENTS,FINANCIAL INSTRUMENTS,FutOnly,-1782,-693,2974,171,-1157,-8576,-1494,-8153,-4543,5130,388,266,4467,-1341,-1605,-441,-177,11,19,13,14,48,5
2201251170E1F,VIX FUTURES - CBOE FUTURES EXCHANGE,2022-01-25T00:00:00.000,2022 Report Week 04,VIX FUTURES,1170E1,E,CHI,117,VOLATILITY/VARIANCE INDEX,304889,47497,21477,15092,76770,39288,29538,33598,92625,67353,8860,5007,5748,284456,276128,20433,28761,100.0,15.6,7.0,4.9,25.2,12.9,9.7,11.0,30.4,22.1,2.9,1.6,1.9,93.3,90.6,6.7,9.4,189,29,24,32,49,10,9,139,152,34.8,20.7,46.3,30.9,27.9,13.0,35.0,21.1,($1000 X INDEX),F90,VOLATILITY/VARIANCE INDEX,OTHER FINANCIAL INSTRUMENTS,FINANCIAL INSTRUMENTS,FutOnly,-2217,1749,2890,-530,-9100,-27780,-6770,1927,16309,15852,-120,3694,-4363,-1355,-698,-862,-1519,16,20,18,21,49,11
2202011170E1F,VIX FUTURES - CBOE FUTURES EXCHANGE,2022-02-01T00:00:00.000,2022 Report Week 05,VIX FUTURES,1170E1,E,CHI,117,VOLATILITY/VARIANCE INDEX,300194,34169,17919,16391,78368,37323,39662,30955,86706,62633,8221,2622,6867,277266,270123,22928,30071,100.0,11.4,6.0,5.5,26.1,12.4,13.2,10.3,28.9,20.9,2.7,0.9,2.3,92.4,90.0,7.6,10.0,161,27,24,30,37,8,10,123,139,33.9,21.3,45.3,32.9,27.3,15.0,33.6,22.8,($1000 X INDEX),F90,VOLATILITY/VARIANCE INDEX,OTHER FINANCIAL INSTRUMENTS,FINANCIAL INSTRUMENTS,FutOnly,-4695,-13328,-3558,1299,1598,-1965,10124,-2643,-5919,-4720,-639,-2385,1119,-7190,-6005,2495,1310,12,20,15,20,47,8
2202081170E1F,VIX FUTURES - CBOE FUTURES EXCHANGE,2022-02-08T00:00:00.000,2022 Report Week 06,VIX FUTURES,1170E1,E,CHI,117,VOLATILITY/VARIANCE INDEX,293604,34438,13325,20750,74783,47968,38443,34483,79699,57865,8939,2713,4318,274019,265081,19585,28523,100.0,11.7,4.5,7.1,25.5,16.3,13.1,11.7,27.1,19.7,3.0,0.9,1.5,93.3,90.3,6.7,9.7,173,30,27,33,41,8,8,135,148,35.4,21.0,45.1,33.1,29.1,15.6,35.8,23.6,($1000 X INDEX),F90,VOLATILITY/VARIANCE INDEX,OTHER FINANCIAL INSTRUMENTS,FINANCIAL INSTRUMENTS,FutOnly,-6590,269,-4594,4359,-3585,10645,-1219,3528,-7007,-4768,718,91,-2549,-3247,-5042,-3343,-1548,17,23,14,17,52,6
2202151170E1F,VIX FUTURES - CBOE FUTURES EXCHANGE,2022-02-15T00:00:00.000,2022 Report Week 07,VIX FUTURES,1170E1,E,CHI,117,VOLATILITY/VARIANCE INDEX,287622,35754,15716,20531,79874,35854,32936,25932,81690,53177,8164,10090,10273,266641,260267,20981,27355,100.0,12.4,5.5,7.1,27.8,12.5,11.5,9.0,28.4,18.5,2.8,3.5,3.6,92.7,90.5,7.3,9.5,171,27,22,32,35,9,12,130,143,33.3,19.2,42.9,30.4,28.8,15.5,34.4,23.6,($1000 X INDEX),F90,VOLATILITY/VARIANCE INDEX,OTHER FINANCIAL INSTRUMENTS,FINANCIAL INSTRUMENTS,FutOnly,-5982,1316,2391,-219,5091,-12114,-5507,-8551,1991,-4688,-775,7377,5955,-7378,-4814,1396,-1168,17,20,14,19,48,11
2202221170E1F,VIX FUTURES - CBOE FUTURES EXCHANGE,2022-02-22T00:00:00.000,2022 Report Week 08,VIX FUTURES,1170E1,E,CHI,117,VOLATILITY/VARIANCE INDEX,271157,37895,24310,16260,87797,30503,31673,24520,83634,37260,7229,11314,6514,249148,241468,22009,29689,100.0,14.0,9.0,6.0,32.4,11.2,11.7,9.0,30.8,13.7,2.7,4.2,2.4,91.9,89.1,8.1,10.9,166,24,22,32,36,6,11,116,141,35.9,17.4,45.3,28.1,32.8,15.4,40.0,23.4,($1000 X INDEX),F90,VOLATILITY/VARIANCE INDEX,OTHER FINANCIAL INSTRUMENTS,FINANCIAL INSTRUMENTS,FutOnly,-16465,2141,8594,-4271,7923,-5351,-1263,-1412,1944,-15917,-935,1224,-3759,-17493,-18799,1028,2334,13,14,15,21,44,13
2203011170E1F,VIX FUTURES - CBOE FUTURES EXCHANGE,2022-03-01T00:00:00.000,2022 Report Week 09,VIX FUTURES,1170E1,E,CHI,117,VOLATILITY/VARIANCE INDEX,291214,36270,21439,22124,83561,20926,33085,39402,107406,42265,7799,10429,6628,271134,264302,20080,26912,100.0,12.5,7.4,7.6,28.7,7.2,11.4,13.5,36.9,14.5,2.7,3.6,2.3,93.1,90.8,6.9,9.2,179,21,19,34,45,6,13,132,144,32.9,19.9,42.6,29.6,29.1,17.1,36.4,23.8,($1000 X INDEX),F90,VOLATILITY/VARIANCE INDEX,OTHER FINANCIAL INSTRUMENTS,FINANCIAL INSTRUMENTS,FutOnly,20057,-1625,-2871,5864,-4236,-9577,1412,14882,23772,5005,570,-885,114,21986,22834,-1929,-2777,12,16,17,23,49,12
2203081170E1F,VIX FUTURES - CBOE FUTURES EXCHANGE,2022-03-08T00:00:00.000,2022 Report Week 10,VIX FUTURES,1170E1,E,CHI,117,VOLATILITY/VARIANCE INDEX,289220,33750,19907,22203,81388,28156,30729,38323,99763,45329,9676,8444,6668,268066,261199,21154,28021,100.0,11.7,6.9,7.7,28.1,9.7,10.6,13.3,34.5,15.7,3.3,2.9,2.3,92.7,90.3,7.3,9.7,166,19,20,29,42,8,11,126,135,30.8,21.5,41.6,32.5,27.0,15.7,34.2,22.6,($1000 X INDEX),F90,VOLATILITY/VARIANCE INDEX,OTHER FINANCIAL INSTRUMENTS,FINANCIAL INSTRUMENTS,FutOnly,-1994,-2520,-1532,79,-2173,7230,-2356,-1079,-7643,3064,1877,-1985,40,-3068,-3103,1074,1109,12,18,16,23,46,9
2203151170E1F,VIX FUTURES - CBOE FUTURES EXCHANGE,2022-03-15T00:00:00.000,2022 Report Week 11,VIX FUTURES,1170E1,E,CHI,117,VOLATILITY/VARIANCE INDEX,278993,27970,16772,17925,83641,38671,30998,33761,76759,44981,9566,11828,5582,254424,243516,24569,35477,100.0,10.0,6.0,6.4,30.0,13.9,11.1,12.1,27.5,16.1,3.4,4.2,2.0,91.2,87.3,8.8,12.7,159,18,18,33,37,8,10,118,134,31.1,18.8,39.5,29.3,28.4,14.9,34.3,23.0,($1000 X INDEX),F90,VOLATILITY/VARIANCE INDEX,OTHER FINANCIAL INSTRUMENTS,FINANCIAL INSTRUMENTS,FutOnly,-10227,-5780,-3135,-4278,2253,10515,269,-4562,-23004,-348,-110,3384,-1086,-13642,-17683,3415,7456,12,16,14,21,49,10
2203221170E1F,VIX FUTURES - CBOE FUTURES EXCHANGE,2022-03-22T00:00:00.000,2022 Report Week 12,VIX FUTURES,1170E1,E,CHI,117,VOLATILITY/VARIANCE INDEX,259761,27114,13776,12285,77818,45397,33807,39732,80881,37531,7937,4500,3699,239923,231876,19838,27885,100.0,10.4,5.3,4.7,30.0,17.5,13.0,15.3,31.1,14.4,3.1,1.7,1.4,92.4,89.3,7.6,10.7,153,25,23,28,40,8,7,112,128,37.9,21.2,47.7,33.6,33.3,16.6,40.5,26.6,($1000 X INDEX),F90,VOLATILITY/VARIANCE INDEX,OTHER FINANCIAL INSTRUMENTS,FINANCIAL INSTRUMENTS,FutOnly,-19232,-856,-2996,-5640,-5823,6726,2809,5971,4122,-7450,-1629,-7328,-1883,-14501,-11640,-4731,-7592,10,17,15,17,40,6
2203291170E1F,VIX FUTURES - CBOE FUTURES EXCHANGE,2022-03-29T00:00:00.000,2022 Report Week 13,VIX FUTURES,1170E1,E,CHI,117,VOLATILITY/VARIANCE INDEX,287434,32399,12165,11751,89888,57968,33970,43267,80885,42297,7024,2672,3761,264357,245469,23077,41965,100.0,11.3,4.2,4.1,31.3,20.2,11.8,15.1,28.1,14.7,2.4,0.9,1.3,92.0,85.4,8.0,14.6,153,28,21,30,36,7,9,115,126,39.9,21.1,48.8,35.1,34.9,16.4,40.8,25.8,($1000 X INDEX),F90,VOLATILITY/VARIANCE INDEX,OTHER FINANCIAL INSTRUMENTS,FINANCIAL INSTRUMENTS,FutOnly,27673,5285,-1611,-534,12070,12571,163,3535,4,4766,-913,-1828,62,24434,13593,3239,14080,13,20,13,17,38,7
2204051170E1F,VIX FUTURES - CBOE FUTURES EXCHANGE,2022-04-05T00:00:00.000,2022 Report Week 14,VIX FUTURES,1170E1,E,CHI,117,VOLATILITY/VARIANCE INDEX,306405,29984,12086,14973,102396,72443,35853,40390,85965,46375,8216,4581,7442,285629,279718,20776,26687,100.0,9.8,3.9,4.9,33.4,23.6,11.7,13.2,28.1,15.1,2.7,1.5,2.4,93.2,91.3,6.8,8.7,168,27,28,31,40,10,10,130,134,41.2,21.4,50.6,36.2,37.2,16.7,42.2,27.9,($1000 X INDEX),F90,VOLATILITY/VARIANCE INDEX,OTHER FINANCIAL INSTRUMENTS,FINANCIAL INSTRUMENTS,FutOnly,18971,-2415,-79,3222,12508,14475,1883,-2877,5080,4078,1192,1909,3681,21272,34249,-2301,-15278,12,21,13,21,37,9
2204121170E1F,VIX FUTURES - CBOE FUTURES EXCHANGE,2022-04-12T00:00:00.000,2022 Report Week 15,VIX FUTURES,1170E1,E,CHI,117,VOLATILITY/VARIANCE INDEX,307234,29138,12912,18264,101056,64103,30716,38955,90286,52405,9239,4101,7917,287690,280704,19544,26530,100.0,9.5,4.2,5.9,32.9,20.9,10.0,12.7,29.4,17.1,3.0,1.3,2.6,93.6,91.4,6.4,8.6,167,27,22,29,45,9,12,125,137,40.9,20.8,50.4,32.8,37.1,15.1,41.7,24.7,($1000 X INDEX),F90,VOLATILITY/VARIANCE INDEX,OTHER FINANCIAL INSTRUMENTS,FINANCIAL INSTRUMENTS,FutOnly,829,-846,826,3291,-1340,-8340,-5137,-1435,4321,6030,1023,-480,475,2061,986,-1232,-157,13,20,13,16,41,7
2204191170E1F,VIX FUTURES - CBOE FUTURES EXCHANGE,2022-04-19T00:00:00.000,2022 Report Week 16,VIX FUTURES,1170E1,E,CHI,117,VOLATILITY/VARIANCE INDEX,320340,31718,11590,20848,100496,71076,34914,35752,85091,53068,11377,5183,10541,298714,292311,21626,28029,100.0,9.9,3.6,6.5,31.4,22.2,10.9,11.2,26.6,16.6,3.6,1.6,3.3,93.2,91.3,6.8,8.7,172,30,23,31,44,9,13,131,142,38.8,18.1,48.1,31.0,34.6,14.9,39.3,24.2,($1000 X INDEX),F90,VOLATILITY/VARIANCE INDEX,OTHER FINANCIAL INSTRUMENTS,FINANCIAL INSTRUMENTS,FutOnly,13106,2580,-1322,2584,-560,6973,4198,-3203,-5195,663,2138,1082,2624,11024,11607,2082,1499,14,21,12,17,44,7
2204261170E1F,VIX FUTURES - CBOE FUTURES EXCHANGE,2022-04-26T00:00:00.000,2022 Report Week 17,VIX FUTURES,1170E1,E,CHI,117,VOLATILITY/VARIANCE INDEX,305776,36637,17855,16191,90456,51290,30622,36534,93841,54274,13280,5735,6328,284322,276136,21454,29640,100.0,12.0,5.8,5.3,29.6,16.8,10.0,11.9,30.7,17.7,4.3,1.9,2.1,93.0,90.3,7.0,9.7,162,25,20,28,39,8,11,123,131,35.5,17.5,46.6,29.4,32.6,13.6,39.1,23.0,($1000 X INDEX),F90,VOLATILITY/VARIANCE INDEX,OTHER FINANCIAL INSTRUMENTS,FINANCIAL INSTRUMENTS,FutOnly,-14564,4919,6265,-4657,-10040,-19786,-4292,782,8750,1206,1903,552,-4213,-14392,-16175,-172,1611,13,19,13,19,42,8
2205031170E1F,VIX FUTURES - CBOE FUTURES EXCHANGE,2022-05-03T00:00:00.000,2022 Report Week 18,VIX FUTURES,1170E1,E,CHI,117,VOLATILITY/VARIANCE INDEX,320512,35759,23323,18689,90526,36829,32727,34249,99745,65217,13576,6268,6043,296786,288841,23726,31671,100.0,11.2,7.3,5.8,28.2,11.5,10.2,10.7,31.1,20.3,4.2,2.0,1.9,92.6,90.1,7.4,9.9,164,22,23,26,40,6,10,124,133,32.7,20.6,42.8,33.7,25.4,13.8,32.3,23.1,($1000 X INDEX),F90,VOLATILITY/VARIANCE INDEX,OTHER FINANCIAL INSTRUMENTS,FINANCIAL INSTRUMENTS,FutOnly,14736,-878,5468,2498,70,-14461,2105,-2285,5904,10943,296,533,-285,12464,12705,2272,2031,13,19,17,22,41,10
2205101170E1F,VIX FUTURES - CBOE FUTURES EXCHANGE,2022-05-10T00:00:00.000,2022 Report Week 19,VIX FUTURES,1170E1,E,CHI,117,VOLATILITY/VARIANCE INDEX,318283,39605,29010,15779,84320,27390,37141,39869,101669,60550,14151,8393,4687,296102,284619,22181,33664,100.0,12.4,9.1,5.0,26.5,8.6,11.7,12.5,31.9,19.0,4.4,2.6,1.5,93.0,89.4,7.0,10.6,166,22,23,25,40,7,10,124,133,29.7,21.3,41.3,32.3,23.5,13.1,32.2,20.6,($1000 X INDEX),F90,VOLATILITY/VARIANCE INDEX,OTHER FINANCIAL INSTRUMENTS,FINANCIAL INSTRUMENTS,FutOnly,-2229,3846,5687,-2910,-6206,-9439,4414,5620,1924,-4667,575,2125,-1356,-684,-4222,-1545,1993,12,19,18,22,39,14
2205171170E1F,VIX FUTURES - CBOE FUTURES EXCHANGE,2022-05-17T00:00:00.000,2022 Report Week 20,VIX FUTURES,1170E1,E,CHI,117,VOLATILITY/VARIANCE INDEX,311293,38175,27155,16134,64056,30582,42506,29436,73955,74808,13331,4715,9240,287686,279095,23607,32198,100.0,12.3,8.7,5.2,20.6,9.8,13.7,9.5,23.8,24.0,4.3,1.5,3.0,92.4,89.7,7.6,10.3,167,23,21,25,47,7,11,124,140,33.0,19.9,44.5,31.1,24.3,10.7,31.5,17.6,($1000 X INDEX),F90,VOLATILITY/VARIANCE INDEX,OTHER FINANCIAL INSTRUMENTS,FINANCIAL INSTRUMENTS,FutOnly,-6990,-1430,-1855,355,-20264,3192,5365,-10433,-27714,14258,-820,-3678,4553,-8416,-5524,1426,-1466,12,19,18,16,46,12
2205241170E1F,VIX FUTURES - CBOE FUTURES EXCHANGE,2022-05-24T00:00:00.000,2022 Report Week 21,VIX FUTURES,1170E1,E,CHI,117,VOLATILITY/VARIANCE INDEX,275032,32921,19847,13037,66223,27101,42151,32868,83367,46740,13186,7495,4964,252090,244702,22942,30330,100.0,12.0,7.2,4.7,24.1,9.9,15.3,12.0,30.3,17.0,4.8,2.7,1.8,91.7,89.0,8.3,11.0,167,21,23,31,41,6,10,120,137,35.6,22.0,47.1,33.6,27.6,11.8,35.4,21.1,($1000 X INDEX),F90,VOLATILITY/VARIANCE INDEX,OTHER FINANCIAL INSTRUMENTS,FINANCIAL INSTRUMENTS,FutOnly,-36261,-5254,-7308,-3097,2167,-3481,-355,3432,9412,-28068,-145,2780,-4276,-35596,-34393,-665,-1868,13,17,17,18,40,11
2205311170E1F,VIX FUTURES - CBOE FUTURES EXCHANGE,2022-05-31T00:00:00.000,2022 Report Week 22,VIX FUTURES,1170E1,E,CHI,117,VOLATILITY/VARIANCE INDEX,278850,28497,21358,10562,73999,31180,43026,31398,76844,55380,8381,4471,4953,256196,247774,22654,31076,100.0,10.2,7.7,3.8,26.5,11.2,15.4,11.3,27.6,19.9,3.0,1.6,1.8,91.9,88.9,8.1,11.1,158,22,23,33,39,5,11,117,132,36.0,22.7,48.0,34.6,27.2,12.3,34.5,20.8,($1000 X INDEX),F90,VOLATILITY/VARIANCE INDEX,OTHER FINANCIAL INSTRUMENTS,FINANCIAL INSTRUMENTS,FutOnly,3818,-4424,1511,-2475,7776,4079,875,-1470,-6523,8640,-4805,-3024,-11,4106,3072,-288,746,12,16,14,17,41,8
2206071170E1F,VIX FUTURES - CBOE FUTURES EXCHANGE,2022-06-07T00:00:00.000,2022 Report Week 23,VIX FUTURES,1170E1,E,CHI,117,VOLATILITY/VARIANCE INDEX,288366,26744,17383,14967,83729,41752,38016,28045,77216,58276,7809,4306,6396,263982,258312,24384,30054,100.0,9.3,6.0,5.2,29.0,14.5,13.2,9.7,26.8,20.2,2.7,1.5,2.2,91.5,89.6,8.5,10.4,161,26,23,30,45,5,10,123,133,36.3,20.3,47.1,31.6,29.9,12.3,36.3,20.2,($1000 X INDEX),F90,VOLATILITY/VARIANCE INDEX,OTHER FINANCIAL INSTRUMENTS,FINANCIAL INSTRUMENTS,FutOnly,9516,-1753,-3975,4405,9730,10572,-5010,-3353,372,2896,-572,-165,1443,7786,10538,1730,-1022,10,18,15,16,44,7
2206141170E1F,VIX FUTURES - CBOE FUTURES EXCHANGE,2022-06-14T00:00:00.000,2022 Report Week 24,VIX FUTURES,1170E1,E,CHI,117,VOLATILITY/VARIANCE INDEX,296042,33425,18843,21573,91942,32727,32459,26004,94356,47599,8298,7328,9956,271256,264841,24786,31201,100.0,11.3,6.4,7.3,31.1,11.1,11.0,8.8,31.9,16.1,2.8,2.5,3.4,91.6,89.5,8.4,10.5,160,19,24,26,44,6,8,120,132,32.4,18.3,42.2,30.3,27.3,13.8,34.1,22.0,($1000 X INDEX),F90,VOLATILITY/VARIANCE INDEX,OTHER FINANCIAL INSTRUMENTS,FINANCIAL INSTRUMENTS,FutOnly,7676,6681,1460,6606,8213,-9025,-5557,-2041,17140,-10677,489,3022,3560,7274,6529,402,1147,13,19,18,22,41,8
2206211170E1F,VIX FUTURES - CBOE FUTURES EXCHANGE,2022-06-21T00:00:00.000,2022 Report Week 25,VIX FUTURES,1170E1,E,CHI,117,VOLATILITY/VARIANCE INDEX,257930,25145,17413,14910,91387,23663,35814,22297,95140,30028,8464,5270,8167,236212,230405,21718,27525,100.0,9.7,6.8,5.8,35.4,9.2,13.9,8.6,36.9,11.6,3.3,2.0,3.2,91.6,89.3,8.4,10.7,156,19,23,26,37,4,9,114,129,34.2,18.2,43.3,31.0,28.4,14.3,35.4,24.6,($1000 X INDEX),F90,VOLATILITY/VARIANCE INDEX,OTHER FINANCIAL INSTRUMENTS,FINANCIAL INSTRUMENTS,FutOnly,-38112,-8280,-1430,-6663,-555,-9064,3355,-3707,784,-17571,166,-2058,-1789,-35044,-34436,-3068,-3676,12,19,21,22,36,9
2206281170E1F,VIX FUTURES - CBOE FUTURES EXCHANGE,2022-06-28T00:00:00.000,2022 Report Week 26,VIX FUTURES,1170E1,E,CHI,117,VOLATILITY/VARIANCE INDEX,257123,22418,14084,13345,96624,25369,35894,18982,94511,33038,7452,4292,7247,235000,227780,22123,29343,100.0,8.7,5.5,5.2,37.6,9.9,14.0,7.4,36.8,12.8,2.9,1.7,2.8,91.4,88.6,8.6,11.4,150,20,22,22,44,,11,114,125,37.4,18.7,47.6,31.3,30.5,14.2,38.0,24.8,($1000 X INDEX),F90,VOLATILITY/VARIANCE INDEX,OTHER FINANCIAL INSTRUMENTS,FINANCIAL INSTRUMENTS,FutOnly,-807,-2727,-3329,-1565,5237,1706,80,-3315,-629,3010,-1012,-978,-920,-1212,-2625,405,1818,10,18,15,23,38,8
2207051170E1F,VIX FUTURES - CBOE FUTURES EXCHANGE,2022-07-05T00:00:00.000,2022 Report Week 27,VIX FUTURES,1170E1,E,CHI,117,VOLATILITY/VARIANCE INDEX,266933,25330,10435,17293,88570,31644,37202,21926,93821,37946,8001,1022,7064,243332,236427,23601,30506,100.0,9.5,3.9,6.5,33.2,11.9,13.9,8.2,35.1,14.2,3.0,0.4,2.6,91.2,88.6,8.8,11.4,156,23,20,25,43,6,12,115,127,35.9,20.6,46.2,33.5,29.7,14.4,35.4,25.3,($1000 X INDEX),F90,VOLATILITY/VARIANCE INDEX,OTHER FINANCIAL INSTRUMENTS,FINANCIAL INSTRUMENTS,FutOnly,9810,2912,-3649,3948,-8054,6275,1308,2944,-690,4908,549,-3270,-183,8332,8647,1478,1163,14,18,12,21,36,5
2207121170E1F,VIX FUTURES - CBOE FUTURES EXCHANGE,2022-07-12T00:00:00.000,2022 Report Week 28,VIX FUTURES,1170E1,E,CHI,117,VOLATILITY/VARIANCE INDEX,281586,27281,15412,17410,98172,45212,30736,26249,89920,42774,8144,1867,7781,258547,251112,23039,30474,100.0,9.7,5.5,6.2,34.9,16.1,10.9,9.3,31.9,15.2,2.9,0.7,2.8,91.8,89.2,8.2,10.8,159,26,22,28,42,7,12,125,131,37.3,18.9,46.6,31.9,32.4,14.1,38.8,24.8,($1000 X INDEX),F90,VOLATILITY/VARIANCE INDEX,OTHER FINANCIAL INSTRUMENTS,FINANCIAL INSTRUMENTS,FutOnly,14653,1951,4977,117,9602,13568,-6466,4323,-3901,4828,143,845,717,15215,14685,-562,-32,12,20,13,17,43,7
2207191170E1F,VIX FUTURES - CBOE FUTURES EXCHANGE,2022-07-19T00:00:00.000,2022 Report Week 29,VIX FUTURES,1170E1,E,CHI,117,VOLATILITY/VARIANCE INDEX,308124,27324,13402,22691,99928,54581,35820,30006,92161,47592,9498,435,10947,283806,277629,24318,30495,100.0,8.9,4.3,7.4,32.4,17.7,11.6,9.7,29.9,15.4,3.1,0.1,3.6,92.1,90.1,7.9,9.9,171,30,22,34,42,11,13,137,142,36.3,20.8,44.6,33.8,31.0,16.0,35.9,26.1,($1000 X INDEX),F90,VOLATILITY/VARIANCE INDEX,OTHER FINANCIAL INSTRUMENTS,FINANCIAL INSTRUMENTS,FutOnly,26538,43,-2010,5281,1756,9369,5084,3757,2241,4818,1354,-1432,3166,25259,26517,1279,21,15,21,10,18,52,
2207261170E1F,VIX FUTURES - CBOE FUTURES EXCHANGE,2022-07-26T00:00:00.000,2022 Report Week 30,VIX FUTURES,1170E1,E,CHI,117,VOLATILITY/VARIANCE INDEX,300870,24484,10956,15182,120771,66768,36261,26519,94073,36723,8101,1119,8875,276916,269957,23954,30913,100.0,8.1,3.6,5.0,40.1,22.2,12.1,8.8,31.3,12.2,2.7,0.4,2.9,92.0,89.7,8.0,10.3,168,28,21,28,48,9,13,128,141,44.4,23.3,52.9,35.8,39.6,18.7,45.9,29.1,($1000 X INDEX),F90,VOLATILITY/VARIANCE INDEX,OTHER FINANCIAL INSTRUMENTS,FINANCIAL INSTRUMENTS,FutOnly,-7254,-2840,-2446,-7509,20843,12187,441,-3487,1912,-10869,-1397,684,-2072,-6890,-7672,-364,418,11,18,11,18,49,5
2208021170E1F,VIX FUTURES - CBOE FUTURES EXCHANGE,2022-08-02T00:00:00.000,2022 Report Week 31,VIX FUTURES,1170E1,E,CHI,117,VOLATILITY/VARIANCE INDEX,322604,24796,13557,13879,125645,79051,38405,35409,94154,41362,9057,1012,9240,297793,290660,24811,31944,100.0,7.7,4.2,4.3,38.9,24.5,11.9,11.0,29.2,12.8,2.8,0.3,2.9,92.3,90.1,7.7,9.9,173,28,23,29,50,12,14,136,142,43.0,22.4,52.9,36.6,39.4,20.4,46.3,29.9,($1000 X INDEX),F90,VOLATILITY/VARIANCE INDEX,OTHER FINANCIAL INSTRUMENTS,FINANCIAL INSTRUMENTS,FutOnly,21734,312,2601,-1303,4874,12283,2144,8890,81,4639,956,-107,365,20877,20703,857,1031,10,17,13,19,51,4
2208091170E1F,VIX FUTURES - CBOE FUTURES EXCHANGE,2022-08-09T00:00:00.000,2022 Report Week 32,VIX FUTURES,1170E1,E,CHI,117,VOLATILITY/VARIANCE INDEX,341699,27151,14753,14742,127936,80673,38281,35080,95667,54072,8398,2563,10770,316430,311521,25269,30178,100.0,7.9,4.3,4.3,37.4,23.6,11.2,10.3,28.0,15.8,2.5,0.8,3.2,92.6,91.2,7.4,8.8,189,27,26,36,54,11,15,148,155,40.3,21.4,50.3,34.7,37.1,19.8,44.0,28.1,($1000 X INDEX),F90,VOLATILITY/VARIANCE INDEX,OTHER FINANCIAL INSTRUMENTS,FINANCIAL INSTRUMENTS,FutOnly,19095,2355,1196,863,2291,1622,-124,-329,1513,12710,-659,1551,1530,18637,20861,458,-1766,13,18,13,20,55,6
2208161170E1F,VIX FUTURES - CBOE FUTURES EXCHANGE,2022-08-16T00:00:00.000,2022 Report Week 33,VIX FUTURES,1170E1,E,CHI,117,VOLATILITY/VARIANCE INDEX,366823,29149,16463,16163,131090,85340,41834,45254,107801,56027,8851,1640,14079,342447,339347,24376,27476,100.0,7.9,4.5,4.4,35.7,23.3,11.4,12.3,29.4,15.3,2.4,0.4,3.8,93.4,92.5,6.6,7.5,208,28,23,41,59,12,18,160,170,37.9,21.0,49.1,33.0,34.7,18.6,43.4,27.5,($1000 X INDEX),F90,VOLATILITY/VARIANCE INDEX,OTHER FINANCIAL INSTRUMENTS,FINANCIAL INSTRUMENTS,FutOnly,25124,1998,1710,1421,3154,4667,3553,10174,12134,1955,453,-923,3309,26017,27826,-893,-2702,13,22,13,25,59,7
2208231170E1F,VIX FUTURES - CBOE FUTURES EXCHANGE,2022-08-23T00:00:00.000,2022 Report Week 34,VIX FUTURES,1170E1,E,CHI,117,VOLATILITY/VARIANCE INDEX,349447,31261,16677,11822,134562,85621,41201,37115,104644,50562,8667,2810,8189,323379,321526,26068,27921,100.0,8.9,4.8,3.4,38.5,24.5,11.8,10.6,29.9,14.5,2.5,0.8,2.3,92.5,92.0,7.5,8.0,186,31,23,33,49,7,13,141,150,40.4,21.5,50.4,34.8,36.6,19.0,45.0,28.3,($1000 X INDEX),F90,VOLATILITY/VARIANCE INDEX,OTHER FINANCIAL INSTRUMENTS,FINANCIAL INSTRUMENTS,FutOnly,-17376,2112,214,-4341,3472,281,-633,-8139,-3157,-5465,-184,1170,-5890,-19068,-17821,1692,445,13,19,13,21,50,9
2208301170E1F,VIX FUTURES - CBOE FUTURES EXCHANGE,2022-08-30T00:00:00.000,2022 Report Week 35,VIX FUTURES,1170E1,E,CHI,117,VOLATILITY/VARIANCE INDEX,338590,31901,19149,12466,124290,69037,39409,39897,109286,46324,8782,3848,10632,313701,310151,24889,28439,100.0,9.4,5.7,3.7,36.7,20.4,11.6,11.8,32.3,13.7,2.6,1.1,3.1,92.6,91.6,7.4,8.4,181,28,23,32,44,9,15,141,140,37.4,20.5,47.5,33.0,34.4,17.8,42.5,27.0,($1000 X INDEX),F90,VOLATILITY/VARIANCE INDEX,OTHER FINANCIAL INSTRUMENTS,FINANCIAL INSTRUMENTS,FutOnly,-10857,640,2472,644,-10272,-16584,-1792,2782,4642,-4238,115,1038,2443,-9678,-11375,-1179,518,15,17,13,21,45,8
2209061170E1F,VIX FUTURES - CBOE FUTURES EXCHANGE,2022-09-06T00:00:00.000,2022 Report Week 36,VIX FUTURES,1170E1,E,CHI,117,VOLATILITY/VARIANCE INDEX,326476,33142,18450,12576,110851,69605,35759,39701,97506,50655,9244,900,11098,303026,296549,23450,29927,100.0,10.2,5.7,3.9,34.0,21.3,11.0,12.2,29.9,15.5,2.8,0.3,3.4,92.8,90.8,7.2,9.2,173,28,24,29,44,10,16,136,137,35.2,21.5,46.0,34.7,32.5,17.9,41.0,28.0,($1000 X INDEX),F90,VOLATILITY/VARIANCE INDEX,OTHER FINANCIAL INSTRUMENTS,FINANCIAL INSTRUMENTS,FutOnly,-12114,1241,-699,110,-13439,568,-3650,-196,-11780,4331,462,-2948,466,-10675,-13602,-1439,1488,13,17,14,19,43,7
2209131170E1F,VIX FUTURES - CBOE FUTURES EXCHANGE,2022-09-13T00:00:00.000,2022 Report Week 37,VIX FUTURES,1170E1,E   ,CHI,117 ,VOLATILITY/VARIANCE INDEX,348672,33304,18860,13537,116654,64581,39846,33564,100740,61939,8509,696,12515,319868,312714,28804,35958,100.0,9.6,5.4,3.9,33.5,18.5,11.4,9.6,28.9,17.8,2.4,0.2,3.6,91.7,89.7,8.3,10.3,175,31,22,26,48,10,12,134,141,35.1,21.4,45.0,33.4,32.4,17.6,39.9,26.0,($1000 X INDEX),F90,VOLATILITY/VARIANCE INDEX,OTHER FINANCIAL INSTRUMENTS,FINANCIAL INSTRUMENTS,FutOnly,22196,162,410,961,5803,-5024,4087,-6137,3234,11284,-735,-204,1417,16842,16165,5354,6031,12,19,13,21,47,6
2209201170E1F,VIX FUTURES - CBOE FUTURES EXCHANGE,2022-09-20T00:00:00.000,2022 Report Week 38,VIX FUTURES,1170E1,E   ,CHI,117 ,VOLATILITY/VARIANCE INDEX,345341,35161,17438,21417,107658,66540,34975,34691,93068,67654,9139,559,12839,323534,314490,21807,30851,100.0,10.2,5.0,6.2,31.2,19.3,10.1,10.0,26.9,19.6,2.6,0.2,3.7,93.7,91.1,6.3,8.9,175,26,21,28,45,13,15,134,143,32.4,21.2,42.6,33.2,29.4,16.1,37.1,24.9,($1000 X INDEX),F90,VOLATILITY/VARIANCE INDEX,OTHER FINANCIAL INSTRUMENTS,FINANCIAL INSTRUMENTS,FutOnly,-3331,1857,-1422,7880,-8996,1959,-4871,1127,-7672,5715,630,-137,324,3666,1776,-6997,-5107,15,19,13,22,47,
2209271170E1F,VIX FUTURES - CBOE FUTURES EXCHANGE,2022-09-27T00:00:00.000,2022 Report Week 39,VIX FUTURES,1170E1,E   ,CHI,117 ,VOLATILITY/VARIANCE INDEX,331042,40862,10400,21745,102649,60762,35665,38037,106554,48127,8069,4247,11897,307051,299397,23991,31645,100.0,12.3,3.1,6.6,31.0,18.4,10.8,11.5,32.2,14.5,2.4,1.3,3.6,92.8,90.4,7.2,9.6,177,22,22,34,39,9,16,140,139,29.9,22.4,40.2,35.9,27.0,17.3,33.4,26.4,($1000 X INDEX),F90,VOLATILITY/VARIANCE INDEX,OTHER FINANCIAL INSTRUMENTS,FINANCIAL INSTRUMENTS,FutOnly,-14299,5701,-7038,328,-5009,-5778,690,3346,13486,-19527,-1070,3688,-942,-16483,-15093,2184,794,18,17,10,25,47,10
2210041170E1F,VIX FUTURES - CBOE FUTURES EXCHANGE,2022-10-04T00:00:00.000,2022 Report Week 40,VIX FUTURES,1170E1,E,CHI,117,VOLATILITY/VARIANCE INDEX,322187,33147,11029,24344,92252,48945,41171,35521,99200,56920,8866,3025,10138,302359,294772,19828,27415,100.0,10.3,3.4,7.6,28.6,15.2,12.8,11.0,30.8,17.7,2.8,0.9,3.1,93.8,91.5,6.2,8.5,175,19,26,33,40,8,18,144,141,29.9,23.8,40.0,36.8,24.4,17.3,30.6,25.5,($1000 X INDEX),F90,VOLATILITY/VARIANCE INDEX,OTHER FINANCIAL INSTRUMENTS,FINANCIAL INSTRUMENTS,FutOnly,-8855,-7715,629,2599,-10397,-11817,5506,-2516,-7354,8793,797,-1222,-1759,-4692,-4625,-4163,-4230,16,17,12,26,49,9
2210111170E1F,VIX FUTURES - CBOE FUTURES EXCHANGE,2022-10-11T00:00:00.000,2022 Report Week 41,VIX FUTURES,1170E1,E   ,CHI,117 ,VOLATILITY/VARIANCE INDEX,340635,36547,14834,15343,94417,49864,36658,43031,105095,71662,8339,3324,11676,317673,308456,22962,32179,100.0,10.7,4.4,4.5,27.7,14.6,10.8,12.6,30.9,21.0,2.4,1.0,3.4,93.3,90.6,6.7,9.4,184,20,26,38,42,10,17,155,142,30.3,24.1,39.0,35.0,23.8,16.0,30.3,24.6,($1000 X INDEX),F90,VOLATILITY/VARIANCE INDEX,OTHER FINANCIAL INSTRUMENTS,FINANCIAL INSTRUMENTS,FutOnly,18448,3400,3805,-9001,2165,919,-4513,7510,5895,14742,-527,299,1538,15314,13684,3134,4764,16,18,13,27,52,6
2210181170E1F,VIX FUTURES - CBOE FUTURES EXCHANGE,2022-10-18T00:00:00.000,2022 Report Week 42,VIX FUTURES,1170E1,E   ,CHI,117 ,VOLATILITY/VARIANCE INDEX,333118,29561,13139,24222,84021,43857,38814,43484,100703,66572,11211,3642,13173,311058,304122,22060,28996,100.0,8.9,3.9,7.3,25.2,13.2,11.7,13.1,30.2,20.0,3.4,1.1,4.0,93.4,91.3,6.6,8.7,173,20,26,30,45,9,19,141,143,28.5,23.1,37.9,34.4,21.7,14.7,28.3,22.6,($1000 X INDEX),F90,VOLATILITY/VARIANCE INDEX,OTHER FINANCIAL INSTRUMENTS,FINANCIAL INSTRUMENTS,FutOnly,-7517,-6986,-1695,8879,-10396,-6007,2156,453,-4392,-5090,2872,318,1497,-6615,-4334,-902,-3183,15,18,12,23,48,9
2210251170E1F,VIX FUTURES - CBOE FUTURES EXCHANGE,2022-10-25T00:00:00.000,2022 Report Week 43,VIX FUTURES,1170E1,E   ,CHI,117 ,VOLATILITY/VARIANCE INDEX,317892,27861,11243,20925,76689,40268,39720,50249,99088,65606,6315,3284,9684,297049,289818,20843,28074,100.0,8.8,3.5,6.6,24.1,12.7,12.5,15.8,31.2,20.6,2.0,1.0,3.0,93.4,91.2,6.6,8.8,162,22,28,33,37,7,15,131,134,29.9,22.6,40.5,34.1,23.3,14.5,30.6,22.2,($1000 X INDEX),F90,VOLATILITY/VARIANCE INDEX,OTHER FINANCIAL INSTRUMENTS,FINANCIAL INSTRUMENTS,FutOnly,-15226,-1700,-1896,-3297,-7332,-3589,906,6765,-1615,-966,-4896,-358,-3489,-14009,-14304,-1217,-922,12,16,11,23,44,7
2211011170E1F,VIX FUTURES - CBOE FUTURES EXCHANGE,2022-11-01T00:00:00.000,2022 Report Week 44,VIX FUTURES,1170E1,E   ,CHI,117 ,VOLATILITY/VARIANCE INDEX,326527,30601,10936,22490,67940,55218,37414,54707,82598,75530,6329,5278,10409,305420,299873,21107,26654,100.0,9.4,3.3,6.9,20.8,16.9,11.5,16.8,25.3,23.1,1.9,1.6,3.2,93.5,91.8,6.5,8.2,167,28,24,30,45,8,16,127,147,30.2,18.7,41.4,30.8,25.0,12.2,32.6,21.0,($1000 X INDEX),F90,VOLATILITY/VARIANCE INDEX,OTHER FINANCIAL INSTRUMENTS,FINANCIAL INSTRUMENTS,FutOnly,8635,2740,-307,1565,-8749,14950,-2306,4458,-16490,9924,14,1994,725,8371,10055,264,-1420,12,18,12,16,49,5
2211081170E1F,VIX FUTURES - CBOE FUTURES EXCHANGE,2022-11-08T00:00:00.000,2022 Report Week 45,VIX FUTURES,1170E1,E   ,CHI,117 ,VOLATILITY/VARIANCE INDEX,333031,34564,13473,17506,78792,56108,39112,45528,86283,74441,7155,2963,14963,312061,304849,20970,28182,100.0,10.4,4.0,5.3,23.7,16.8,11.7,13.7,25.9,22.4,2.1,0.9,4.5,93.7,91.5,6.3,8.5,170,28,25,26,49,9,18,133,152,33.1,18.7,42.5,29.9,27.5,11.9,34.2,19.0,($1000 X INDEX),F90,VOLATILITY/VARIANCE INDEX,OTHER FINANCIAL INSTRUMENTS,FINANCIAL INSTRUMENTS,FutOnly,6504,3963,2537,-4984,10852,890,1698,-9179,3685,-1089,826,-2315,4554,6641,4976,-137,1528,11,21,13,18,51,6
2211151170E1F,VIX FUTURES - CBOE FUTURES EXCHANGE,2022-11-15T00:00:00.000,2022 Report Week 46,VIX FUTURES,1170E1,E   ,CHI,117 ,VOLATILITY/VARIANCE INDEX,323631,35322,15020,19834,81690,49636,36944,47699,96774,62280,7573,944,13331,304673,294763,18958,28868,100.0,10.9,4.6,6.1,25.2,15.3,11.4,14.7,29.9,19.2,2.3,0.3,4.1,94.1,91.1,5.9,8.9,168,29,23,29,48,6,14,133,145,33.7,19.2,45.1,30.0,27.8,12.4,35.3,19.4,($1000 X INDEX),F90,VOLATILITY/VARIANCE INDEX,OTHER FINANCIAL INSTRUMENTS,FINANCIAL INSTRUMENTS,FutOnly,-9400,758,1547,2328,2898,-6472,-2168,2171,10491,-12161,418,-2019,-1632,-7388,-10086,-2012,686,14,19,10,19,54,4
2211221170E1F,VIX FUTURES - CBOE FUTURES EXCHANGE,2022-11-22T00:00:00.000,2022 Report Week 47,VIX FUTURES,1170E1,E   ,CHI,117 ,VOLATILITY/VARIANCE INDEX,313877,31791,13356,11435,82511,63681,42513,52423,87701,54478,6592,2655,12215,293958,288034,19919,25843,100.0,10.1,4.3,3.6,26.3,20.3,13.5,16.7,27.9,17.4,2.1,0.8,3.9,93.7,91.8,6.3,8.2,165,35,23,26,43,9,15,123,142,33.9,18.8,45.2,30.5,29.7,13.4,38.4,20.8,($1000 X INDEX),F90,VOLATILITY/VARIANCE INDEX,OTHER FINANCIAL INSTRUMENTS,FINANCIAL INSTRUMENTS,FutOnly,-9754,-3531,-1664,-8399,821,14045,5569,4724,-9073,-7802,-981,1711,-1116,-10715,-6729,961,-3025,15,18,9,12,44,6
2211291170E1F,VIX FUTURES - CBOE FUTURES EXCHANGE,2022-11-29T00:00:00.000,2022 Report Week 48,VIX FUTURES,1170E1,E   ,CHI,117 ,VOLATILITY/VARIANCE INDEX,323336,32233,14865,9963,100711,69519,43277,48157,90289,55200,2916,3490,9352,301809,295955,21527,27381,100.0,10.0,4.6,3.1,31.1,21.5,13.4,14.9,27.9,17.1,0.9,1.1,2.9,93.3,91.5,6.7,8.5,170,31,25,28,44,10,13,128,142,34.6,20.0,45.5,32.3,29.5,13.7,38.2,22.1,($1000 X INDEX),F90,VOLATILITY/VARIANCE INDEX,OTHER FINANCIAL INSTRUMENTS,FINANCIAL INSTRUMENTS,FutOnly,9459,442,1509,-1472,18200,5838,764,-4266,2588,722,-3676,835,-2863,7851,7921,1608,1538,11,17,12,21,45,5
2212061170E1F,VIX FUTURES - CBOE FUTURES EXCHANGE,2022-12-06T00:00:00.000,2022 Report Week 49,VIX FUTURES,1170E1,E   ,CHI,117 ,VOLATILITY/VARIANCE INDEX,334630,38374,18790,13335,91562,72245,43693,51013,84480,61584,2238,3773,9049,310848,306949,23782,27681,100.0,11.5,5.6,4.0,27.4,21.6,13.1,15.2,25.2,18.4,0.7,1.1,2.7,92.9,91.7,7.1,8.3,175,30,28,27,44,9,11,135,144,33.4,20.5,43.9,33.4,28.7,13.5,36.3,21.6,($1000 X INDEX),F90,VOLATILITY/VARIANCE INDEX,OTHER FINANCIAL INSTRUMENTS,FINANCIAL INSTRUMENTS,FutOnly,11294,6141,3925,3372,-9149,2726,416,2856,-5809,6384,-678,283,-303,9039,10994,2255,300,17,19,12,23,46,5
2212131170E1F,VIX FUTURES - CBOE FUTURES EXCHANGE,2022-12-13T00:00:00.000,2022 Report Week 50,VIX FUTURES,1170E1,E   ,CHI,117 ,VOLATILITY/VARIANCE INDEX,347723,36510,18301,15962,93026,78968,40577,55982,80647,67974,2728,7855,9243,322002,319527,25721,28196,100.0,10.5,5.3,4.6,26.8,22.7,11.7,16.1,23.2,19.5,0.8,2.3,2.7,92.6,91.9,7.4,8.1,179,33,28,31,44,7,12,134,152,29.9,18.7,40.7,30.8,27.1,13.4,35.6,20.5,($1000 X INDEX),F90,VOLATILITY/VARIANCE INDEX,OTHER FINANCIAL INSTRUMENTS,FINANCIAL INSTRUMENTS,FutOnly,13093,-1864,-489,2627,1464,6723,-3116,4969,-3833,6390,490,4082,194,11154,12578,1939,515,12,20,14,20,47,9
2212201170E1F,VIX FUTURES - CBOE FUTURES EXCHANGE,2022-12-20T00:00:00.000,2022 Report Week 51,VIX FUTURES,1170E1,E   ,CHI,117 ,VOLATILITY/VARIANCE INDEX,331232,41080,14892,20851,87360,85240,36151,52657,62628,57166,2131,8152,14625,312021,299705,19211,31527,100.0,12.4,4.5,6.3,26.4,25.7,10.9,15.9,18.9,17.3,0.6,2.5,4.4,94.2,90.5,5.8,9.5,172,36,22,36,35,6,12,130,144,30.1,20.8,40.8,34.4,26.9,14.6,34.1,22.8,($1000 X INDEX),F90,VOLATILITY/VARIANCE INDEX,OTHER FINANCIAL INSTRUMENTS,FINANCIAL INSTRUMENTS,FutOnly,-16491,4570,-3409,4889,-5666,6272,-4426,-3325,-18019,-10808,-597,297,5382,-9981,-19822,-6510,3331,15,20,12,16,48,9
2212271170E1F,VIX FUTURES - CBOE FUTURES EXCHANGE,2022-12-27T00:00:00.000,2022 Report Week 52,VIX FUTURES,1170E1,E   ,CHI,117 ,VOLATILITY/VARIANCE INDEX,289519,38179,11605,15211,83984,86856,33383,39336,57223,46426,5059,2408,9886,271464,262998,18055,26521,100.0,13.2,4.0,5.3,29.0,30.0,11.5,13.6,19.8,16.0,1.7,0.8,3.4,93.8,90.8,6.2,9.2,160,31,19,26,39,8,11,116,133,33.9,24.2,44.0,39.4,29.6,18.8,37.0,27.5,($1000 X INDEX),F90,VOLATILITY/VARIANCE INDEX,OTHER FINANCIAL INSTRUMENTS,FINANCIAL INSTRUMENTS,FutOnly,-41713,-2901,-3287,-5640,-3376,1616,-2768,-13321,-5405,-10740,2928,-5744,-4739,-40557,-36707,-1156,-5006,16,17,9,18,42,6
2301031170E1F,VIX FUTURES - CBOE FUTURES EXCHANGE,2023-01-03T00:00:00.000,2023 Report Week 01,VIX FUTURES,1170E1,E   ,CHI,117 ,VOLATILITY/VARIANCE INDEX,297329,38026,13383,15994,83430,95813,34830,47577,56755,43885,6378,2131,8221,278341,271012,18988,26317,100.0,12.8,4.5,5.4,28.1,32.2,11.7,16.0,19.1,14.8,2.1,0.7,2.8,93.6,91.1,6.4,8.9,164,33,21,29,35,9,12,119,134,32.7,24.4,43.4,39.6,28.9,19.4,36.4,28.2,($1000 X INDEX),F90,VOLATILITY/VARIANCE INDEX,OTHER FINANCIAL INSTRUMENTS,FINANCIAL INSTRUMENTS,FutOnly,7810,-153,1778,783,-554,8957,1447,8241,-468,-2541,1319,-277,-1665,6877,8014,933,-204,17,17,9,18,39,5
2301101170E1F,VIX FUTURES - CBOE FUTURES EXCHANGE,2023-01-10T00:00:00.000,2023 Report Week 02,VIX FUTURES,1170E1,E   ,CHI,117 ,VOLATILITY/VARIANCE INDEX,301215,42118,16598,14506,84891,75381,38875,47645,78611,37188,5466,2527,11319,282008,275005,19207,26210,100.0,14.0,5.5,4.8,28.2,25.0,12.9,15.8,26.1,12.3,1.8,0.8,3.8,93.6,91.3,6.4,8.7,175,32,25,29,42,12,13,127,143,31.2,19.7,40.2,31.7,28.9,15.7,36.7,25.4,($1000 X INDEX),F90,VOLATILITY/VARIANCE INDEX,OTHER FINANCIAL INSTRUMENTS,FINANCIAL INSTRUMENTS,FutOnly,3886,4092,3215,-1488,1461,-20432,4045,68,21856,-6697,-912,396,3098,3667,3993,219,-107,15,17,10,22,40,5
2301171170E1F,VIX FUTURES - CBOE FUTURES EXCHANGE,2023-01-17T00:00:00.000,2023 Report Week 03,VIX FUTURES,1170E1,E   ,CHI,117 ,VOLATILITY/VARIANCE INDEX,326900,40781,20257,18277,83278,76592,39287,53399,76729,42751,5571,6211,14664,298008,294768,28892,32132,100.0,12.5,6.2,5.6,25.5,23.4,12.0,16.3,23.5,13.1,1.7,1.9,4.5,91.2,90.2,8.8,9.8,190,35,25,28,45,14,14,138,156,28.8,18.1,38.4,29.6,26.5,14.5,34.0,24.0,($1000 X INDEX),F90,VOLATILITY/VARIANCE INDEX,OTHER FINANCIAL INSTRUMENTS,FINANCIAL INSTRUMENTS,FutOnly,25685,-1337,3659,3771,-1613,1211,412,5754,-1882,5563,105,3684,3345,16000,19763,9685,5922,14,17,15,21,48,9
2301241170E1F,VIX FUTURES - CBOE FUTURES EXCHANGE,2023-01-24T00:00:00.000,2023 Report Week 04,VIX FUTURES,1170E1,E   ,CHI,117 ,VOLATILITY/VARIANCE INDEX,295825,39135,15969,10377,85160,83498,41183,49613,71191,32672,7328,5468,10529,275997,270887,19828,24938,100.0,13.2,5.4,3.5,28.8,28.2,13.9,16.8,24.1,11.0,2.5,1.8,3.6,93.3,91.6,6.7,8.4,185,33,24,31,43,13,13,137,142,31.6,19.9,40.9,32.4,29.3,16.4,37.2,26.8,($1000 X INDEX),F90,VOLATILITY/VARIANCE INDEX,OTHER FINANCIAL INSTRUMENTS,FINANCIAL INSTRUMENTS,FutOnly,-31075,-1646,-4288,-7900,1882,6906,1896,-3786,-5538,-10079,1757,-743,-4135,-22011,-23881,-9064,-7194,17,16,9,23,41,6
2301311170E1F,VIX FUTURES - CBOE FUTURES EXCHANGE,2023-01-31T00:00:00.000,2023 Report Week 05,VIX FUTURES,1170E1,E   ,CHI,117 ,VOLATILITY/VARIANCE INDEX,310475,37928,15723,16325,90892,92714,36565,54134,73511,33095,6180,4397,10926,286045,283256,24430,27219,100.0,12.2,5.1,5.3,29.3,29.9,11.8,17.4,23.7,10.7,2.0,1.4,3.5,92.1,91.2,7.9,8.8,192,33,27,34,42,15,13,145,148,31.7,22.2,41.3,33.9,29.8,18.6,38.0,29.5,($1000 X INDEX),F90,VOLATILITY/VARIANCE INDEX,OTHER FINANCIAL INSTRUMENTS,FINANCIAL INSTRUMENTS,FutOnly,14650,-1207,-246,5948,5732,9216,-4618,4521,2320,423,-1148,-1071,397,10048,12369,4602,2281,19,17,8,26,44,7
2302071170E1F,VIX FUTURES - CBOE FUTURES EXCHANGE,2023-02-07T00:00:00.000,2023 Report Week 06,VIX FUTURES,1170E1,E   ,CHI,117 ,VOLATILITY/VARIANCE INDEX,317316,42235,13803,16563,91188,83596,36731,53838,85250,36341,5359,3351,10015,292270,285650,25046,31666,100.0,13.3,4.3,5.2,28.7,26.3,11.6,17.0,26.9,11.5,1.7,1.1,3.2,92.1,90.0,7.9,10.0,192,32,29,31,48,15,12,149,145,30.5,19.7,40.6,30.8,28.8,17.7,37.7,27.7,($1000 X INDEX),F90,VOLATILITY/VARIANCE INDEX,OTHER FINANCIAL INSTRUMENTS,FINANCIAL INSTRUMENTS,FutOnly,6841,4307,-1920,238,296,-9118,166,-296,11739,3246,-821,-1046,-911,6225,2394,616,4447,19,17,8,26,44,6
2302141170E1F,VIX FUTURES - CBOE FUTURES EXCHANGE,2023-02-14T00:00:00.000,2023 Report Week 07,VIX FUTURES,1170E1,E   ,CHI,117 ,VOLATILITY/VARIANCE INDEX,341602,45218,18434,18792,88685,80330,41483,52084,82232,50741,5329,5006,14530,316862,311548,24740,30054,100.0,13.2,5.4,5.5,26.0,23.5,12.1,15.2,24.1,14.9,1.6,1.5,4.3,92.8,91.2,7.2,8.8,201,31,28,36,44,16,15,157,157,27.4,20.8,38.2,30.5,25.5,15.7,34.3,24.9,($1000 X INDEX),F90,VOLATILITY/VARIANCE INDEX,OTHER FINANCIAL INSTRUMENTS,FINANCIAL INSTRUMENTS,FutOnly,24286,2983,4631,2229,-2503,-3266,4752,-1754,-3018,14400,-30,1655,4515,24592,25898,-306,-1612,18,19,10,28,51,9
2302211170E1F,VIX FUTURES - CBOE FUTURES EXCHANGE,2023-02-21T00:00:00.000,2023 Report Week 08,VIX FUTURES,1170E1,E   ,CHI,117 ,VOLATILITY/VARIANCE INDEX,333082,38069,15431,16836,91903,68108,44523,48262,83512,52055,5192,10075,12837,309677,303377,23405,29705,100.0,11.4,4.6,5.1,27.6,20.4,13.4,14.5,25.1,15.6,1.6,3.0,3.9,93.0,91.1,7.0,8.9,193,30,31,32,43,18,18,155,147,27.6,22.2,38.3,31.7,26.3,15.8,34.9,24.8,($1000 X INDEX),F90,VOLATILITY/VARIANCE INDEX,OTHER FINANCIAL INSTRUMENTS,FINANCIAL INSTRUMENTS,FutOnly,-8520,-7149,-3003,-1956,3218,-12222,3040,-3822,1280,1314,-137,5069,-1693,-7185,-8171,-1335,-349,15,16,10,27,44,11
2302281170E1F,VIX FUTURES - CBOE FUTURES EXCHANGE,2023-02-28T00:00:00.000,2023 Report Week 09,VIX FUTURES,1170E1,E   ,CHI,117 ,VOLATILITY/VARIANCE INDEX,336321,35717,13785,22733,90348,73585,43948,54540,88719,48210,5818,8302,10760,312074,310042,24247,26279,100.0,10.6,4.1,6.8,26.9,21.9,13.1,16.2,26.4,14.3,1.7,2.5,3.2,92.8,92.2,7.2,7.8,198,30,29,38,40,16,15,160,149,26.9,22.1,36.0,31.8,25.0,16.7,32.1,25.0,($1000 X INDEX),F90,VOLATILITY/VARIANCE INDEX,OTHER FINANCIAL INSTRUMENTS,FINANCIAL INSTRUMENTS,FutOnly,3239,-2352,-1646,5897,-1555,5477,-575,6278,5207,-3845,626,-1773,-2077,2397,6665,842,-3426,16,18,8,31,49,9
2303071170E1F,VIX FUTURES - CBOE FUTURES EXCHANGE,2023-03-07T00:00:00.000,2023 Report Week 10,VIX FUTURES,1170E1,E   ,CHI,117 ,VOLATILITY/VARIANCE INDEX,356442,40447,16672,20995,97147,94233,46808,60081,83665,45704,6265,8710,12935,330382,329722,26060,26720,100.0,11.3,4.7,5.9,27.3,26.4,13.1,16.9,23.5,12.8,1.8,2.4,3.6,92.7,92.5,7.3,7.5,206,31,29,39,41,17,17,169,152,26.3,22.5,35.7,33.5,24.3,17.4,31.6,26.9,($1000 X INDEX),F90,VOLATILITY/VARIANCE INDEX,OTHER FINANCIAL INSTRUMENTS,FINANCIAL INSTRUMENTS,FutOnly,20121,4730,2887,-1738,6799,20648,2860,5541,-5054,-2506,447,408,2175,18308,19680,1813,441,19,20,9,32,49,9
2303141170E1F,VIX FUTURES - CBOE FUTURES EXCHANGE,2023-03-14T00:00:00.000,2023 Report Week 11,VIX FUTURES,1170E1,E   ,CHI,117 ,VOLATILITY/VARIANCE INDEX,336746,46842,14956,19275,76328,71267,36821,55843,88280,47983,6945,6625,13639,303676,298846,33070,37900,100.0,13.9,4.4,5.7,22.7,21.2,10.9,16.6,26.2,14.2,2.1,2.0,4.1,90.2,88.7,9.8,11.3,178,30,24,33,35,11,20,144,141,23.8,20.1,34.5,33.0,22.1,14.9,30.6,27.0,($1000 X INDEX),F90,VOLATILITY/VARIANCE INDEX,OTHER FINANCIAL INSTRUMENTS,FINANCIAL INSTRUMENTS,FutOnly,-19696,6395,-1716,-1720,-20819,-22966,-9987,-4238,4615,2279,680,-2085,704,-26706,-30876,7010,11180,17,19,8,25,44,6
2303211170E1F,VIX FUTURES - CBOE FUTURES EXCHANGE,2023-03-21T00:00:00.000,2023 Report Week 12,VIX FUTURES,1170E1,E   ,CHI,117 ,VOLATILITY/VARIANCE INDEX,330622,38387,13455,18346,69208,67060,42757,51304,79553,60412,6304,2691,17315,304033,301589,26589,29033,100.0,11.6,4.1,5.5,20.9,20.3,12.9,15.5,24.1,18.3,1.9,0.8,5.2,92.0,91.2,8.0,8.8,176,25,27,30,38,11,20,145,144,25.8,24.8,35.9,35.6,19.6,15.1,27.2,24.9,($1000 X INDEX),F90,VOLATILITY/VARIANCE INDEX,OTHER FINANCIAL INSTRUMENTS,FINANCIAL INSTRUMENTS,FutOnly,-6124,-8455,-1501,-929,-7120,-4207,5936,-4539,-8727,12429,-641,-3934,3676,357,2743,-6481,-8867,15,18,9,27,48,
2303281170E1F,VIX FUTURES - CBOE FUTURES EXCHANGE,2023-03-28T00:00:00.000,2023 Report Week 13,VIX FUTURES,1170E1,E   ,CHI,117 ,VOLATILITY/VARIANCE INDEX,315941,30576,16552,12895,73811,72494,39895,57895,73407,51939,6914,3149,14704,288629,285035,27312,30906,100.0,9.7,5.2,4.1,23.4,22.9,12.6,18.3,23.2,16.4,2.2,1.0,4.7,91.4,90.2,8.6,9.8,169,28,22,30,32,12,18,136,131,28.7,25.8,40.7,36.4,23.5,17.0,32.2,25.9,($1000 X INDEX),F90,VOLATILITY/VARIANCE INDEX,OTHER FINANCIAL INSTRUMENTS,FINANCIAL INSTRUMENTS,FutOnly,-14681,-7811,3097,-5451,4603,5434,-2862,6591,-6146,-8473,610,458,-2611,-15404,-16554,723,1873,13,18,12,21,40,4
2304041170E1F,VIX FUTURES - CBOE FUTURES EXCHANGE,2023-04-04T00:00:00.000,2023 Report Week 14,VIX FUTURES,1170E1,E   ,CHI,117 ,VOLATILITY/VARIANCE INDEX,355008,33016,18353,16627,87397,97215,42444,71664,80709,55033,7386,3881,12633,326200,326895,28808,28113,100.0,9.3,5.2,4.7,24.6,27.4,12.0,20.2,22.7,15.5,2.1,1.1,3.6,91.9,92.1,8.1,7.9,193,30,26,37,42,15,17,157,148,27.9,26.6,39.5,38.1,23.2,18.2,32.6,27.9,($1000 X INDEX),F90,VOLATILITY/VARIANCE INDEX,OTHER FINANCIAL INSTRUMENTS,FINANCIAL INSTRUMENTS,FutOnly,39067,2440,1801,3732,13586,24721,2549,13769,7302,3094,472,732,-2071,37571,41860,1496,-2793,15,20,12,22,49,5
2304111170E1F,VIX FUTURES - CBOE FUTURES EXCHANGE,2023-04-11T00:00:00.000,2023 Report Week 15,VIX FUTURES,1170E1,E   ,CHI,117 ,VOLATILITY/VARIANCE INDEX,360853,35201,22155,16224,90752,97929,43079,69560,76540,57775,7663,6666,15061,335315,335429,25538,25424,100.0,9.8,6.1,4.5,25.1,27.1,11.9,19.3,21.2,16.0,2.1,1.8,4.2,92.9,93.0,7.1,7.0,200,32,27,38,40,16,20,166,152,27.1,25.1,37.3,35.3,22.9,18.0,31.6,26.1,($1000 X INDEX),F90,VOLATILITY/VARIANCE INDEX,OTHER FINANCIAL INSTRUMENTS,FINANCIAL INSTRUMENTS,FutOnly,5845,2185,3802,-403,3355,714,635,-2104,-4169,2742,277,2785,2428,9115,8534,-3270,-2689,19,21,12,22,50,4
2304181170E1F,VIX FUTURES - CBOE FUTURES EXCHANGE,2023-04-18T00:00:00.000,2023 Report Week 16,VIX FUTURES,1170E1,E   ,CHI,117 ,VOLATILITY/VARIANCE INDEX,391654,39325,24400,22978,106049,101211,44011,78446,97643,54431,6995,5732,13578,365813,363984,25841,27670,100.0,10.0,6.2,5.9,27.1,25.8,11.2,20.0,24.9,13.9,1.8,1.5,3.5,93.4,92.9,6.6,7.1,212,33,27,46,43,14,16,174,158,25.5,22.0,35.9,33.3,23.4,18.1,33.2,26.7,($1000 X INDEX),F90,VOLATILITY/VARIANCE INDEX,OTHER FINANCIAL INSTRUMENTS,FINANCIAL INSTRUMENTS,FutOnly,30801,4124,2245,6754,15297,3282,932,8886,21103,-3344,-668,-934,-1483,30498,28555,303,2246,18,22,13,26,55,8
2304251170E1F,VIX FUTURES - CBOE FUTURES EXCHANGE,2023-04-25T00:00:00.000,2023 Report Week 17,VIX FUTURES,1170E1,E   ,CHI,117 ,VOLATILITY/VARIANCE INDEX,370163,40360,15997,12563,122887,104274,39394,61468,103842,50243,5627,5173,12352,344894,343838,25269,26325,100.0,10.9,4.3,3.4,33.2,28.2,10.6,16.6,28.1,13.6,1.5,1.4,3.3,93.2,92.9,6.8,7.1,210,32,25,49,42,13,18,166,152,28.2,23.5,37.6,33.8,27.0,19.5,35.2,28.8,($1000 X INDEX),F90,VOLATILITY/VARIANCE INDEX,OTHER FINANCIAL INSTRUMENTS,FINANCIAL INSTRUMENTS,FutOnly,-21491,1035,-8403,-10415,16838,3063,-4617,-16978,6199,-4188,-1368,-559,-1226,-20919,-20146,-572,-1345,18,16,11,26,49,11
2305021170E1F,VIX FUTURES - CBOE FUTURES EXCHANGE,2023-05-02T00:00:00.000,2023 Report Week 18,VIX FUTURES,1170E1,E   ,CHI,117 ,VOLATILITY/VARIANCE INDEX,385804,46636,18352,13822,126384,105820,43121,65628,113817,44212,5979,5677,12077,357859,356898,27945,28906,100.0,12.1,4.8,3.6,32.8,27.4,11.2,17.0,29.5,11.5,1.5,1.5,3.1,92.8,92.5,7.2,7.5,206,32,27,50,41,14,17,167,149,27.0,24.4,37.0,34.7,25.7,19.8,34.2,29.2,($1000 X INDEX),F90,VOLATILITY/VARIANCE INDEX,OTHER FINANCIAL INSTRUMENTS,FINANCIAL INSTRUMENTS,FutOnly,15641,6276,2355,1259,3497,1546,3727,4160,9975,-6031,352,504,-275,12965,13060,2676,2581,17,13,9,27,53,10
2305091170E1F,VIX FUTURES - CBOE FUTURES EXCHANGE,2023-05-09T00:00:00.000,2023 Report Week 19,VIX FUTURES,1170E1,E   ,CHI,117 ,VOLATILITY/VARIANCE INDEX,391773,41823,20996,16112,117118,96416,45208,73907,109149,53519,4818,8008,13965,366470,363373,25303,28400,100.0,10.7,5.4,4.1,29.9,24.6,11.5,18.9,27.9,13.7,1.2,2.0,3.6,93.5,92.8,6.5,7.2,201,31,27,46,42,9,16,163,151,25.8,22.8,36.7,32.4,24.5,18.5,33.9,26.2,($1000 X INDEX),F90,VOLATILITY/VARIANCE INDEX,OTHER FINANCIAL INSTRUMENTS,FINANCIAL INSTRUMENTS,FutOnly,5969,-4813,2644,2290,-9266,-9404,2087,8279,-4668,9307,-1161,2331,1888,8611,6475,-2642,-506,17,17,10,26,53,10
2305161170E1F,VIX FUTURES - CBOE FUTURES EXCHANGE,2023-05-16T00:00:00.000,2023 Report Week 20,VIX FUTURES,1170E1,E   ,CHI,117 ,VOLATILITY/VARIANCE INDEX,403023,41356,30655,17688,115953,88285,44833,72942,105387,62894,4446,8717,14441,374553,372900,28470,30123,100.0,10.3,7.6,4.4,28.8,21.9,11.1,18.1,26.1,15.6,1.1,2.2,3.6,92.9,92.5,7.1,7.5,201,32,26,40,44,7,17,160,158,25.7,21.7,36.0,32.5,24.2,17.6,33.3,24.3,($1000 X INDEX),F90,VOLATILITY/VARIANCE INDEX,OTHER FINANCIAL INSTRUMENTS,FINANCIAL INSTRUMENTS,FutOnly,11250,-467,9659,1576,-1165,-8131,-375,-965,-3762,9375,-372,709,476,8083,9527,3167,1723,16,19,10,27,55,14
2305231170E1F,VIX FUTURES - CBOE FUTURES EXCHANGE,2023-05-23T00:00:00.000,2023 Report Week 21,VIX FUTURES,1170E1,E   ,CHI,117 ,VOLATILITY/VARIANCE INDEX,388769,42251,20159,14441,121275,97704,49946,62819,100888,53995,6456,10527,12294,363477,359954,25292,28815,100.0,10.9,5.2,3.7,31.2,25.1,12.8,16.2,26.0,13.9,1.7,2.7,3.2,93.5,92.6,6.5,7.4,202,30,26,41,41,12,17,156,150,29.5,24.1,40.3,34.3,27.9,18.2,35.4,25.8,($1000 X INDEX),F90,VOLATILITY/VARIANCE INDEX,OTHER FINANCIAL INSTRUMENTS,FINANCIAL INSTRUMENTS,FutOnly,-14254,895,-10496,-3247,5322,9419,5113,-10123,-4499,-8899,2010,1810,-2147,-11076,-12946,-3178,-1308,16,16,10,30,45,11
2305301170E1F,VIX FUTURES - CBOE FUTURES EXCHANGE,2023-05-30T00:00:00.000,2023 Report Week 22,VIX FUTURES,1170E1,E   ,CHI,117 ,VOLATILITY/VARIANCE INDEX,379707,38021,23532,14974,114421,84849,51094,63505,104895,52588,6734,6533,13038,354375,351503,25332,28204,100.0,10.0,6.2,3.9,30.1,22.3,13.5,16.7,27.6,13.8,1.8,1.7,3.4,93.3,92.6,6.7,7.4,197,33,26,41,40,11,14,153,150,29.2,20.9,39.2,31.2,27.4,16.7,34.7,24.0,($1000 X INDEX),F90,VOLATILITY/VARIANCE INDEX,OTHER FINANCIAL INSTRUMENTS,FINANCIAL INSTRUMENTS,FutOnly,-9062,-4230,3373,533,-6854,-12855,1148,686,4007,-1407,278,-3994,744,-9102,-8451,40,-611,14,17,11,25,49,9
2306061170E1F,VIX FUTURES - CBOE FUTURES EXCHANGE,2023-06-06T00:00:00.000,2023 Report Week 23,VIX FUTURES,1170E1,E   ,CHI,117 ,VOLATILITY/VARIANCE INDEX,417626,47764,28409,19196,107968,95198,50246,71959,103910,68261,8729,7033,12404,386527,384657,31099,32969,100.0,11.4,6.8,4.6,25.9,22.8,12.0,17.2,24.9,16.3,2.1,1.7,3.0,92.6,92.1,7.4,7.9,204,31,28,42,41,16,12,162,146,26.5,19.5,36.6,29.6,24.6,14.8,31.3,22.8,($1000 X INDEX),F90,VOLATILITY/VARIANCE INDEX,OTHER FINANCIAL INSTRUMENTS,FINANCIAL INSTRUMENTS,FutOnly,37919,9743,4877,4222,-6453,10349,-848,8454,-985,15673,1995,500,-634,32152,33154,5767,4765,15,18,10,31,46,6
2306131170E1F,VIX FUTURES - CBOE FUTURES EXCHANGE,2023-06-13T00:00:00.000,2023 Report Week 24,VIX FUTURES,1170E1,E   ,CHI,117 ,VOLATILITY/VARIANCE INDEX,453169,53059,29872,23617,112889,101428,47510,82895,122468,72404,11977,6610,18000,422351,421909,30818,31260,100.0,11.7,6.6,5.2,24.9,22.4,10.5,18.3,27.0,16.0,2.6,1.5,4.0,93.2,93.1,6.8,6.9,217,29,27,48,44,18,20,175,155,25.4,20.6,35.3,31.0,23.6,15.0,30.9,23.7,($1000 X INDEX),F90,VOLATILITY/VARIANCE INDEX,OTHER FINANCIAL INSTRUMENTS,FINANCIAL INSTRUMENTS,FutOnly,35543,5295,1463,4421,4921,6230,-2736,10936,18558,4143,3248,-423,5596,35824,37252,-281,-1709,13,18,11,32,48,11
2306201170E1F,VIX FUTURES - CBOE FUTURES EXCHANGE,2023-06-20T00:00:00.000,2023 Report Week 25,VIX FUTURES,1170E1,E   ,CHI,117 ,VOLATILITY/VARIANCE INDEX,455331,56064,28609,30262,109226,105942,49427,86050,118377,63521,12627,11162,17058,424235,424358,31096,30973,100.0,12.3,6.3,6.6,24.0,23.3,10.9,18.9,26.0,14.0,2.8,2.5,3.7,93.2,93.2,6.8,6.8,213,35,24,39,48,15,21,163,165,25.9,20.8,36.4,32.1,24.1,15.0,31.3,24.2,($1000 X INDEX),F90,VOLATILITY/VARIANCE INDEX,OTHER FINANCIAL INSTRUMENTS,FINANCIAL INSTRUMENTS,FutOnly,2162,3005,-1263,6645,-3663,4514,1917,3155,-4091,-8883,650,4552,-942,1884,2449,278,-287,14,20,12,26,50,15
2306271170E1F,VIX FUTURES - CBOE FUTURES EXCHANGE,2023-06-27T00:00:00.000,2023 Report Week 26,VIX FUTURES,1170E1,E   ,CHI,117 ,VOLATILITY/VARIANCE INDEX,396124,58754,21832,13634,95592,100770,55631,75060,107906,50808,7832,4942,12441,369752,367964,26372,28160,100.0,14.8,5.5,3.4,24.1,25.4,14.0,18.9,27.2,12.8,2.0,1.2,3.1,93.3,92.9,6.7,7.1,212,37,27,36,49,16,19,158,163,28.8,21.9,40.6,32.7,26.5,15.3,35.3,24.1,($1000 X INDEX),F90,VOLATILITY/VARIANCE INDEX,OTHER FINANCIAL INSTRUMENTS,FINANCIAL INSTRUMENTS,FutOnly,-59207,2690,-6777,-16628,-13634,-5172,6204,-10990,-10471,-12713,-4795,-6220,-4617,-54483,-56394,-4724,-2813,16,19,11,22,44,12
2307031170E1F,VIX FUTURES - CBOE FUTURES EXCHANGE,2023-07-03T00:00:00.000,2023 Report Week 27,VIX FUTURES,1170E1,E   ,CHI,117 ,VOLATILITY/VARIANCE INDEX,406805,60384,28353,13272,95840,93045,56848,76255,112921,53308,10835,5897,13968,380710,377612,26095,29193,100.0,14.8,7.0,3.3,23.6,22.9,14.0,18.7,27.8,13.1,2.7,1.4,3.4,93.6,92.8,6.4,7.2,209,32,27,38,46,17,19,157,164,28.3,21.3,39.3,30.8,25.9,15.1,34.0,23.1,($1000 X INDEX),F90,VOLATILITY/VARIANCE INDEX,OTHER FINANCIAL INSTRUMENTS,FINANCIAL INSTRUMENTS,FutOnly,10681,1630,6521,-362,248,-7725,1217,1195,5015,2500,3003,955,1527,10958,9648,-277,1033,14,18,13,23,48,15
2307111170E1F,VIX FUTURES - CBOE FUTURES EXCHANGE,2023-07-11T00:00:00.000,2023 Report Week 28,VIX FUTURES,1170E1,E   ,CHI,117 ,VOLATILITY/VARIANCE INDEX,403072,62806,31056,16886,101272,80544,51454,65524,116043,57527,7064,7629,14805,377338,375944,25734,27128,100.0,15.6,7.7,4.2,25.1,20.0,12.8,16.3,28.8,14.3,1.8,1.9,3.7,93.6,93.3,6.4,6.7,214,30,26,35,48,17,22,168,167,27.6,20.0,38.6,30.4,25.4,15.0,33.7,23.7,($1000 X INDEX),F90,VOLATILITY/VARIANCE INDEX,OTHER FINANCIAL INSTRUMENTS,FINANCIAL INSTRUMENTS,FutOnly,-3733,2422,2703,3614,5432,-12501,-5394,-10731,3122,4219,-3771,1732,837,-3372,-1668,-361,-2065,14,21,16,28,52,14
2307181170E1F,VIX FUTURES - CBOE FUTURES EXCHANGE,2023-07-18T00:00:00.000,2023 Report Week 29,VIX FUTURES,1170E1,E   ,CHI,117 ,VOLATILITY/VARIANCE INDEX,438936,69668,36732,24770,94399,87197,57576,88990,125605,57957,7570,6864,14525,415455,411226,23481,27710,100.0,15.9,8.4,5.6,21.5,19.9,13.1,20.3,28.6,13.2,1.7,1.6,3.3,94.7,93.7,5.3,6.3,217,32,27,39,49,13,23,169,170,25.3,20.9,36.5,32.2,23.0,14.4,33.6,23.6,($1000 X INDEX),F90,VOLATILITY/VARIANCE INDEX,OTHER FINANCIAL INSTRUMENTS,FINANCIAL INSTRUMENTS,FutOnly,35864,6862,5676,7884,-6873,6653,6122,23466,9562,430,506,-765,-280,38117,35282,-2253,582,16,22,13,26,50,16
2307251170E1F,VIX FUTURES - CBOE FUTURES EXCHANGE,2023-07-25T00:00:00.000,2023 Report Week 30,VIX FUTURES,1170E1,E   ,CHI,117 ,VOLATILITY/VARIANCE INDEX,397695,52161,23354,20467,94527,79145,58867,75609,115037,53421,5068,5579,13814,373934,369684,23761,28011,100.0,13.1,5.9,5.1,23.8,19.9,14.8,19.0,28.9,13.4,1.3,1.4,3.5,94.0,93.0,6.0,7.0,213,30,27,40,48,13,23,166,165,26.1,20.3,37.2,31.1,23.8,15.6,32.7,23.6,($1000 X INDEX),F90,VOLATILITY/VARIANCE INDEX,OTHER FINANCIAL INSTRUMENTS,FINANCIAL INSTRUMENTS,FutOnly,-41241,-17507,-13378,-4303,128,-8052,1291,-13381,-10568,-4536,-2502,-1285,-711,-41521,-41542,280,301,17,18,9,28,50,15
2308011170E1F,VIX FUTURES - CBOE FUTURES EXCHANGE,2023-08-01T00:00:00.000,2023 Report Week 31,VIX FUTURES,1170E1,E   ,CHI,117 ,VOLATILITY/VARIANCE INDEX,400082,51813,26010,18590,100841,79031,54198,75270,120239,53177,5305,5852,14537,373731,371634,26351,28448,100.0,13.0,6.5,4.6,25.2,19.8,13.5,18.8,30.1,13.3,1.3,1.5,3.6,93.4,92.9,6.6,7.1,216,31,27,45,46,14,24,170,165,24.9,20.1,36.5,30.6,22.7,15.3,31.5,24.0,($1000 X INDEX),F90,VOLATILITY/VARIANCE INDEX,OTHER FINANCIAL INSTRUMENTS,FINANCIAL INSTRUMENTS,FutOnly,2387,-348,2656,-1877,6314,-114,-4669,-339,5202,-244,237,273,723,-203,1950,2590,437,14,19,12,27,49,13
2308081170E1F,VIX FUTURES - CBOE FUTURES EXCHANGE,2023-08-08T00:00:00.000,2023 Report Week 32,VIX FUTURES,1170E1,E   ,CHI,117 ,VOLATILITY/VARIANCE INDEX,376604,47389,22849,18587,90309,68123,47449,70741,111691,57795,4589,5887,15620,352479,348001,24125,28603,100.0,12.6,6.1,4.9,24.0,18.1,12.6,18.8,29.7,15.3,1.2,1.6,4.1,93.6,92.4,6.4,7.6,207,30,27,43,47,10,22,168,170,24.8,18.9,36.7,28.3,21.9,14.9,31.9,21.9,($1000 X INDEX),F90,VOLATILITY/VARIANCE INDEX,OTHER FINANCIAL INSTRUMENTS,FINANCIAL INSTRUMENTS,FutOnly,-23478,-4424,-3161,-3,-10532,-10908,-6749,-4529,-8548,4618,-716,35,1083,-21252,-23633,-2226,155,12,20,13,26,62,14
2308151170E1F,VIX FUTURES - CBOE FUTURES EXCHANGE,2023-08-15T00:00:00.000,2023 Report Week 33,VIX FUTURES,1170E1,E   ,CHI,117 ,VOLATILITY/VARIANCE INDEX,395240,45262,28789,18757,89282,73537,52194,75730,100429,67373,4140,6031,20145,372883,367255,22357,27985,100.0,11.5,7.3,4.7,22.6,18.6,13.2,19.2,25.4,17.0,1.0,1.5,5.1,94.3,92.9,5.7,7.1,204,30,26,34,48,11,25,167,169,23.6,19.3,34.8,29.8,20.5,14.3,30.1,23.6,($1000 X INDEX),F90,VOLATILITY/VARIANCE INDEX,OTHER FINANCIAL INSTRUMENTS,FINANCIAL INSTRUMENTS,FutOnly,18636,-2127,5940,170,-1027,5414,4745,4989,-11262,9578,-449,144,4525,20404,19254,-1768,-618,14,22,11,27,59,16
2308221170E1F,VIX FUTURES - CBOE FUTURES EXCHANGE,2023-08-22T00:00:00.000,2023 Report Week 34,VIX FUTURES,1170E1,E   ,CHI,117 ,VOLATILITY/VARIANCE INDEX,353676,37096,22346,17221,90196,66920,46750,65966,98985,51758,5572,6855,16230,330789,327065,22887,26611,100.0,10.5,6.3,4.9,25.5,18.9,13.2,18.7,28.0,14.6,1.6,1.9,4.6,93.5,92.5,6.5,7.5,195,30,25,38,41,7,23,153,163,27.0,18.0,37.7,28.4,23.6,13.8,33.9,22.7,($1000 X INDEX),F90,VOLATILITY/VARIANCE INDEX,OTHER FINANCIAL INSTRUMENTS,FINANCIAL INSTRUMENTS,FutOnly,-41564,-8166,-6443,-1536,914,-6617,-5444,-9764,-1444,-15615,1432,824,-3915,-42094,-40190,530,-1374,13,16,10,21,57,18
2308291170E1F,VIX FUTURES - CBOE FUTURES EXCHANGE,2023-08-29T00:00:00.000,2023 Report Week 35,VIX FUTURES,1170E1,E   ,CHI,117 ,VOLATILITY/VARIANCE INDEX,384844,43903,33194,14603,96689,72970,51903,71036,108836,55917,11367,3212,15405,360823,356040,24021,28804,100.0,11.4,8.6,3.8,25.1,19.0,13.5,18.5,28.3,14.5,3.0,0.8,4.0,93.8,92.5,6.2,7.5,201,29,24,39,44,12,23,156,161,26.4,18.8,37.9,28.9,23.0,13.8,33.4,22.9,($1000 X INDEX),F90,VOLATILITY/VARIANCE INDEX,OTHER FINANCIAL INSTRUMENTS,FINANCIAL INSTRUMENTS,FutOnly,31168,6807,10848,-2618,6493,6050,5153,5070,9851,4159,5795,-3643,-825,30034,28975,1134,2193,14,17,12,24,52,12
2309051170E1F,VIX FUTURES - CBOE FUTURES EXCHANGE,2023-09-05T00:00:00.000,2023 Report Week 36,VIX FUTURES,1170E1,E   ,CHI,117 ,VOLATILITY/VARIANCE INDEX,402061,54687,32575,15999,93156,82737,53702,80127,109347,55288,4840,6612,17832,375631,374092,26430,27969,100.0,13.6,8.1,4.0,23.2,20.6,13.4,19.9,27.2,13.8,1.2,1.6,4.4,93.4,93.0,6.6,7.0,205,31,27,38,48,10,22,168,161,25.6,19.2,38.1,29.5,23.4,14.2,33.6,22.5,($1000 X INDEX),F90,VOLATILITY/VARIANCE INDEX,OTHER FINANCIAL INSTRUMENTS,FINANCIAL INSTRUMENTS,FutOnly,17217,10784,-619,1396,-3533,9767,1799,9091,511,-629,-6527,3400,2427,14808,18052,2409,-835,14,22,13,25,53,14
2309121170E1F,VIX FUTURES - CBOE FUTURES EXCHANGE,2023-09-12T00:00:00.000,2023 Report Week 37,VIX FUTURES,1170E1,E   ,CHI,117 ,VOLATILITY/VARIANCE INDEX,418072,59317,35509,19762,95127,82905,47880,79688,111804,63810,5221,8378,20043,390848,390091,27224,27981,100.0,14.2,8.5,4.7,22.8,19.8,11.5,19.1,26.7,15.3,1.2,2.0,4.8,93.5,93.3,6.5,6.7,217,31,26,42,51,11,24,177,169,25.3,19.1,37.7,29.1,22.9,13.3,33.1,21.4,($1000 X INDEX),F90,VOLATILITY/VARIANCE INDEX,OTHER FINANCIAL INSTRUMENTS,FINANCIAL INSTRUMENTS,FutOnly,16011,4630,2934,3763,1971,168,-5822,-439,2457,8522,381,1766,2211,15217,15999,794,12,16,23,12,28,56,14
2309191170E1F,VIX FUTURES - CBOE FUTURES EXCHANGE,2023-09-19T00:00:00.000,2023 Report Week 38,VIX FUTURES,1170E1,E   ,CHI,117 ,VOLATILITY/VARIANCE INDEX,440059,67422,40342,22331,93851,86035,54232,81269,109882,73283,7661,8376,15902,415951,410383,24108,29676,100.0,15.3,9.2,5.1,21.3,19.6,12.3,18.5,25.0,16.7,1.7,1.9,3.6,94.5,93.3,5.5,6.7,223,31,26,40,53,14,24,182,174,25.8,19.5,38.1,29.3,23.8,14.5,32.7,22.5,($1000 X INDEX),F90,VOLATILITY/VARIANCE INDEX,OTHER FINANCIAL INSTRUMENTS,FINANCIAL INSTRUMENTS,FutOnly,21987,8105,4833,2569,-1276,3130,6352,1581,-1922,9473,2440,-2,-4141,25103,20292,-3116,1695,18,20,9,29,63,15
2309261170E1F,VIX FUTURES - CBOE FUTURES EXCHANGE,2023-09-26T00:00:00.000,2023 Report Week 39,VIX FUTURES,1170E1,E   ,CHI,117 ,VOLATILITY/VARIANCE INDEX,384930,60567,24188,13528,88983,74398,50284,55756,101177,70095,4342,4089,16648,360203,354407,24727,30523,100.0,15.7,6.3,3.5,23.1,19.3,13.1,14.5,26.3,18.2,1.1,1.1,4.3,93.6,92.1,6.4,7.9,215,33,31,37,51,11,21,170,173,26.5,18.8,39.0,27.6,24.4,12.2,33.1,20.5,($1000 X INDEX),F90,VOLATILITY/VARIANCE INDEX,OTHER FINANCIAL INSTRUMENTS,FINANCIAL INSTRUMENTS,FutOnly,-55129,-6855,-16154,-8803,-4868,-11637,-3948,-25513,-8705,-3188,-3319,-4287,746,-55748,-55976,619,847,15,18,14,27,58,13
2310031170E1F,VIX FUTURES - CBOE FUTURES EXCHANGE,2023-10-03T00:00:00.000,2023 Report Week 40,VIX FUTURES,1170E1,E   ,CHI,117 ,VOLATILITY/VARIANCE INDEX,381162,54830,29697,14558,87946,65248,49595,63018,105593,64767,5859,4775,16166,356739,350399,24423,30763,100.0,14.4,7.8,3.8,23.1,17.1,13.0,16.5,27.7,17.0,1.5,1.3,4.2,93.6,91.9,6.4,8.1,208,31,30,37,51,9,23,170,168,25.7,19.5,36.9,28.5,22.0,12.2,30.7,20.0,($1000 X INDEX),F90,VOLATILITY/VARIANCE INDEX,OTHER FINANCIAL INSTRUMENTS,FINANCIAL INSTRUMENTS,FutOnly,-3768,-5737,5509,1030,-1037,-9150,-689,7262,4416,-5328,1517,686,-482,-3464,-4008,-304,240,12,16,14,27,61,13
2310101170E1F,VIX FUTURES - CBOE FUTURES EXCHANGE,2023-10-10T00:00:00.000,2023 Report Week 41,VIX FUTURES,1170E1,E   ,CHI,117 ,VOLATILITY/VARIANCE INDEX,360969,37378,32678,16526,74664,62810,51729,63747,79619,63628,8511,1625,19079,335262,327694,25707,33275,100.0,10.4,9.1,4.6,20.7,17.4,14.3,17.7,22.1,17.6,2.4,0.5,5.3,92.9,90.8,7.1,9.2,201,35,31,37,45,10,22,169,171,25.0,19.0,36.8,29.3,22.0,12.0,31.2,19.3,($1000 X INDEX),F90,VOLATILITY/VARIANCE INDEX,OTHER FINANCIAL INSTRUMENTS,FINANCIAL INSTRUMENTS,FutOnly,-20193,-17452,2981,1968,-13282,-2438,2134,729,-25974,-1139,2652,-3150,2913,-21477,-22705,1284,2512,8,19,17,23,67,12
2310171170E1F,VIX FUTURES - CBOE FUTURES EXCHANGE,2023-10-17T00:00:00.000,2023 Report Week 42,VIX FUTURES,1170E1,E   ,CHI,117 ,VOLATILITY/VARIANCE INDEX,376083,41539,38852,17962,75369,68467,52650,70720,78962,66317,9239,2109,19832,353628,345151,22455,30932,100.0,11.0,10.3,4.8,20.0,18.2,14.0,18.8,21.0,17.6,2.5,0.6,5.3,94.0,91.8,6.0,8.2,206,35,29,34,48,12,22,171,169,24.4,19.5,36.4,30.3,22.5,12.8,31.8,21.2,($1000 X INDEX),F90,VOLATILITY/VARIANCE INDEX,OTHER FINANCIAL INSTRUMENTS,FINANCIAL INSTRUMENTS,FutOnly,15114,4161,6174,1436,705,5657,921,6973,-657,2689,728,484,753,18366,17457,-3252,-2343,11,18,15,24,65,12
2310241170E1F,VIX FUTURES - CBOE FUTURES EXCHANGE,2023-10-24T00:00:00.000,2023 Report Week 43,VIX FUTURES,1170E1,E   ,CHI,117 ,VOLATILITY/VARIANCE INDEX,344318,38731,25040,14203,83952,66221,46793,53244,84006,54820,8921,5117,18972,319636,315172,24682,29146,100.0,11.2,7.3,4.1,24.4,19.2,13.6,15.5,24.4,15.9,2.6,1.5,5.5,92.8,91.5,7.2,8.5,196,29,26,32,44,7,22,158,159,26.8,21.1,38.5,31.2,23.9,13.5,31.7,21.3,($1000 X INDEX),F90,VOLATILITY/VARIANCE INDEX,OTHER FINANCIAL INSTRUMENTS,FINANCIAL INSTRUMENTS,FutOnly,-31765,-2808,-13812,-3759,8583,-2246,-5857,-17476,5044,-11497,-318,3008,-860,-33992,-29979,2227,-1786,15,16,11,30,57,13
2310311170E1F,VIX FUTURES - CBOE FUTURES EXCHANGE,2023-10-31T00:00:00.000,2023 Report Week 44,VIX FUTURES,1170E1,E   ,CHI,117 ,VOLATILITY/VARIANCE INDEX,353533,34271,30670,13543,88266,64800,51706,54503,82174,54088,12599,7261,17211,326187,321453,27346,32080,100.0,9.7,8.7,3.8,25.0,18.3,14.6,15.4,23.2,15.3,3.6,2.1,4.9,92.3,90.9,7.7,9.1,192,31,28,33,45,7,20,152,160,25.8,20.1,38.8,30.3,22.8,12.7,33.2,21.3,($1000 X INDEX),F90,VOLATILITY/VARIANCE INDEX,OTHER FINANCIAL INSTRUMENTS,FINANCIAL INSTRUMENTS,FutOnly,9215,-4460,5630,-660,4314,-1421,4913,1259,-1832,-732,3678,2144,-1761,6551,6281,2664,2934,15,16,12,24,56,11
2311071170E1F,VIX FUTURES - CBOE FUTURES EXCHANGE,2023-11-07T00:00:00.000,2023 Report Week 45,VIX FUTURES,1170E1,E   ,CHI,117 ,VOLATILITY/VARIANCE INDEX,374777,47184,46165,13342,84499,74422,51305,69586,83597,54929,9990,4903,16806,347641,345469,27136,29308,100.0,12.6,12.3,3.6,22.5,19.9,13.7,18.6,22.3,14.7,2.7,1.3,4.5,92.8,92.2,7.2,7.8,203,31,26,38,45,13,22,164,165,29.4,18.7,40.3,29.1,26.6,13.8,36.1,21.8,($1000 X INDEX),F90,VOLATILITY/VARIANCE INDEX,OTHER FINANCIAL INSTRUMENTS,FINANCIAL INSTRUMENTS,FutOnly,21244,12913,15495,-201,-3767,9622,-401,15083,1423,841,-2609,-2358,-405,21454,24016,-210,-2772,15,20,12,25,58,10
2311141170E1F,VIX FUTURES - CBOE FUTURES EXCHANGE,2023-11-14T00:00:00.000,2023 Report Week 46,VIX FUTURES,1170E1,E   ,CHI,117 ,VOLATILITY/VARIANCE INDEX,415124,60117,57588,14205,86804,79175,56351,78686,85757,70681,6954,6342,18392,392190,388491,22934,26633,100.0,14.5,13.9,3.4,20.9,19.1,13.6,19.0,20.7,17.0,1.7,1.5,4.4,94.5,93.6,5.5,6.4,221,35,24,49,48,12,23,176,180,27.9,18.4,38.0,28.7,24.9,13.6,33.8,22.3,($1000 X INDEX),F90,VOLATILITY/VARIANCE INDEX,OTHER FINANCIAL INSTRUMENTS,FINANCIAL INSTRUMENTS,FutOnly,40347,12933,11423,863,2305,4753,5046,9100,2160,15752,-3036,1439,1586,44549,43022,-4202,-2675,15,16,11,23,72,16
2311211170E1F,VIX FUTURES - CBOE FUTURES EXCHANGE,2023-11-21T00:00:00.000,2023 Report Week 47,VIX FUTURES,1170E1,E   ,CHI,117 ,VOLATILITY/VARIANCE INDEX,391357,44695,23994,18476,92614,83113,60432,61193,94315,63621,11010,7730,13543,365584,365224,25773,26133,100.0,11.4,6.1,4.7,23.7,21.2,15.4,15.6,24.1,16.3,2.8,2.0,3.5,93.4,93.3,6.6,6.7,208,34,26,40,48,15,22,165,167,27.9,18.2,37.0,29.7,23.8,13.6,32.2,20.6,($1000 X INDEX),F90,VOLATILITY/VARIANCE INDEX,OTHER FINANCIAL INSTRUMENTS,FINANCIAL INSTRUMENTS,FutOnly,-23767,-15422,-33594,4271,5810,3938,4081,-17493,8558,-7060,4056,1388,-4849,-26606,-23267,2839,-500,13,19,12,21,57,10
2311281170E1F,VIX FUTURES - CBOE FUTURES EXCHANGE,2023-11-28T00:00:00.000,2023 Report Week 48,VIX FUTURES,1170E1,E   ,CHI,117 ,VOLATILITY/VARIANCE INDEX,390752,51515,26601,15420,86644,86180,62578,62301,90601,59980,10848,6886,15196,364482,363442,26270,27310,100.0,13.2,6.8,3.9,22.2,22.1,16.0,15.9,23.2,15.3,2.8,1.8,3.9,93.3,93.0,6.7,7.0,213,34,25,41,46,14,26,174,172,28.7,17.6,37.5,29.4,24.4,13.6,32.4,21.0,($1000 X INDEX),F90,VOLATILITY/VARIANCE INDEX,OTHER FINANCIAL INSTRUMENTS,FINANCIAL INSTRUMENTS,FutOnly,-605,6820,2607,-3056,-5970,3067,2146,1108,-3714,-3641,-162,-844,1653,-1102,-1782,497,1177,15,21,11,21,61,12
2312051170E1F,VIX FUTURES - CBOE FUTURES EXCHANGE,2023-12-05T00:00:00.000,2023 Report Week 49,VIX FUTURES,1170E1,E   ,CHI,117 ,VOLATILITY/VARIANCE INDEX,406711,58319,33306,19070,81538,94226,64043,71129,90004,59885,10652,3008,14332,378968,377874,27743,28837,100.0,14.3,8.2,4.7,20.0,23.2,15.7,17.5,22.1,14.7,2.6,0.7,3.5,93.2,92.9,6.8,7.1,224,34,27,48,47,16,27,186,172,26.3,18.1,35.1,28.9,22.6,12.6,30.8,21.0,($1000 X INDEX),F90,VOLATILITY/VARIANCE INDEX,OTHER FINANCIAL INSTRUMENTS,FINANCIAL INSTRUMENTS,FutOnly,15959,6804,6705,3650,-5106,8046,1465,8828,-597,-95,-196,-3878,-864,14486,14432,1473,1527,16,21,13,23,59,10
2312121170E1F,VIX FUTURES - CBOE FUTURES EXCHANGE,2023-12-12T00:00:00.000,2023 Report Week 50,VIX FUTURES,1170E1,E   ,CHI,117 ,VOLATILITY/VARIANCE INDEX,427229,60501,48266,20620,77119,90978,60852,79591,87503,67374,12192,3248,17740,395989,396581,31240,30648,100.0,14.2,11.3,4.8,18.1,21.3,14.2,18.6,20.5,15.8,2.9,0.8,4.2,92.7,92.8,7.3,7.2,221,33,28,47,44,17,28,182,171,24.6,17.5,33.7,29.0,21.6,12.4,29.5,20.9,($1000 X INDEX),F90,VOLATILITY/VARIANCE INDEX,OTHER FINANCIAL INSTRUMENTS,FINANCIAL INSTRUMENTS,FutOnly,20518,2182,14960,1550,-4419,-3248,-3191,8462,-2501,7489,1540,240,3408,17021,18707,3497,1811,20,21,10,24,55,10
2312191170E1F,VIX FUTURES - CBOE FUTURES EXCHANGE,2023-12-19T00:00:00.000,2023 Report Week 51,VIX FUTURES,1170E1,E   ,CHI,117 ,VOLATILITY/VARIANCE INDEX,424172,62008,55640,21719,73976,82559,52114,88052,92503,67101,16214,4813,17204,398388,393653,25784,30519,100.0,14.6,13.1,5.1,17.4,19.5,12.3,20.8,21.8,15.8,3.8,1.1,4.1,93.9,92.8,6.1,7.2,235,34,23,48,52,14,26,191,180,24.9,20.3,34.6,30.6,21.8,13.7,29.1,22.3,($1000 X INDEX),F90,VOLATILITY/VARIANCE INDEX,OTHER FINANCIAL INSTRUMENTS,FINANCIAL INSTRUMENTS,FutOnly,-3057,1507,7374,1099,-3143,-8419,-8738,8461,5000,-273,4022,1565,-536,2399,-2928,-5456,-129,16,23,14,24,64,12
2312261170E1F,VIX FUTURES - CBOE FUTURES EXCHANGE,2023-12-26T00:00:00.000,2023 Report Week 52,VIX FUTURES,1170E1,E   ,CHI,117 ,VOLATILITY/VARIANCE INDEX,345802,61103,33393,15528,64754,74479,46406,51844,78736,51859,15434,2275,13624,320552,316300,25250,29502,100.0,17.7,9.7,4.5,18.7,21.5,13.4,15.0,22.8,15.0,4.5,0.7,3.9,92.7,91.5,7.3,8.5,210,33,20,39,50,12,20,164,161,27.9,20.5,36.8,31.5,25.0,14.0,32.1,21.0,($1000 X INDEX),F90,VOLATILITY/VARIANCE INDEX,OTHER FINANCIAL INSTRUMENTS,FINANCIAL INSTRUMENTS,FutOnly,-78370,-905,-22247,-6191,-9222,-8080,-5708,-36208,-13767,-15242,-780,-2538,-3580,-77836,-77353,-534,-1017,16,20,12,18,55,10
2401021170E1F,VIX FUTURES - CBOE FUTURES EXCHANGE,2024-01-02T00:00:00.000,2024 Report Week 01,VIX FUTURES,1170E1,E   ,CHI,117 ,VOLATILITY/VARIANCE INDEX,335960,52902,35967,14887,63553,75096,46352,65384,75478,44072,12005,2039,12187,311342,306078,24618,29882,100.0,15.7,10.7,4.4,18.9,22.4,13.8,19.5,22.5,13.1,3.6,0.6,3.6,92.7,91.1,7.3,8.9,215,32,23,47,45,15,24,174,162,26.9,21.4,34.8,31.8,23.4,15.6,30.4,24.1,($1000 X INDEX),F90,VOLATILITY/VARIANCE INDEX,OTHER FINANCIAL INSTRUMENTS,FINANCIAL INSTRUMENTS,FutOnly,-9842,-8201,2574,-641,-1201,617,-54,13540,-3258,-7787,-3429,-236,-1437,-9210,-10222,-632,380,14,19,12,21,55,8
2401091170E1F,VIX FUTURES - CBOE FUTURES EXCHANGE,2024-01-09T00:00:00.000,2024 Report Week 02,VIX FUTURES,1170E1,E   ,CHI,117 ,VOLATILITY/VARIANCE INDEX,355172,52532,36163,17867,69188,68180,49873,61143,79025,56048,10988,3407,11609,329248,322172,25924,33000,100.0,14.8,10.2,5.0,19.5,19.2,14.0,17.2,22.2,15.8,3.1,1.0,3.3,92.7,90.7,7.3,9.3,213,30,24,45,48,16,23,171,164,26.3,21.4,35.2,30.7,22.3,14.5,28.5,22.0,($1000 X INDEX),F90,VOLATILITY/VARIANCE INDEX,OTHER FINANCIAL INSTRUMENTS,FINANCIAL INSTRUMENTS,FutOnly,19212,-370,196,2980,5635,-6916,3521,-4241,3547,11976,-1017,1368,-578,17906,16094,1306,3118,13,20,13,24,55,8
2401161170E1F,VIX FUTURES - CBOE FUTURES EXCHANGE,2024-01-16T00:00:00.000,2024 Report Week 03,VIX FUTURES,1170E1,E   ,CHI,117 ,VOLATILITY/VARIANCE INDEX,359265,57019,39102,17479,67134,68438,57074,64818,79404,52639,5702,3050,11032,332897,328218,26368,31047,100.0,15.9,10.9,4.9,18.7,19.0,15.9,18.0,22.1,14.7,1.6,0.8,3.1,92.7,91.4,7.3,8.6,214,32,25,45,50,15,18,171,166,24.8,20.5,34.2,29.2,21.8,14.5,28.6,22.2,($1000 X INDEX),F90,VOLATILITY/VARIANCE INDEX,OTHER FINANCIAL INSTRUMENTS,FINANCIAL INSTRUMENTS,FutOnly,4093,4487,2939,-388,-2054,258,7201,3675,379,-3409,-5286,-357,-577,3649,6046,444,-1953,14,20,14,23,60,8
2401231170E1F,VIX FUTURES - CBOE FUTURES EXCHANGE,2024-01-23T00:00:00.000,2024 Report Week 04,VIX FUTURES,1170E1,E   ,CHI,117 ,VOLATILITY/VARIANCE INDEX,340313,47861,22719,18729,59957,72380,59133,61396,71155,48930,9347,7057,9655,315008,309758,25305,30555,100.0,14.1,6.7,5.5,17.6,21.3,17.4,18.0,20.9,14.4,2.7,2.1,2.8,92.6,91.0,7.4,9.0,209,34,28,46,48,15,17,165,163,24.5,18.8,34.1,28.0,20.6,13.3,27.9,20.8,($1000 X INDEX),F90,VOLATILITY/VARIANCE INDEX,OTHER FINANCIAL INSTRUMENTS,FINANCIAL INSTRUMENTS,FutOnly,-18952,-9158,-16383,1250,-7177,3942,2059,-3422,-8249,-3709,3645,4007,-1377,-17889,-18460,-1063,-492,15,20,11,21,54,8
2401301170E1F,VIX FUTURES - CBOE FUTURES EXCHANGE,2024-01-30T00:00:00.000,2024 Report Week 05,VIX FUTURES,1170E1,E   ,CHI,117 ,VOLATILITY/VARIANCE INDEX,347797,48726,26529,17643,64137,70297,51610,61867,80436,56323,9532,4498,9927,319765,317263,28032,30534,100.0,14.0,7.6,5.1,18.4,20.2,14.8,17.8,23.1,16.2,2.7,1.3,2.9,91.9,91.2,8.1,8.8,208,32,25,47,49,13,20,165,165,24.8,19.2,34.8,27.9,20.7,14.0,28.9,21.7,($1000 X INDEX),F90,VOLATILITY/VARIANCE INDEX,OTHER FINANCIAL INSTRUMENTS,FINANCIAL INSTRUMENTS,FutOnly,7484,865,3810,-1086,4180,-2083,-7523,471,9281,7393,185,-2559,272,4757,7505,2727,-21,13,19,12,23,58,8
2402061170E1F,VIX FUTURES - CBOE FUTURES EXCHANGE,2024-02-06T00:00:00.000,2024 Report Week 06,VIX FUTURES,1170E1,E   ,CHI,117 ,VOLATILITY/VARIANCE INDEX,361732,52701,33438,16618,59482,70208,51975,75922,85791,59340,8443,2962,9356,333837,329688,27895,32044,100.0,14.6,9.2,4.6,16.4,19.4,14.4,21.0,23.7,16.4,2.3,0.8,2.6,92.3,91.1,7.7,8.9,210,36,28,49,44,14,20,168,171,24.3,20.0,34.1,30.8,20.2,14.4,28.2,22.5,($1000 X INDEX),F90,VOLATILITY/VARIANCE INDEX,OTHER FINANCIAL INSTRUMENTS,FINANCIAL INSTRUMENTS,FutOnly,13935,3975,6909,-1025,-4655,-89,365,14055,5355,3017,-1089,-1536,-571,14072,12425,-137,1510,15,22,12,20,59,8
2402131170E1F,VIX FUTURES - CBOE FUTURES EXCHANGE,2024-02-13T00:00:00.000,2024 Report Week 07,VIX FUTURES,1170E1,E   ,CHI,117 ,VOLATILITY/VARIANCE INDEX,362470,58696,23381,18699,58205,63744,51043,66147,87932,65989,3281,7567,14102,336162,332457,26308,30013,100.0,16.2,6.5,5.2,16.1,17.6,14.1,18.2,24.3,18.2,0.9,2.1,3.9,92.7,91.7,7.3,8.3,208,30,26,47,49,12,20,173,170,25.3,18.3,34.2,27.5,21.4,12.9,29.4,20.7,($1000 X INDEX),F90,VOLATILITY/VARIANCE INDEX,OTHER FINANCIAL INSTRUMENTS,FINANCIAL INSTRUMENTS,FutOnly,738,5995,-10057,2081,-1277,-6464,-932,-9775,2141,6649,-5162,4605,4746,2325,2769,-1587,-2031,14,18,13,19,71,11
2402201170E1F,VIX FUTURES - CBOE FUTURES EXCHANGE,2024-02-20T00:00:00.000,2024 Report Week 08,VIX FUTURES,1170E1,E   ,CHI,117 ,VOLATILITY/VARIANCE INDEX,341280,47498,20339,16229,61157,64304,54506,57283,76081,64467,5152,5949,9518,315810,311393,25470,29887,100.0,13.9,6.0,4.8,17.9,18.8,16.0,16.8,22.3,18.9,1.5,1.7,2.8,92.5,91.2,7.5,8.8,205,29,27,46,47,10,18,175,163,26.6,19.7,36.0,29.5,22.6,14.0,30.1,21.7,($1000 X INDEX),F90,VOLATILITY/VARIANCE INDEX,OTHER FINANCIAL INSTRUMENTS,FINANCIAL INSTRUMENTS,FutOnly,-21190,-11198,-3042,-2470,2952,560,3463,-8864,-11851,-1522,1871,-1618,-4584,-20352,-21064,-838,-126,18,19,9,23,69,11
2402271170E1F,VIX FUTURES - CBOE FUTURES EXCHANGE,2024-02-27T00:00:00.000,2024 Report Week 09,VIX FUTURES,1170E1,E   ,CHI,117 ,VOLATILITY/VARIANCE INDEX,361331,54237,23498,18929,57380,66153,61834,59542,80271,65375,8150,7171,9029,334476,332260,26855,29071,100.0,15.0,6.5,5.2,15.9,18.3,17.1,16.5,22.2,18.1,2.3,2.0,2.5,92.6,92.0,7.4,8.0,209,29,28,45,49,12,21,182,170,25.2,20.3,34.3,29.0,21.1,14.4,28.1,21.4,($1000 X INDEX),F90,VOLATILITY/VARIANCE INDEX,OTHER FINANCIAL INSTRUMENTS,FINANCIAL INSTRUMENTS,FutOnly,20051,6739,3159,2700,-3777,1849,7328,2259,4190,908,2998,1222,-489,18666,20867,1385,-816,15,22,13,20,72,10
2403051170E1F,VIX FUTURES - CBOE FUTURES EXCHANGE,2024-03-05T00:00:00.000,2024 Report Week 10,VIX FUTURES,1170E1,E   ,CHI,117 ,VOLATILITY/VARIANCE INDEX,364498,51260,22441,20781,59037,66476,55366,63691,81909,68534,4151,4240,12090,334910,331837,29588,32661,100.0,14.1,6.2,5.7,16.2,18.2,15.2,17.5,22.5,18.8,1.1,1.2,3.3,91.9,91.0,8.1,9.0,209,28,31,44,49,9,23,182,178,26.3,20.0,35.6,28.5,22.7,14.7,30.3,21.4,($1000 X INDEX),F90,VOLATILITY/VARIANCE INDEX,OTHER FINANCIAL INSTRUMENTS,FINANCIAL INSTRUMENTS,FutOnly,3167,-2977,-1057,1852,1657,323,-6468,4149,1638,3159,-3999,-2931,3061,434,-423,2733,3590,14,25,14,21,72,13
2403121170E1F,VIX FUTURES - CBOE FUTURES EXCHANGE,2024-03-12T00:00:00.000,2024 Report Week 11,VIX FUTURES,1170E1,E   ,CHI,117 ,VOLATILITY/VARIANCE INDEX,375710,57694,26030,22839,54405,69610,54596,64336,83164,71220,7312,3422,13889,346291,344770,29419,30940,100.0,15.4,6.9,6.1,14.5,18.5,14.5,17.1,22.1,19.0,1.9,0.9,3.7,92.2,91.8,7.8,8.2,215,28,29,46,49,12,27,185,178,25.5,19.2,35.1,28.3,21.9,13.6,29.5,20.4,($1000 X INDEX),F90,VOLATILITY/VARIANCE INDEX,OTHER FINANCIAL INSTRUMENTS,FINANCIAL INSTRUMENTS,FutOnly,11212,6434,3589,2058,-4632,3134,-770,645,1255,2686,3161,-818,1799,11381,12933,-169,-1721,15,24,12,22,68,12
2403191170E1F,VIX FUTURES - CBOE FUTURES EXCHANGE,2024-03-19T00:00:00.000,2024 Report Week 12,VIX FUTURES,1170E1,E   ,CHI,117 ,VOLATILITY/VARIANCE INDEX,377364,56689,29333,25944,53489,71599,56981,69890,77814,66632,4715,2183,15479,349819,345965,27545,31399,100.0,15.0,7.8,6.9,14.2,19.0,15.1,18.5,20.6,17.7,1.2,0.6,4.1,92.7,91.7,7.3,8.3,214,30,24,47,47,13,26,177,171,25.7,21.6,37.4,31.0,21.3,13.0,29.7,20.2,($1000 X INDEX),F90,VOLATILITY/VARIANCE INDEX,OTHER FINANCIAL INSTRUMENTS,FINANCIAL INSTRUMENTS,FutOnly,1654,-1005,3303,3105,-916,1989,2385,5554,-5350,-4588,-2597,-1239,1590,3528,1195,-1874,459,16,23,13,21,61,10
2403261170E1F,VIX FUTURES - CBOE FUTURES EXCHANGE,2024-03-26T00:00:00.000,2024 Report Week 13,VIX FUTURES,1170E1,E   ,CHI,117 ,VOLATILITY/VARIANCE INDEX,370601,40387,27033,21286,58887,76492,58790,75623,77704,65573,8590,2438,15709,344845,345025,25756,25576,100.0,10.9,7.3,5.7,15.9,20.6,15.9,20.4,21.0,17.7,2.3,0.7,4.2,93.1,93.1,6.9,6.9,215,26,27,46,49,13,25,180,172,25.2,20.7,35.4,31.2,20.7,14.0,27.5,21.4,($1000 X INDEX),F90,VOLATILITY/VARIANCE INDEX,OTHER FINANCIAL INSTRUMENTS,FINANCIAL INSTRUMENTS,FutOnly,-6763,-16302,-2300,-4658,5398,4893,1809,5733,-110,-1059,3875,255,230,-4974,-940,-1789,-5823,13,23,16,23,62,11
2404021170E1F,VIX FUTURES - CBOE FUTURES EXCHANGE,2024-04-02T00:00:00.000,2024 Report Week 14,VIX FUTURES,1170E1,E   ,CHI,117 ,VOLATILITY/VARIANCE INDEX,367340,43568,23053,20228,63901,74565,58253,63415,73639,67848,6323,2730,16551,340087,336867,27253,30473,100.0,11.9,6.3,5.5,17.4,20.3,15.9,17.3,20.0,18.5,1.7,0.7,4.5,92.6,91.7,7.4,8.3,206,26,27,46,48,11,23,173,165,27.0,19.5,37.8,29.5,22.8,11.9,30.0,19.5,($1000 X INDEX),F90,VOLATILITY/VARIANCE INDEX,OTHER FINANCIAL INSTRUMENTS,FINANCIAL INSTRUMENTS,FutOnly,-3261,3181,-3980,-1058,5014,-1927,-537,-12208,-4065,2275,-2267,292,842,-4758,-8158,1497,4897,15,23,13,20,59,11
2404091170E1F,VIX FUTURES - CBOE FUTURES EXCHANGE,2024-04-09T00:00:00.000,2024 Report Week 15,VIX FUTURES,1170E1,E   ,CHI,117 ,VOLATILITY/VARIANCE INDEX,368247,45828,22711,24635,64604,67564,55408,57303,76801,69905,8342,2773,16565,342590,336362,25657,31885,100.0,12.4,6.2,6.7,17.5,18.3,15.0,15.6,20.9,19.0,2.3,0.8,4.5,93.0,91.3,7.0,8.7,209,29,26,42,49,13,23,179,173,24.5,18.0,35.3,27.8,20.8,12.4,28.2,20.3,($1000 X INDEX),F90,VOLATILITY/VARIANCE INDEX,OTHER FINANCIAL INSTRUMENTS,FINANCIAL INSTRUMENTS,FutOnly,907,2260,-342,4407,703,-7001,-2845,-6112,3162,2057,2019,43,14,2503,-505,-1596,1412,13,25,14,20,69,11
2404161170E1F,VIX FUTURES - CBOE FUTURES EXCHANGE,2024-04-16T00:00:00.000,2024 Report Week 16,VIX FUTURES,1170E1,E   ,CHI,117 ,VOLATILITY/VARIANCE INDEX,389392,53188,27931,32806,51002,62637,52842,76351,96226,63525,12517,2625,21228,363459,359820,25933,29572,100.0,13.7,7.2,8.4,13.1,16.1,13.6,19.6,24.7,16.3,3.2,0.7,5.5,93.3,92.4,6.7,7.6,209,27,25,41,46,12,22,177,172,19.7,16.9,30.9,26.7,16.8,10.7,25.2,18.3,($1000 X INDEX),F90,VOLATILITY/VARIANCE INDEX,OTHER FINANCIAL INSTRUMENTS,FINANCIAL INSTRUMENTS,FutOnly,21145,7360,5220,8171,-13602,-4927,-2566,19048,19425,-6380,4175,-148,4663,20869,23458,276,-2313,17,23,15,22,70,13
2404231170E1F,VIX FUTURES - CBOE FUTURES EXCHANGE,2024-04-23T00:00:00.000,2024 Report Week 17,VIX FUTURES,1170E1,E   ,CHI,117 ,VOLATILITY/VARIANCE INDEX,364239,42331,32280,24811,54964,60321,54374,64789,80056,65271,17331,1287,16190,340061,334590,24178,29649,100.0,11.6,8.9,6.8,15.1,16.6,14.9,17.8,22.0,17.9,4.8,0.4,4.4,93.4,91.9,6.6,8.1,198,27,28,43,37,13,23,164,162,21.4,17.7,32.6,28.6,16.9,12.3,24.8,21.3,($1000 X INDEX),F90,VOLATILITY/VARIANCE INDEX,OTHER FINANCIAL INSTRUMENTS,FINANCIAL INSTRUMENTS,FutOnly,-25153,-10857,4349,-7995,3962,-2316,1532,-11562,-16170,1746,4814,-1338,-5038,-23398,-25230,-1755,77,15,19,15,21,58,7
2404301170E1F,VIX FUTURES - CBOE FUTURES EXCHANGE,2024-04-30T00:00:00.000,2024 Report Week 18,VIX FUTURES,1170E1,E   ,CHI,117 ,VOLATILITY/VARIANCE INDEX,373201,45054,35300,23281,69239,63944,55871,65280,85510,63254,11821,644,13125,346925,340929,26276,32272,100.0,12.1,9.5,6.2,18.6,17.1,15.0,17.5,22.9,16.9,3.2,0.2,3.5,93.0,91.4,7.0,8.6,212,30,29,49,43,11,20,178,169,23.4,17.9,33.8,29.1,18.6,13.0,25.8,21.5,($1000 X INDEX),F90,VOLATILITY/VARIANCE INDEX,OTHER FINANCIAL INSTRUMENTS,FINANCIAL INSTRUMENTS,FutOnly,8962,2723,3020,-1530,14275,3623,1497,491,5454,-2017,-5510,-643,-3065,6864,6339,2098,2623,15,19,14,27,67,8
2405071170E1F,VIX FUTURES - CBOE FUTURES EXCHANGE,2024-05-07T00:00:00.000,2024 Report Week 19,VIX FUTURES,1170E1,E   ,CHI,117 ,VOLATILITY/VARIANCE INDEX,403483,54007,35332,27853,58634,81493,59011,81900,89791,63756,15451,746,12782,373394,370764,30089,32719,100.0,13.4,8.8,6.9,14.5,20.2,14.6,20.3,22.3,15.8,3.8,0.2,3.2,92.5,91.9,7.5,8.1,202,28,25,47,40,14,21,174,158,21.6,17.5,33.0,27.9,17.2,12.5,25.3,20.7,($1000 X INDEX),F90,VOLATILITY/VARIANCE INDEX,OTHER FINANCIAL INSTRUMENTS,FINANCIAL INSTRUMENTS,FutOnly,30282,8953,32,4572,-10605,17549,3140,16620,4281,502,3630,102,-343,26469,29835,3813,447,14,19,15,22,65,7
2405141170E1F,VIX FUTURES - CBOE FUTURES EXCHANGE,2024-05-14T00:00:00.000,2024 Report Week 20,VIX FUTURES,1170E1,E   ,CHI,117 ,VOLATILITY/VARIANCE INDEX,436067,54671,30072,30722,52986,88718,69704,95321,91922,77707,10687,3112,14233,406031,406190,30036,29877,100.0,12.5,6.9,7.0,12.2,20.3,16.0,21.9,21.1,17.8,2.5,0.7,3.3,93.1,93.1,6.9,6.9,216,28,26,55,43,16,20,182,166,20.4,19.3,32.2,29.4,15.7,12.3,23.0,20.9,($1000 X INDEX),F90,VOLATILITY/VARIANCE INDEX,OTHER FINANCIAL INSTRUMENTS,FINANCIAL INSTRUMENTS,FutOnly,32584,664,-5260,2869,-5648,7225,10693,13421,2131,13951,-4764,2366,1451,32637,35426,-53,-2842,16,20,13,21,66,10
2405211170E1F,VIX FUTURES - CBOE FUTURES EXCHANGE,2024-05-21T00:00:00.000,2024 Report Week 21,VIX FUTURES,1170E1,E   ,CHI,117 ,VOLATILITY/VARIANCE INDEX,535063,55243,27807,35019,59965,96796,76809,104456,95788,81966,6138,5555,14920,434516,434660,100547,100403,100.0,10.3,5.2,6.5,11.2,18.1,14.4,19.5,17.9,15.3,1.1,1.0,2.8,81.2,81.2,18.8,18.8,229,30,26,57,49,13,22,185,181,17.9,17.7,28.3,26.9,13.4,11.1,19.7,18.3,($1000 X INDEX),F90,VOLATILITY/VARIANCE INDEX,OTHER FINANCIAL INSTRUMENTS,FINANCIAL INSTRUMENTS,FutOnly,98996,572,-2265,4297,6979,8078,7105,9135,3866,4259,-4549,2443,687,28485,28470,70511,70526,17,20,13,24,69,11
2405281170E1F,VIX FUTURES - CBOE FUTURES EXCHANGE,2024-05-28T00:00:00.000,2024 Report Week 22,VIX FUTURES,1170E1,E   ,CHI,117 ,VOLATILITY/VARIANCE INDEX,405069,49624,22806,21866,56815,92230,74642,81405,76703,73224,5049,2500,12177,374802,376148,30267,28921,100.0,12.3,5.6,5.4,14.0,22.8,18.4,20.1,18.9,18.1,1.2,0.6,3.0,92.5,92.9,7.5,7.1,218,24,23,54,46,15,21,180,164,23.4,21.9,33.7,32.8,16.1,14.2,22.9,22.7,($1000 X INDEX),F90,VOLATILITY/VARIANCE INDEX,OTHER FINANCIAL INSTRUMENTS,FINANCIAL INSTRUMENTS,FutOnly,-129994,-5619,-5001,-13153,-3150,-4566,-2167,-23051,-19085,-8742,-1089,-3055,-2743,-59714,-58512,-70280,-71482,18,19,14,23,63,12
2406041170E1F,VIX FUTURES - CBOE FUTURES EXCHANGE,2024-06-04T00:00:00.000,2024 Report Week 23,VIX FUTURES,1170E1,E   ,CHI,117 ,VOLATILITY/VARIANCE INDEX,420389,46666,25788,21890,59410,92731,72044,94649,88708,72305,9335,2123,13862,390161,389451,30228,30938,100.0,11.1,6.1,5.2,14.1,22.1,17.1,22.5,21.1,17.2,2.2,0.5,3.3,92.8,92.6,7.2,7.4,215,25,27,49,48,14,23,185,167,21.0,21.5,31.1,32.3,15.8,14.0,22.4,22.2,($1000 X INDEX),F90,VOLATILITY/VARIANCE INDEX,OTHER FINANCIAL INSTRUMENTS,FINANCIAL INSTRUMENTS,FutOnly,15320,-2958,2982,24,2595,501,-2598,13244,12005,-919,4286,-377,1685,15359,13303,-39,2017,16,17,13,23,70,9
2406111170E1F,VIX FUTURES - CBOE FUTURES EXCHANGE,2024-06-11T00:00:00.000,2024 Report Week 24,VIX FUTURES,1170E1,E   ,CHI,117 ,VOLATILITY/VARIANCE INDEX,430432,54048,26189,23671,58363,95556,69716,93246,92186,74790,10841,3243,14557,399232,399908,31200,30524,100.0,12.6,6.1,5.5,13.6,22.2,16.2,21.7,21.4,17.4,2.5,0.8,3.4,92.8,92.9,7.2,7.1,226,31,28,55,45,20,22,193,166,19.9,20.2,31.2,30.6,16.2,13.8,22.9,21.4,($1000 X INDEX),F90,VOLATILITY/VARIANCE INDEX,OTHER FINANCIAL INSTRUMENTS,FINANCIAL INSTRUMENTS,FutOnly,10043,7382,401,1781,-1047,2825,-2328,-1403,3478,2485,1506,1120,695,9071,10457,972,-414,17,18,14,20,65,9
2406181170E1F,VIX FUTURES - CBOE FUTURES EXCHANGE,2024-06-18T00:00:00.000,2024 Report Week 25,VIX FUTURES,1170E1,E   ,CHI,117 ,VOLATILITY/VARIANCE INDEX,458222,63617,28130,32366,60538,96613,69790,92721,99732,79571,10064,3288,17552,426219,427042,32003,31180,100.0,13.9,6.1,7.1,13.2,21.1,15.2,20.2,21.8,17.4,2.2,0.7,3.8,93.0,93.2,7.0,6.8,228,30,25,49,52,15,22,190,174,22.1,20.3,32.8,30.3,16.9,12.7,23.5,20.3,($1000 X INDEX),F90,VOLATILITY/VARIANCE INDEX,OTHER FINANCIAL INSTRUMENTS,FINANCIAL INSTRUMENTS,FutOnly,27790,9569,1941,8695,2175,1057,74,-525,7546,4781,-777,45,2995,26987,27134,803,656,20,22,12,21,67,12
2406251170E1F,VIX FUTURES - CBOE FUTURES EXCHANGE,2024-06-25T00:00:00.000,2024 Report Week 26,VIX FUTURES,1170E1,E   ,CHI,117 ,VOLATILITY/VARIANCE INDEX,414291,73544,22288,23344,49845,97991,70640,79576,85680,66391,8391,2843,15560,387291,384737,27000,29554,100.0,17.8,5.4,5.6,12.0,23.7,17.1,19.2,20.7,16.0,2.0,0.7,3.8,93.5,92.9,6.5,7.1,212,29,25,50,45,10,25,177,171,24.2,21.8,34.9,32.2,18.3,13.2,25.6,21.4,($1000 X INDEX),F90,VOLATILITY/VARIANCE INDEX,OTHER FINANCIAL INSTRUMENTS,FINANCIAL INSTRUMENTS,FutOnly,-43931,9927,-5842,-9022,-10693,1378,850,-13145,-14052,-13180,-1673,-445,-1992,-38928,-42305,-5003,-1626,21,22,10,15,64,14
2407021170E1F,VIX FUTURES - CBOE FUTURES EXCHANGE,2024-07-02T00:00:00.000,2024 Report Week 27,VIX FUTURES,1170E1,E   ,CHI,117 ,VOLATILITY/VARIANCE INDEX,450316,78501,24578,28208,44769,108905,74700,96396,86169,76843,6433,4189,15179,421029,418771,29287,31545,100.0,17.4,5.5,6.3,9.9,24.2,16.6,21.4,19.1,17.1,1.4,0.9,3.4,93.5,93.0,6.5,7.0,217,29,26,52,44,12,24,183,176,22.0,22.0,33.6,33.6,15.9,13.0,23.2,20.7,($1000 X INDEX),F90,VOLATILITY/VARIANCE INDEX,OTHER FINANCIAL INSTRUMENTS,FINANCIAL INSTRUMENTS,FutOnly,36025,4957,2290,4864,-5076,10914,4060,16820,489,10452,-1958,1346,-381,33738,34034,2287,1991,19,22,12,17,70,13
2407091170E1F,VIX FUTURES - CBOE FUTURES EXCHANGE,2024-07-09T00:00:00.000,2024 Report Week 28,VIX FUTURES,1170E1,E   ,CHI,117 ,VOLATILITY/VARIANCE INDEX,467930,76556,23432,34643,50175,109580,73465,94417,90991,86660,7226,4618,16052,439194,439441,28736,28489,100.0,16.4,5.0,7.4,10.7,23.4,15.7,20.2,19.4,18.5,1.5,1.0,3.4,93.9,93.9,6.1,6.1,220,28,31,54,41,15,22,184,177,23.2,20.8,32.2,32.6,16.3,13.3,23.3,20.4,($1000 X INDEX),F90,VOLATILITY/VARIANCE INDEX,OTHER FINANCIAL INSTRUMENTS,FINANCIAL INSTRUMENTS,FutOnly,17614,-1945,-1146,6435,5406,675,-1235,-1979,4822,9817,793,429,873,18165,20670,-551,-3056,20,22,13,20,66,11
2407161170E1F,VIX FUTURES - CBOE FUTURES EXCHANGE,2024-07-16T00:00:00.000,2024 Report Week 29,VIX FUTURES,1170E1,E   ,CHI,117 ,VOLATILITY/VARIANCE INDEX,479858,80103,26624,44468,56222,105941,65950,87380,93024,96724,7703,4399,14000,452550,451130,27308,28728,100.0,16.7,5.5,9.3,11.7,22.1,13.7,18.2,19.4,20.2,1.6,0.9,2.9,94.3,94.0,5.7,6.0,225,30,28,51,51,13,21,185,177,24.0,21.3,33.2,32.4,16.3,12.6,23.6,20.7,($1000 X INDEX),F90,VOLATILITY/VARIANCE INDEX,OTHER FINANCIAL INSTRUMENTS,FINANCIAL INSTRUMENTS,FutOnly,11928,3547,3192,9825,6047,-3639,-7515,-7037,2033,10064,477,-219,-2052,13356,11689,-1428,239,21,22,12,19,66,10
2407231170E1F,VIX FUTURES - CBOE FUTURES EXCHANGE,2024-07-23T00:00:00.000,2024 Report Week 30,VIX FUTURES,1170E1,E   ,CHI,117 ,VOLATILITY/VARIANCE INDEX,430737,82541,21957,25273,53090,83282,70218,58845,94017,85153,14545,2572,14358,404023,396830,26714,33907,100.0,19.2,5.1,5.9,12.3,19.3,16.3,13.7,21.8,19.8,3.4,0.6,3.3,93.8,92.1,6.2,7.9,214,30,29,37,55,13,20,172,176,22.2,19.6,32.6,31.6,15.9,12.3,23.8,20.1,($1000 X INDEX),F90,VOLATILITY/VARIANCE INDEX,OTHER FINANCIAL INSTRUMENTS,FINANCIAL INSTRUMENTS,FutOnly,-49121,2438,-4667,-19195,-3132,-22659,4268,-28535,993,-11571,6842,-1827,358,-48527,-54300,-594,5179,17,20,12,19,65,11
2407301170E1F,VIX FUTURES - CBOE FUTURES EXCHANGE,2024-07-30T00:00:00.000,2024 Report Week 31,VIX FUTURES,1170E1,E   ,CHI,117 ,VOLATILITY/VARIANCE INDEX,429259,86613,27168,22701,54583,73886,66437,59214,107732,82521,15807,1732,15377,403253,397554,26006,31705,100.0,20.2,6.3,5.3,12.7,17.2,15.5,13.8,25.1,19.2,3.7,0.4,3.6,93.9,92.6,6.1,7.4,208,23,29,36,58,14,19,168,172,23.1,18.9,33.5,31.3,16.2,12.4,24.2,21.7,($1000 X INDEX),F90,VOLATILITY/VARIANCE INDEX,OTHER FINANCIAL INSTRUMENTS,FINANCIAL INSTRUMENTS,FutOnly,-1478,4072,5211,-2572,1493,-9396,-3781,369,13715,-2632,1262,-840,1019,-770,724,-708,-2202,17,19,12,22,65,11
2408061170E1F,VIX FUTURES - CBOE FUTURES EXCHANGE,2024-08-06T00:00:00.000,2024 Report Week 32,VIX FUTURES,1170E1,E   ,CHI,117 ,VOLATILITY/VARIANCE INDEX,453022,116832,49207,18572,48231,46293,53229,66894,137437,82630,20027,6745,17913,424328,412026,28694,40996,100.0,25.8,10.9,4.1,10.6,10.2,11.7,14.8,30.3,18.2,4.4,1.5,4.0,93.7,91.0,6.3,9.0,199,16,24,41,45,12,19,167,160,27.1,20.7,40.6,33.2,21.6,15.4,31.8,25.7,($1000 X INDEX),F90,VOLATILITY/VARIANCE INDEX,OTHER FINANCIAL INSTRUMENTS,FINANCIAL INSTRUMENTS,FutOnly,23763,30219,22039,-4129,-6352,-27593,-13208,7680,29705,109,4220,5013,2536,21075,14472,2688,9291,20,22,16,27,63,5
2408131170E1F,VIX FUTURES - CBOE FUTURES EXCHANGE,2024-08-13T00:00:00.000,2024 Report Week 33,VIX FUTURES,1170E1,E   ,CHI,117 ,VOLATILITY/VARIANCE INDEX,400969,76870,36191,20401,35050,58627,64976,60528,100271,78407,21357,562,16595,374184,376030,26785,24939,100.0,19.2,9.0,5.1,8.7,14.6,16.2,15.1,25.0,19.6,5.3,0.1,4.1,93.3,93.8,6.7,6.2,180,21,25,37,38,13,18,155,149,25.2,25.3,34.8,39.6,15.3,17.5,22.7,27.6,($1000 X INDEX),F90,VOLATILITY/VARIANCE INDEX,OTHER FINANCIAL INSTRUMENTS,FINANCIAL INSTRUMENTS,FutOnly,-52053,-39962,-13016,1829,-13181,12334,11747,-6366,-37166,-4223,1330,-6183,-1318,-50144,-35996,-1909,-16057,19,23,14,21,58,4
2408201170E1F,VIX FUTURES - CBOE FUTURES EXCHANGE,2024-08-20T00:00:00.000,2024 Report Week 34,VIX FUTURES,1170E1,E   ,CHI,117 ,VOLATILITY/VARIANCE INDEX,411580,56486,27035,31437,34139,55690,69363,63984,88786,90133,15395,1554,17942,378879,381940,32701,29640,100.0,13.7,6.6,7.6,8.3,13.5,16.9,15.5,21.6,21.9,3.7,0.4,4.4,92.1,92.8,7.9,7.2,198,24,28,45,40,10,21,173,164,24.1,22.5,33.8,36.9,11.7,13.9,17.8,23.2,($1000 X INDEX),F90,VOLATILITY/VARIANCE INDEX,OTHER FINANCIAL INSTRUMENTS,FINANCIAL INSTRUMENTS,FutOnly,10611,-20384,-9156,11036,-911,-2937,4387,3456,-11485,11726,-5962,992,1347,4695,5910,5916,4701,19,25,12,23,65,10
2408271170E1F,VIX FUTURES - CBOE FUTURES EXCHANGE,2024-08-27T00:00:00.000,2024 Report Week 35,VIX FUTURES,1170E1,E   ,CHI,117 ,VOLATILITY/VARIANCE INDEX,390505,56259,22018,24939,39891,63699,69518,51539,78438,84733,17185,1454,18621,362685,363420,27820,27085,100.0,14.4,5.6,6.4,10.2,16.3,17.8,13.2,20.1,21.7,4.4,0.4,4.8,92.9,93.1,7.1,6.9,199,26,27,44,43,14,20,168,162,23.8,24.1,32.9,38.7,10.4,13.5,15.3,22.0,($1000 X INDEX),F90,VOLATILITY/VARIANCE INDEX,OTHER FINANCIAL INSTRUMENTS,FINANCIAL INSTRUMENTS,FutOnly,-21075,-227,-5017,-6498,5752,8009,155,-12445,-10348,-5400,1790,-100,679,-16194,-18520,-4881,-2555,22,24,11,18,60,9
2409031170E1F,VIX FUTURES - CBOE FUTURES EXCHANGE,2024-09-03T00:00:00.000,2024 Report Week 36,VIX FUTURES,1170E1,E   ,CHI,117 ,VOLATILITY/VARIANCE INDEX,380203,57896,21483,20115,44854,49605,65201,54726,98556,78379,12114,945,17470,350755,351754,29448,28449,100.0,15.2,5.7,5.3,11.8,13.0,17.1,14.4,25.9,20.6,3.2,0.2,4.6,92.3,92.5,7.7,7.5,188,26,30,45,40,11,16,162,149,23.4,21.3,33.9,36.5,13.6,14.5,19.1,22.9,($1000 X INDEX),F90,VOLATILITY/VARIANCE INDEX,OTHER FINANCIAL INSTRUMENTS,FINANCIAL INSTRUMENTS,FutOnly,-10302,1637,-535,-4824,4963,-14094,-4317,3187,20118,-6354,-5071,-509,-1151,-11930,-11666,1628,1364,21,20,10,20,57,5
2409101170E1F,VIX FUTURES - CBOE FUTURES EXCHANGE,2024-09-10T00:00:00.000,2024 Report Week 37,VIX FUTURES,1170E1,E   ,CHI,117 ,VOLATILITY/VARIANCE INDEX,372978,58595,25161,20409,55742,52300,50138,44671,89116,87156,12536,1041,16246,345493,341567,27485,31411,100.0,15.7,6.7,5.5,14.9,14.0,13.4,12.0,23.9,23.4,3.4,0.3,4.4,92.6,91.6,7.4,8.4,183,23,26,39,39,9,17,162,144,21.0,22.6,32.1,37.0,12.9,14.4,19.8,23.2,($1000 X INDEX),F90,VOLATILITY/VARIANCE INDEX,OTHER FINANCIAL INSTRUMENTS,FINANCIAL INSTRUMENTS,FutOnly,-7225,699,3678,294,10888,2695,-15063,-10055,-9440,8777,422,96,-1224,-5262,-10187,-1963,2962,22,23,10,22,57,6
2409171170E1F,VIX FUTURES - CBOE FUTURES EXCHANGE,2024-09-17T00:00:00.000,2024 Report Week 38,VIX FUTURES,1170E1,E   ,CHI,117 ,VOLATILITY/VARIANCE INDEX,356068,43572,22279,26297,52638,43724,25645,55590,82809,88615,7294,5492,30843,330494,325704,25574,30364,100.0,12.2,6.3,7.4,14.8,12.3,7.2,15.6,23.3,24.9,2.0,1.5,8.7,92.8,91.5,7.2,8.5,187,24,27,38,40,8,20,162,153,22.1,23.7,34.6,37.5,13.5,13.9,20.0,22.5,($1000 X INDEX),F90,VOLATILITY/VARIANCE INDEX,OTHER FINANCIAL INSTRUMENTS,FINANCIAL INSTRUMENTS,FutOnly,-16910,-15023,-2882,5888,-3104,-8576,-24493,10919,-6307,1459,-5242,4451,14597,-14999,-15863,-1911,-1047,18,23,12,21,58,10
2409241170E1F,VIX FUTURES - CBOE FUTURES EXCHANGE,2024-09-24T00:00:00.000,2024 Report Week 39,VIX FUTURES,1170E1,E   ,CHI,117 ,VOLATILITY/VARIANCE INDEX,317480,25056,25320,21405,45587,41309,25961,69545,74734,62447,8046,5271,31468,289515,287915,27965,29565,100.0,7.9,8.0,6.7,14.4,13.0,8.2,21.9,23.5,19.7,2.5,1.7,9.9,91.2,90.7,8.8,9.3,184,24,23,37,41,14,21,152,146,24.2,23.6,33.4,38.4,13.8,15.1,19.6,24.5,($1000 X INDEX),F90,VOLATILITY/VARIANCE INDEX,OTHER FINANCIAL INSTRUMENTS,FINANCIAL INSTRUMENTS,FutOnly,-38588,-18516,3041,-4892,-7051,-2415,316,13955,-8075,-26168,752,-221,625,-40979,-37789,2391,-799,16,22,12,15,48,11
2410011170E1F,VIX FUTURES - CBOE FUTURES EXCHANGE,2024-10-01T00:00:00.000,2024 Report Week 40,VIX FUTURES,1170E1,E   ,CHI,117 ,VOLATILITY/VARIANCE INDEX,319104,29304,22655,19085,45766,51325,24134,70297,77800,62424,9162,2598,29605,289777,289626,29327,29478,100.0,9.2,7.1,6.0,14.3,16.1,7.6,22.0,24.4,19.6,2.9,0.8,9.3,90.8,90.8,9.2,9.2,179,23,22,39,42,12,19,147,144,25.0,21.3,35.7,35.6,16.6,15.1,23.3,25.3,($1000 X INDEX),F90,VOLATILITY/VARIANCE INDEX,OTHER FINANCIAL INSTRUMENTS,FINANCIAL INSTRUMENTS,FutOnly,1624,4248,-2665,-2320,179,10016,-1827,752,3066,-23,1116,-2673,-1863,262,1711,1362,-87,17,19,10,13,52,9
2410081170E1F,VIX FUTURES - CBOE FUTURES EXCHANGE,2024-10-08T00:00:00.000,2024 Report Week 41,VIX FUTURES,1170E1,E   ,CHI,117 ,VOLATILITY/VARIANCE INDEX,340586,46391,23557,18829,52813,57084,25816,62300,85306,67312,11885,5972,28913,314259,312789,26327,27797,100.0,13.6,6.9,5.5,15.5,16.8,7.6,18.3,25.0,19.8,3.5,1.8,8.5,92.3,91.8,7.7,8.2,192,22,21,43,40,11,21,159,158,21.6,20.7,33.5,35.2,16.3,14.6,24.0,24.7,($1000 X INDEX),F90,VOLATILITY/VARIANCE INDEX,OTHER FINANCIAL INSTRUMENTS,FINANCIAL INSTRUMENTS,FutOnly,21482,17087,902,-256,7047,5759,1682,-7997,7506,4888,2723,3374,-692,24482,23163,-3000,-1681,19,19,13,19,64,11
2410151170E1F,VIX FUTURES - CBOE FUTURES EXCHANGE,2024-10-15T00:00:00.000,2024 Report Week 42,VIX FUTURES,1170E1,E   ,CHI,117 ,VOLATILITY/VARIANCE INDEX,331454,37661,28481,35300,58020,50733,25790,66732,88540,59181,9057,7405,12319,304060,307749,27394,23705,100.0,11.4,8.6,10.7,17.5,15.3,7.8,20.1,26.7,17.9,2.7,2.2,3.7,91.7,92.8,8.3,7.2,180,24,23,40,41,11,15,145,146,21.4,21.4,31.0,36.4,14.8,15.7,22.4,26.2,($1000 X INDEX),F90,VOLATILITY/VARIANCE INDEX,OTHER FINANCIAL INSTRUMENTS,FINANCIAL INSTRUMENTS,FutOnly,-9132,-8730,4924,16471,5207,-6351,-26,4432,3234,-8131,-2828,1433,-16594,-10199,-5040,1067,-4092,16,19,14,15,54,10
2410221170E1F,VIX FUTURES - CBOE FUTURES EXCHANGE,2024-10-22T00:00:00.000,2024 Report Week 43,VIX FUTURES,1170E1,E   ,CHI,117 ,VOLATILITY/VARIANCE INDEX,320094,35096,34780,30480,62970,49123,25491,62430,84195,53095,8599,6329,12913,291074,296406,29020,23688,100.0,11.0,10.9,9.5,19.7,15.3,8.0,19.5,26.3,16.6,2.7,2.0,4.0,90.9,92.6,9.1,7.4,175,19,21,38,38,12,18,143,137,22.2,22.7,32.6,38.0,15.6,17.8,23.4,28.7,($1000 X INDEX),F90,VOLATILITY/VARIANCE INDEX,OTHER FINANCIAL INSTRUMENTS,FINANCIAL INSTRUMENTS,FutOnly,-11360,-2565,6299,-4820,4950,-1610,-299,-4302,-4345,-6086,-458,-1076,594,-12986,-11343,1626,-17,17,19,13,19,47,8
2410291170E1F,VIX FUTURES - CBOE FUTURES EXCHANGE,2024-10-29T00:00:00.000,2024 Report Week 44,VIX FUTURES,1170E1,E   ,CHI,117 ,VOLATILITY/VARIANCE INDEX,324187,40480,33256,30953,69195,44985,23111,51519,92139,57567,9276,4258,12581,294682,298850,29505,25337,100.0,12.5,10.3,9.5,21.3,13.9,7.1,15.9,28.4,17.8,2.9,1.3,3.9,90.9,92.2,9.1,7.8,169,18,18,41,33,9,17,141,132,23.1,22.7,33.2,38.8,16.2,18.6,23.9,29.9,($1000 X INDEX),F90,VOLATILITY/VARIANCE INDEX,OTHER FINANCIAL INSTRUMENTS,FINANCIAL INSTRUMENTS,FutOnly,4093,5384,-1524,473,6225,-4138,-2380,-10911,7944,4472,677,-2071,-332,3608,2444,485,1649,17,22,14,17,47,7
2411051170E1F,VIX FUTURES - CBOE FUTURES EXCHANGE,2024-11-05T00:00:00.000,2024 Report Week 45,VIX FUTURES,1170E1,E   ,CHI,117 ,VOLATILITY/VARIANCE INDEX,344314,47064,33406,33438,72603,36518,31485,38248,95995,69029,11221,6868,10675,313763,317414,30551,26900,100.0,13.7,9.7,9.7,21.1,10.6,9.1,11.1,27.9,20.0,3.3,2.0,3.1,91.1,92.2,8.9,7.8,180,17,20,37,43,9,15,152,137,23.4,19.0,33.2,34.5,17.0,15.9,25.1,25.3,($1000 X INDEX),F90,VOLATILITY/VARIANCE INDEX,OTHER FINANCIAL INSTRUMENTS,FINANCIAL INSTRUMENTS,FutOnly,20127,6584,150,2485,3408,-8467,8374,-13271,3856,11462,1945,2610,-1906,19081,18564,1046,1563,17,21,15,22,53,7
2411121170E1F,VIX FUTURES - CBOE FUTURES EXCHANGE,2024-11-12T00:00:00.000,2024 Report Week 46,VIX FUTURES,1170E1,E   ,CHI,117 ,VOLATILITY/VARIANCE INDEX,352126,34870,42403,40820,48557,41309,40461,59953,65661,79214,7582,3749,10995,322452,324612,29674,27514,100.0,9.9,12.0,11.6,13.8,11.7,11.5,17.0,18.6,22.5,2.2,1.1,3.1,91.6,92.2,8.4,7.8,183,23,19,47,40,10,17,155,144,23.4,20.0,32.1,35.8,11.7,15.3,18.0,22.5,($1000 X INDEX),F90,VOLATILITY/VARIANCE INDEX,OTHER FINANCIAL INSTRUMENTS,FINANCIAL INSTRUMENTS,FutOnly,7812,-12194,8997,7382,-24046,4791,8976,21705,-30334,10185,-3639,-3119,320,8689,7198,-877,614,16,21,12,15,59,8
2411191170E1F,VIX FUTURES - CBOE FUTURES EXCHANGE,2024-11-19T00:00:00.000,2024 Report Week 47,VIX FUTURES,1170E1,E   ,CHI,117 ,VOLATILITY/VARIANCE INDEX,353760,44343,39418,37896,53907,49347,41047,50826,61304,81884,6269,5609,11107,327279,327612,26481,26148,100.0,12.5,11.1,10.7,15.2,13.9,11.6,14.4,17.3,23.1,1.8,1.6,3.1,92.5,92.6,7.5,7.4,187,20,22,46,39,13,20,159,151,25.1,20.2,35.3,35.0,14.4,14.7,20.3,23.4,($1000 X INDEX),F90,VOLATILITY/VARIANCE INDEX,OTHER FINANCIAL INSTRUMENTS,FINANCIAL INSTRUMENTS,FutOnly,1634,9473,-2985,-2924,5350,8038,586,-9127,-4357,2670,-1313,1860,112,4827,3000,-3193,-1366,16,22,13,14,59,10
2411261170E1F,VIX FUTURES - CBOE FUTURES EXCHANGE,2024-11-26T00:00:00.000,2024 Report Week 48,VIX FUTURES,1170E1,E   ,CHI,117 ,VOLATILITY/VARIANCE INDEX,311326,28456,23178,39347,48573,55829,35098,49950,56255,62288,9477,2835,9452,282641,284282,28685,27044,100.0,9.1,7.4,12.6,15.6,17.9,11.3,16.0,18.1,20.0,3.0,0.9,3.0,90.8,91.3,9.2,8.7,175,23,22,43,38,14,18,145,138,28.5,23.7,38.1,37.9,15.8,15.2,21.5,23.3,($1000 X INDEX),F90,VOLATILITY/VARIANCE INDEX,OTHER FINANCIAL INSTRUMENTS,FINANCIAL INSTRUMENTS,FutOnly,-42434,-15887,-16240,1451,-5334,6482,-5949,-876,-5049,-19596,3208,-2774,-1655,-44638,-43330,2204,896,17,19,10,11,49,7
2412031170E1F,VIX FUTURES - CBOE FUTURES EXCHANGE,2024-12-03T00:00:00.000,2024 Report Week 49,VIX FUTURES,1170E1,E   ,CHI,117 ,VOLATILITY/VARIANCE INDEX,343822,32736,28872,44295,51903,70017,46006,63008,58007,55709,10633,3060,8661,312951,314627,30871,29195,100.0,9.5,8.4,12.9,15.1,20.4,13.4,18.3,16.9,16.2,3.1,0.9,2.5,91.0,91.5,9.0,8.5,181,27,24,48,38,13,16,149,142,28.3,22.2,37.9,34.6,16.8,14.6,23.7,22.3,($1000 X INDEX),F90,VOLATILITY/VARIANCE INDEX,OTHER FINANCIAL INSTRUMENTS,FINANCIAL INSTRUMENTS,FutOnly,32496,4280,5694,4948,3330,14188,10908,13058,1752,-6579,1156,225,-791,30310,30345,2186,2151,18,18,9,10,52,5
2412101170E1F,VIX FUTURES - CBOE FUTURES EXCHANGE,2024-12-10T00:00:00.000,2024 Report Week 50,VIX FUTURES,1170E1,E   ,CHI,117 ,VOLATILITY/VARIANCE INDEX,353746,47163,38614,39190,55895,70799,35956,61541,61397,64831,9905,3125,8912,323393,322824,30353,30922,100.0,13.3,10.9,11.1,15.8,20.0,10.2,17.4,17.4,18.3,2.8,0.9,2.5,91.4,91.3,8.6,8.7,182,26,22,44,43,15,15,149,142,29.8,19.6,40.0,32.8,20.8,14.6,26.7,23.5,($1000 X INDEX),F90,VOLATILITY/VARIANCE INDEX,OTHER FINANCIAL INSTRUMENTS,FINANCIAL INSTRUMENTS,FutOnly,9924,14427,9742,-5105,3992,782,-10050,-1467,3390,9122,-728,65,251,10442,8197,-518,1727,17,19,9,10,53,6
2412171170E1F,VIX FUTURES - CBOE FUTURES EXCHANGE,2024-12-17T00:00:00.000,2024 Report Week 51,VIX FUTURES,1170E1,E   ,CHI,117 ,VOLATILITY/VARIANCE INDEX,341202,57174,34026,33387,60838,65338,33360,48047,71341,63607,7195,3284,10306,313914,314649,27288,26553,100.0,16.8,10.0,9.8,17.8,19.1,9.8,14.1,20.9,18.6,2.1,1.0,3.0,92.0,92.2,8.0,7.8,190,26,23,39,53,12,15,148,157,30.9,17.6,41.9,31.6,22.3,13.8,29.4,22.4,($1000 X INDEX),F90,VOLATILITY/VARIANCE INDEX,OTHER FINANCIAL INSTRUMENTS,FINANCIAL INSTRUMENTS,FutOnly,-12544,10011,-4588,-5803,4943,-5461,-2596,-13494,9944,-1224,-2710,159,1394,-9479,-8175,-3065,-4369,16,20,12,12,57,8
2412241170E1F,VIX FUTURES - CBOE FUTURES EXCHANGE,2024-12-24T00:00:00.000,2024 Report Week 52,VIX FUTURES,1170E1,E   ,CHI,117 ,VOLATILITY/VARIANCE INDEX,264712,33517,30550,26968,34614,47876,30775,47375,42684,48481,12082,2657,9415,243227,239406,21485,25306,100.0,12.7,11.5,10.2,13.1,18.1,11.6,17.9,16.1,18.3,4.6,1.0,3.6,91.9,90.4,8.1,9.6,171,22,20,39,40,11,15,139,141,21.0,23.0,34.4,37.7,14.6,17.1,22.6,25.4,($1000 X INDEX),F90,VOLATILITY/VARIANCE INDEX,OTHER FINANCIAL INSTRUMENTS,FINANCIAL INSTRUMENTS,FutOnly,-76490,-23657,-3476,-6419,-26224,-17462,-2585,-672,-28657,-15126,4887,-627,-891,-70687,-75243,-5803,-1247,17,22,11,9,52,5
2412311170E1F,VIX FUTURES - CBOE FUTURES EXCHANGE,2024-12-31T00:00:00.000,2024 Report Week 53,VIX FUTURES,1170E1,E   ,CHI,117 ,VOLATILITY/VARIANCE INDEX,275406,36333,22225,32651,43141,44832,31121,37006,52064,53054,7823,2285,11716,252845,249948,22561,25458,100.0,13.2,8.1,11.9,15.7,16.3,11.3,13.4,18.9,19.3,2.8,0.8,4.3,91.8,90.8,8.2,9.2,170,20,20,35,41,11,17,140,135,25.4,20.2,36.0,34.3,16.2,16.0,21.9,23.1,($1000 X INDEX),F90,VOLATILITY/VARIANCE INDEX,OTHER FINANCIAL INSTRUMENTS,FINANCIAL INSTRUMENTS,FutOnly,10694,2816,-8325,5683,8527,-3044,346,-10369,9380,4573,-4259,-372,2301,9618,10542,1076,152,18,20,10,12,48,7
2501071170E1F,VIX FUTURES - CBOE FUTURES EXCHANGE,2025-01-07T00:00:00.000,2025 Report Week 01,VIX FUTURES,1170E1,E   ,CHI,117 ,VOLATILITY/VARIANCE INDEX,292616,45450,26681,28607,43118,43108,30324,38196,60243,64660,8602,1820,10081,269038,265524,23578,27092,100.0,15.5,9.1,9.8,14.7,14.7,10.4,13.1,20.6,22.1,2.9,0.6,3.4,91.9,90.7,8.1,9.3,171,22,24,33,41,13,17,147,141,28.2,18.9,38.1,33.7,19.8,15.4,25.7,23.3,($1000 X INDEX),F90,VOLATILITY/VARIANCE INDEX,OTHER FINANCIAL INSTRUMENTS,FINANCIAL INSTRUMENTS,FutOnly,17210,9117,4456,-4044,-23,-1724,-797,1190,8179,11606,779,-465,-1635,16193,15576,1017,1634,19,21,10,11,55,6
2501141170E1F,VIX FUTURES - CBOE FUTURES EXCHANGE,2025-01-14T00:00:00.000,2025 Report Week 02,VIX FUTURES,1170E1,E   ,CHI,117 ,VOLATILITY/VARIANCE INDEX,308321,41093,21805,36875,46618,44519,37761,33915,62412,64930,12583,4022,7588,281363,279912,26958,28409,100.0,13.3,7.1,12.0,15.1,14.4,12.2,11.0,20.2,21.1,4.1,1.3,2.5,91.3,90.8,8.7,9.2,168,21,25,32,39,11,13,142,136,22.7,18.0,33.0,32.0,16.1,14.7,21.3,21.3,($1000 X INDEX),F90,VOLATILITY/VARIANCE INDEX,OTHER FINANCIAL INSTRUMENTS,FINANCIAL INSTRUMENTS,FutOnly,15705,-4357,-4876,8268,3500,1411,7437,-4281,2169,270,3981,2202,-2493,12325,14388,3380,1317,20,21,10,16,51,
2501211170E1F,VIX FUTURES - CBOE FUTURES EXCHANGE,2025-01-21T00:00:00.000,2025 Report Week 03,VIX FUTURES,1170E1,E   ,CHI,117 ,VOLATILITY/VARIANCE INDEX,364909,49629,29009,50416,55755,49658,44117,45649,80950,60979,7758,1805,9197,323500,326131,41409,38778,100.0,13.6,7.9,13.8,15.3,13.6,12.1,12.5,22.2,16.7,2.1,0.5,2.5,88.7,89.4,11.3,10.6,184,24,25,39,45,12,14,152,148,27.0,17.9,37.4,30.7,19.0,13.0,25.4,21.0,($1000 X INDEX),F90,VOLATILITY/VARIANCE INDEX,OTHER FINANCIAL INSTRUMENTS,FINANCIAL INSTRUMENTS,FutOnly,56588,8536,7204,13541,9137,5139,6356,11734,18538,-3951,-4825,-2217,1609,42137,46219,14451,10369,17,23,12,15,54,6
2501281170E1F,VIX FUTURES - CBOE FUTURES EXCHANGE,2025-01-28T00:00:00.000,2025 Report Week 04,VIX FUTURES,1170E1,E   ,CHI,117 ,VOLATILITY/VARIANCE INDEX,330806,56649,12046,32596,62263,57027,45088,38999,81019,56106,6821,13124,7014,305536,304020,25270,26786,100.0,17.1,3.6,9.9,18.8,17.2,13.6,11.8,24.5,17.0,2.1,4.0,2.1,92.4,91.9,7.6,8.1,176,21,21,31,47,11,15,145,138,31.5,19.4,42.2,34.9,24.1,16.1,30.3,24.6,($1000 X INDEX),F90,VOLATILITY/VARIANCE INDEX,OTHER FINANCIAL INSTRUMENTS,FINANCIAL INSTRUMENTS,FutOnly,-34103,7020,-16963,-17820,6508,7369,971,-6650,69,-4873,-937,11319,-2183,-17964,-22111,-16139,-11992,21,20,10,14,51,4
2502041170E1F,VIX FUTURES - CBOE FUTURES EXCHANGE,2025-02-04T00:00:00.000,2025 Report Week 05,VIX FUTURES,1170E1,E   ,CHI,117 ,VOLATILITY/VARIANCE INDEX,325577,55506,12342,32662,49317,60420,39135,46223,82002,60771,6839,5284,6471,296924,299087,28653,26490,100.0,17.0,3.8,10.0,15.1,18.6,12.0,14.2,25.2,18.7,2.1,1.6,2.0,91.2,91.9,8.8,8.1,175,23,22,37,48,7,11,143,140,27.9,21.9,38.9,37.1,20.8,15.4,27.3,23.9,($1000 X INDEX),F90,VOLATILITY/VARIANCE INDEX,OTHER FINANCIAL INSTRUMENTS,FINANCIAL INSTRUMENTS,FutOnly,-5229,-1143,296,66,-12946,3393,-5953,7224,983,4665,18,-7840,-543,-8612,-4933,3383,-296,19,22,10,12,53,5
2502111170E1F,VIX FUTURES - CBOE FUTURES EXCHANGE,2025-02-11T00:00:00.000,2025 Report Week 06,VIX FUTURES,1170E1,E   ,CHI,117 ,VOLATILITY/VARIANCE INDEX,360209,59569,17674,37349,58655,66627,45495,56087,98103,59373,4618,1642,8729,329875,334992,30334,25217,100.0,16.5,4.9,10.4,16.3,18.5,12.6,15.6,27.2,16.5,1.3,0.5,2.4,91.6,93.0,8.4,7.0,185,25,27,39,44,12,14,156,144,30.0,21.9,39.8,36.5,23.2,16.5,28.9,25.5,($1000 X INDEX),F90,VOLATILITY/VARIANCE INDEX,OTHER FINANCIAL INSTRUMENTS,FINANCIAL INSTRUMENTS,FutOnly,34632,4063,5332,4687,9338,6207,6360,9864,16101,-1398,-2221,-3642,2258,32951,35905,1681,-1273,20,22,11,11,52,4
2502181170E1F,VIX FUTURES - CBOE FUTURES EXCHANGE,2025-02-18T00:00:00.000,2025 Report Week 07,VIX FUTURES,1170E1,E   ,CHI,117 ,VOLATILITY/VARIANCE INDEX,399283,75090,37555,39876,72619,69907,43874,61394,102277,65604,4534,5946,7303,370294,372342,28989,26941,100.0,18.8,9.4,10.0,18.2,17.5,11.0,15.4,25.6,16.4,1.1,1.5,1.8,92.7,93.3,7.3,6.7,192,28,25,39,51,13,12,155,148,35.2,19.5,44.5,32.9,29.2,15.3,34.9,23.2,($1000 X INDEX),F90,VOLATILITY/VARIANCE INDEX,OTHER FINANCIAL INSTRUMENTS,FINANCIAL INSTRUMENTS,FutOnly,39074,15521,19881,2527,13964,3280,-1621,5307,4174,6231,-84,4304,-1426,40419,37350,-1345,1724,21,23,12,11,51,6
2502251170E1F,VIX FUTURES - CBOE FUTURES EXCHANGE,2025-02-25T00:00:00.000,2025 Report Week 08,VIX FUTURES,1170E1,E   ,CHI,117 ,VOLATILITY/VARIANCE INDEX,389557,67497,20785,26603,70938,69150,54176,67482,104957,59479,8893,20928,5498,360566,361576,28991,27981,100.0,17.3,5.3,6.8,18.2,17.8,13.9,17.3,26.9,15.3,2.3,5.4,1.4,92.6,92.8,7.4,7.2,186,27,24,34,52,9,12,151,147,31.8,20.0,44.6,35.4,26.3,18.1,34.0,27.0,($1000 X INDEX),F90,VOLATILITY/VARIANCE INDEX,OTHER FINANCIAL INSTRUMENTS,FINANCIAL INSTRUMENTS,FutOnly,-9726,-7593,-16770,-13273,-1681,-757,10302,6088,2680,-6125,4359,14982,-1805,-9728,-10766,2,1040,18,21,15,12,55,6
2503041170E1F,VIX FUTURES - CBOE FUTURES EXCHANGE,2025-03-04T00:00:00.000,2025 Report Week 09,VIX FUTURES,1170E1,E   ,CHI,117 ,VOLATILITY/VARIANCE INDEX,391037,56541,27540,30769,59064,53730,55827,63872,104162,67954,11483,5522,14248,359758,359752,31279,31285,100.0,14.5,7.0,7.9,15.1,13.7,14.3,16.3,26.6,17.4,2.9,1.4,3.6,92.0,92.0,8.0,8.0,192,26,25,36,48,6,19,156,155,22.0,20.6,35.4,35.1,17.2,13.6,25.9,21.2,($1000 X INDEX),F90,VOLATILITY/VARIANCE INDEX,OTHER FINANCIAL INSTRUMENTS,FINANCIAL INSTRUMENTS,FutOnly,1480,-10956,6755,4166,-11874,-15420,1651,-3610,-795,8475,2590,-15406,8750,-808,-1824,2288,3304,19,17,12,16,58,10
2503111170E1F,VIX FUTURES - CBOE FUTURES EXCHANGE,2025-03-11T00:00:00.000,2025 Report Week 10,VIX FUTURES,1170E1,E   ,CHI,117 ,VOLATILITY/VARIANCE INDEX,384995,53321,39646,35101,53143,34793,46211,59610,102964,73718,16093,3169,19170,356367,354772,28628,30223,100.0,13.8,10.3,9.1,13.8,9.0,12.0,15.5,26.7,19.1,4.2,0.8,5.0,92.6,92.1,7.4,7.9,193,19,26,34,50,10,21,168,155,18.0,20.7,31.6,34.6,14.4,11.8,21.7,19.0,($1000 X INDEX),F90,VOLATILITY/VARIANCE INDEX,OTHER FINANCIAL INSTRUMENTS,FINANCIAL INSTRUMENTS,FutOnly,-6042,-3220,12106,4332,-5921,-18937,-9616,-4262,-1198,5764,4610,-2353,4922,-3391,-4980,-2651,-1062,16,22,19,21,61,8
2503181170E1F,VIX FUTURES - CBOE FUTURES EXCHANGE,2025-03-18T00:00:00.000,2025 Report Week 11,VIX FUTURES,1170E1,E   ,CHI,117 ,VOLATILITY/VARIANCE INDEX,348583,28487,36603,43528,56514,30820,44342,56479,85101,61911,17863,5121,11639,320763,319065,27820,29518,100.0,8.2,10.5,12.5,16.2,8.8,12.7,16.2,24.4,17.8,5.1,1.5,3.3,92.0,91.5,8.0,8.5,187,18,26,36,46,11,18,163,149,18.8,21.7,30.1,34.4,13.2,12.8,20.4,19.9,($1000 X INDEX),F90,VOLATILITY/VARIANCE INDEX,OTHER FINANCIAL INSTRUMENTS,FINANCIAL INSTRUMENTS,FutOnly,-36412,-24834,-3043,8427,3371,-3973,-1869,-3131,-17863,-11807,1770,1952,-7531,-35604,-35707,-808,-705,16,22,18,19,59,11
2503251170E1F,VIX FUTURES - CBOE FUTURES EXCHANGE,2025-03-25T00:00:00.000,2025 Report Week 12,VIX FUTURES,1170E1,E   ,CHI,117 ,VOLATILITY/VARIANCE INDEX,307181,13337,25660,32849,63708,39016,45709,56256,78296,51897,6132,2609,10015,279903,286051,27278,21130,100.0,4.3,8.4,10.7,20.7,12.7,14.9,18.3,25.5,16.9,2.0,0.8,3.3,91.1,93.1,8.9,6.9,175,19,23,37,39,13,15,146,141,25.4,24.1,37.5,40.2,17.6,16.6,24.2,24.3,($1000 X INDEX),F90,VOLATILITY/VARIANCE INDEX,OTHER FINANCIAL INSTRUMENTS,FINANCIAL INSTRUMENTS,FutOnly,-41402,-15150,-10943,-10679,7194,8196,1367,-223,-6805,-10014,-11731,-2512,-1624,-40860,-33014,-542,-8388,12,20,16,20,54,7
2504011170E1F,VIX FUTURES - CBOE FUTURES EXCHANGE,2025-04-01T00:00:00.000,2025 Report Week 13,VIX FUTURES,1170E1,E   ,CHI,117 ,VOLATILITY/VARIANCE INDEX,323012,31393,22429,32621,67030,55814,35971,53583,82196,50358,12509,6379,10336,293801,296104,29211,26908,100.0,9.7,6.9,10.1,20.8,17.3,11.1,16.6,25.4,15.6,3.9,2.0,3.2,91.0,91.7,9.0,8.3,173,17,21,35,39,10,16,146,132,23.2,25.6,34.5,40.1,17.1,18.6,24.7,27.2,($1000 X INDEX),F90,VOLATILITY/VARIANCE INDEX,OTHER FINANCIAL INSTRUMENTS,FINANCIAL INSTRUMENTS,FutOnly,15831,18056,-3231,-228,3322,16798,-9738,-2673,3900,-1539,6377,3770,321,13898,10053,1933,5778,15,19,14,25,49,5
2504081170E1F,VIX FUTURES - CBOE FUTURES EXCHANGE,2025-04-08T00:00:00.000,2025 Report Week 14,VIX FUTURES,1170E1,E   ,CHI,117 ,VOLATILITY/VARIANCE INDEX,377062,60759,48242,35767,46199,37323,33974,74059,111597,58506,19940,4634,12702,341906,342745,35156,34317,100.0,16.1,12.8,9.5,12.3,9.9,9.0,19.6,29.6,15.5,5.3,1.2,3.4,90.7,90.9,9.3,9.1,186,15,17,37,43,13,20,154,145,19.5,20.4,31.3,34.9,16.9,16.7,26.4,26.4,($1000 X INDEX),F90,VOLATILITY/VARIANCE INDEX,OTHER FINANCIAL INSTRUMENTS,FINANCIAL INSTRUMENTS,FutOnly,54050,29366,25813,3146,-20831,-18491,-1997,20476,29401,8148,7431,-1745,2366,48105,46641,5945,7409,15,18,14,24,58,12
2504151170E1F,VIX FUTURES - CBOE FUTURES EXCHANGE,2025-04-15T00:00:00.000,2025 Report Week 15,VIX FUTURES,1170E1,E   ,CHI,117 ,VOLATILITY/VARIANCE INDEX,332536,53466,53533,36822,38108,20846,40336,66918,93815,43264,16305,6747,7615,302834,302978,29702,29558,100.0,16.1,16.1,11.1,11.5,6.3,12.1,20.1,28.2,13.0,4.9,2.0,2.3,91.1,91.1,8.9,8.9,168,16,19,41,37,6,11,139,131,18.0,23.8,31.5,38.2,14.8,18.3,24.2,27.9,($1000 X INDEX),F90,VOLATILITY/VARIANCE INDEX,OTHER FINANCIAL INSTRUMENTS,FINANCIAL INSTRUMENTS,FutOnly,-44526,-7293,5291,1055,-8091,-16477,6362,-7141,-17782,-15242,-3635,2113,-5087,-39072,-39767,-5454,-4759,17,20,15,18,52,8
2504221170E1F,VIX FUTURES - CBOE FUTURES EXCHANGE,2025-04-22T00:00:00.000,2025 Report Week 16,VIX FUTURES,1170E1,E   ,CHI,117 ,VOLATILITY/VARIANCE INDEX,273099,33117,30494,28553,39788,18303,38932,47729,83528,39311,13076,4111,4401,244907,247633,28192,25466,100.0,12.1,11.2,10.5,14.6,6.7,14.3,17.5,30.6,14.4,4.8,1.5,1.6,89.7,90.7,10.3,9.3,161,15,16,33,40,4,8,134,127,19.5,25.3,31.2,39.4,14.6,17.5,23.3,25.1,($1000 X INDEX),F90,VOLATILITY/VARIANCE INDEX,OTHER FINANCIAL INSTRUMENTS,FINANCIAL INSTRUMENTS,FutOnly,-59437,-20349,-23039,-8269,1680,-2543,-1404,-19189,-10287,-3953,-3229,-2636,-3214,-57927,-55345,-1510,-4092,15,21,16,18,55,8
2504291170E1F,VIX FUTURES - CBOE FUTURES EXCHANGE,2025-04-29T00:00:00.000,2025 Report Week 17,VIX FUTURES,1170E1,E   ,CHI,117 ,VOLATILITY/VARIANCE INDEX,279032,20627,41943,35998,38574,18044,40154,50416,59562,49901,9197,2862,4541,249408,253005,29624,26027,100.0,7.4,15.0,12.9,13.8,6.5,14.4,18.1,21.3,17.9,3.3,1.0,1.6,89.4,90.7,10.6,9.3,156,14,17,42,32,7,7,131,118,20.7,24.9,32.0,41.0,13.0,17.3,20.0,24.7,($1000 X INDEX),F90,VOLATILITY/VARIANCE INDEX,OTHER FINANCIAL INSTRUMENTS,FINANCIAL INSTRUMENTS,FutOnly,5933,-12490,11449,7445,-1214,-259,1222,2687,-23966,10590,-3879,-1249,140,4501,5372,1432,561,11,19,18,17,50,7
2505061170E1F,VIX FUTURES - CBOE FUTURES EXCHANGE,2025-05-06T00:00:00.000,2025 Report Week 18,VIX FUTURES,1170E1,E   ,CHI,117 ,VOLATILITY/VARIANCE INDEX,279106,22730,36581,44557,43852,23615,34282,49651,63456,45753,7742,2925,4629,253196,255798,25910,23308,100.0,8.1,13.1,16.0,15.7,8.5,12.3,17.8,22.7,16.4,2.8,1.0,1.7,90.7,91.6,9.3,8.4,159,15,17,39,34,5,7,133,121,23.2,23.7,33.8,39.6,15.2,15.6,21.4,24.4,($1000 X INDEX),F90,VOLATILITY/VARIANCE INDEX,OTHER FINANCIAL INSTRUMENTS,FINANCIAL INSTRUMENTS,FutOnly,74,2103,-5362,8559,5278,5571,-5872,-765,3894,-4148,-1455,63,88,3788,2793,-3714,-2719,12,22,17,18,49,7
2505131170E1F,VIX FUTURES - CBOE FUTURES EXCHANGE,2025-05-13T00:00:00.000,2025 Report Week 19,VIX FUTURES,1170E1,E   ,CHI,117 ,VOLATILITY/VARIANCE INDEX,276572,17676,45358,37294,43541,31765,32378,52184,44415,44177,6610,2538,4362,238222,242287,38350,34285,100.0,6.4,16.4,13.5,15.7,11.5,11.7,18.9,16.1,16.0,2.4,0.9,1.6,86.1,87.6,13.9,12.4,161,21,20,46,28,7,7,136,120,23.9,20.6,31.2,35.0,14.7,14.9,19.9,23.5,($1000 X INDEX),F90,VOLATILITY/VARIANCE INDEX,OTHER FINANCIAL INSTRUMENTS,FINANCIAL INSTRUMENTS,FutOnly,-2534,-5054,8777,-7263,-311,8150,-1904,2533,-19041,-1576,-1132,-387,-267,-14974,-13511,12440,10977,11,20,19,15,48,8
2505201170E1F,VIX FUTURES - CBOE FUTURES EXCHANGE,2025-05-20T00:00:00.000,2025 Report Week 20,VIX FUTURES,1170E1,E   ,CHI,117 ,VOLATILITY/VARIANCE INDEX,299850,35490,42083,45067,55789,46102,31117,52730,59114,44607,5914,3785,5221,275935,277096,23915,22754,100.0,11.8,14.0,15.0,18.6,15.4,10.4,17.6,19.7,14.9,2.0,1.3,1.7,92.0,92.4,8.0,7.6,173,25,21,48,34,9,8,140,131,32.8,21.9,40.5,35.2,23.0,14.1,28.4,25.0,($1000 X INDEX),F90,VOLATILITY/VARIANCE INDEX,OTHER FINANCIAL INSTRUMENTS,FINANCIAL INSTRUMENTS,FutOnly,23278,17814,-3275,7773,12248,14337,-1261,546,14699,430,-696,1247,859,37713,34809,-14435,-11531,12,21,18,14,48,8
2505271170E1F,VIX FUTURES - CBOE FUTURES EXCHANGE,2025-05-27T00:00:00.000,2025 Report Week 21,VIX FUTURES,1170E1,E   ,CHI,117 ,VOLATILITY/VARIANCE INDEX,259527,28992,27654,35790,51749,44610,28680,38402,53010,39815,6684,1168,3465,233577,234192,25950,25335,100.0,11.2,10.7,13.8,19.9,17.2,11.1,14.8,20.4,15.3,2.6,0.5,1.3,90.0,90.2,10.0,9.8,155,22,21,38,35,8,5,128,119,35.3,22.9,44.3,35.6,23.5,14.3,28.4,22.1,($1000 X INDEX),F90,VOLATILITY/VARIANCE INDEX,OTHER FINANCIAL INSTRUMENTS,FINANCIAL INSTRUMENTS,FutOnly,-40323,-6498,-14429,-9277,-4040,-1492,-2437,-14328,-6104,-4792,770,-2617,-1756,-42358,-42904,2035,2581,13,23,16,13,43,5
2506031170E1F,VIX FUTURES - CBOE FUTURES EXCHANGE,2025-06-03T00:00:00.000,2025 Report Week 22,VIX FUTURES,1170E1,E   ,CHI,117 ,VOLATILITY/VARIANCE INDEX,284670,45842,34233,32959,54900,45020,31529,39555,63858,44848,4013,1178,5618,259264,259243,25406,25427,100.0,16.1,12.0,11.6,19.3,15.8,11.1,13.9,22.4,15.8,1.4,0.4,2.0,91.1,91.1,8.9,8.9,163,22,23,35,36,7,10,135,130,36.5,20.4,45.7,32.7,26.6,13.2,32.2,21.6,($1000 X INDEX),F90,VOLATILITY/VARIANCE INDEX,OTHER FINANCIAL INSTRUMENTS,FINANCIAL INSTRUMENTS,FutOnly,25143,16850,6579,-2831,3151,410,2849,1153,10848,5033,-2671,10,2153,25687,25051,-544,92,13,20,15,16,49,6
2506101170E1F,VIX FUTURES - CBOE FUTURES EXCHANGE,2025-06-10T00:00:00.000,2025 Report Week 23,VIX FUTURES,1170E1,E   ,CHI,117 ,VOLATILITY/VARIANCE INDEX,319008,63834,44538,31084,63472,49487,32519,41443,74591,51532,4128,2752,5162,293174,291665,25834,27343,100.0,20.0,14.0,9.7,19.9,15.5,10.2,13.0,23.4,16.2,1.3,0.9,1.6,91.9,91.4,8.1,8.6,166,23,23,41,37,6,8,137,132,41.0,20.2,49.0,31.8,31.7,13.6,37.4,22.7,($1000 X INDEX),F90,VOLATILITY/VARIANCE INDEX,OTHER FINANCIAL INSTRUMENTS,FINANCIAL INSTRUMENTS,FutOnly,34338,17992,10305,-1875,8572,4467,990,1888,10733,6684,115,1574,-456,33910,32422,428,1916,12,19,16,13,53,7
2506171170E1F,VIX FUTURES - CBOE FUTURES EXCHANGE,2025-06-17T00:00:00.000,2025 Report Week 24,VIX FUTURES,1170E1,E   ,CHI,117 ,VOLATILITY/VARIANCE INDEX,327474,69033,40609,33578,69420,55073,32646,46151,87582,41580,5049,5015,6075,303532,302158,23942,25316,100.0,21.1,12.4,10.3,21.2,16.8,10.0,14.1,26.7,12.7,1.5,1.5,1.9,92.7,92.3,7.3,7.7,168,23,22,42,39,8,9,136,133,41.1,20.4,50.9,33.1,32.9,14.3,40.2,24.7,($1000 X INDEX),F90,VOLATILITY/VARIANCE INDEX,OTHER FINANCIAL INSTRUMENTS,FINANCIAL INSTRUMENTS,FutOnly,8466,5199,-3929,2494,5948,5586,127,4708,12991,-9952,921,2263,913,10358,10493,-1892,-2027,14,19,15,15,51,7
2506241170E1F,VIX FUTURES - CBOE FUTURES EXCHANGE,2025-06-24T00:00:00.000,2025 Report Week 25,VIX FUTURES,1170E1,E   ,CHI,117 ,VOLATILITY/VARIANCE INDEX,314455,60605,30521,27966,66024,54920,36051,43453,84675,43646,5335,6325,5653,288733,289757,25722,24698,100.0,19.3,9.7,8.9,21.0,17.5,11.5,13.8,26.9,13.9,1.7,2.0,1.8,91.8,92.1,8.2,7.9,167,21,21,39,40,7,11,133,134,39.1,18.3,47.9,29.7,29.9,12.3,36.2,21.5,($1000 X INDEX),F90,VOLATILITY/VARIANCE INDEX,OTHER FINANCIAL INSTRUMENTS,FINANCIAL INSTRUMENTS,FutOnly,-13019,-8428,-10088,-5612,-3396,-153,3405,-2698,-2907,2066,286,1310,-422,-14799,-12401,1780,-618,12,22,16,18,46,5
2507011170E1F,VIX FUTURES - CBOE FUTURES EXCHANGE,2025-07-01T00:00:00.000,2025 Report Week 26,VIX FUTURES,1170E1,E   ,CHI,117 ,VOLATILITY/VARIANCE INDEX,361207,75770,40919,27456,81703,57980,41187,52152,110629,49033,3499,4418,4907,335707,336529,25500,24678,100.0,21.0,11.3,7.6,22.6,16.1,11.4,14.4,30.6,13.6,1.0,1.2,1.4,92.9,93.2,7.1,6.8,181,25,24,35,52,,7,142,148,43.1,16.6,51.1,27.2,35.2,10.9,41.5,20.0,($1000 X INDEX),F90,VOLATILITY/VARIANCE INDEX,OTHER FINANCIAL INSTRUMENTS,FINANCIAL INSTRUMENTS,FutOnly,46752,15165,10398,-510,15679,3060,5136,8699,25954,5387,-1836,-1907,-746,46974,46772,-222,-20,10,23,19,16,55,7
2507081170E1F,VIX FUTURES - CBOE FUTURES EXCHANGE,2025-07-08T00:00:00.000,2025 Report Week 27,VIX FUTURES,1170E1,E   ,CHI,117 ,VOLATILITY/VARIANCE INDEX,382750,84328,40146,29400,92549,60184,37198,46109,119286,58196,3574,6498,5480,356834,356388,25916,26362,100.0,22.0,10.5,7.7,24.2,15.7,9.7,12.0,31.2,15.2,0.9,1.7,1.4,93.2,93.1,6.8,6.9,180,24,22,38,50,4,8,143,146,42.4,16.9,51.3,28.0,36.2,11.3,42.1,21.2,($1000 X INDEX),F90,VOLATILITY/VARIANCE INDEX,OTHER FINANCIAL INSTRUMENTS,FINANCIAL INSTRUMENTS,FutOnly,21543,8558,-773,1944,10846,2204,-3989,-6043,8657,9163,75,2080,573,21127,19859,416,1684,12,22,16,16,57,7
2507151170E1F,VIX FUTURES - CBOE FUTURES EXCHANGE,2025-07-15T00:00:00.000,2025 Report Week 28,VIX FUTURES,1170E1,E,CHI,117,VOLATILITY/VARIANCE INDEX,411678,94247,48853,37360,83354,62007,44416,58090,120732,59626,500,5508,7028,384621,385530,27057,26148,100.0,22.9,11.9,9.1,20.2,15.1,10.8,14.1,29.3,14.5,0.1,1.3,1.7,93.4,93.6,6.6,6.4,176,24,21,38,46,,10,136,146,40.7,16.5,50.7,27.9,32.2,12.0,38.4,21.3,($1000 X INDEX),F90,VOLATILITY/VARIANCE INDEX,OTHER FINANCIAL INSTRUMENTS,FINANCIAL INSTRUMENTS,FutOnly,28928,9919,8707,7960,-9195,1823,7218,11981,1446,1430,-3074,-990,1548,27787,29142,1141,-214,12,22,18,18,53,8
2507221170E1F,VIX FUTURES - CBOE FUTURES EXCHANGE,2025-07-22T00:00:00.000,2025 Report Week 29,VIX FUTURES,1170E1,E   ,CHI,117 ,VOLATILITY/VARIANCE INDEX,398470,104683,40850,23070,83968,61168,51165,47609,129735,56548,450,6599,5044,372537,374179,25933,24291,100.0,26.3,10.3,5.8,21.1,15.4,12.8,11.9,32.6,14.2,0.1,1.7,1.3,93.5,93.9,6.5,6.1,176,24,20,40,46,,8,131,144,43.7,17.2,54.8,29.1,36.6,12.8,43.3,22.3,($1000 X INDEX),F90,VOLATILITY/VARIANCE INDEX,OTHER FINANCIAL INSTRUMENTS,FINANCIAL INSTRUMENTS,FutOnly,-13208,10436,-8003,-14290,614,-839,6749,-10481,9003,-3078,-50,1091,-1984,-12084,-11351,-1124,-1857,14,18,14,16,53,9
2507291170E1F,VIX FUTURES - CBOE FUTURES EXCHANGE,2025-07-29T00:00:00.000,2025 Report Week 30,VIX FUTURES,1170E1,E   ,CHI,117 ,VOLATILITY/VARIANCE INDEX,443023,107879,52809,23041,87956,64574,62285,65732,141035,61797,1010,5777,5275,414975,416593,28048,26430,100.0,24.4,11.9,5.2,19.9,14.6,14.1,14.8,31.8,13.9,0.2,1.3,1.2,93.7,94.0,6.3,6.0,187,28,22,43,48,4,9,145,150,44.0,17.3,54.6,28.5,37.2,11.8,44.2,20.7,($1000 X INDEX),F90,VOLATILITY/VARIANCE INDEX,OTHER FINANCIAL INSTRUMENTS,FINANCIAL INSTRUMENTS,FutOnly,44553,3196,11959,-29,3988,3406,11120,18123,11300,5249,560,-822,231,42438,42414,2115,2139,13,19,18,13,58,10
2508051170E1F,VIX FUTURES - CBOE FUTURES EXCHANGE,2025-08-05T00:00:00.000,2025 Report Week 31,VIX FUTURES,1170E1,E   ,CHI,117 ,VOLATILITY/VARIANCE INDEX,451483,107959,45883,28292,83886,61917,62333,67433,147013,65496,725,5737,7921,424045,424592,27438,26891,100.0,23.9,10.2,6.3,18.6,13.7,13.8,14.9,32.6,14.5,0.2,1.3,1.8,93.9,94.0,6.1,6.0,182,27,24,36,49,,10,150,145,45.2,18.9,56.4,30.2,39.7,13.3,46.0,21.8,($1000 X INDEX),F90,VOLATILITY/VARIANCE INDEX,OTHER FINANCIAL INSTRUMENTS,FINANCIAL INSTRUMENTS,FutOnly,8460,80,-6926,5251,-4070,-2657,48,1701,5978,3699,-285,-40,2646,9070,7999,-610,461,14,20,17,14,59,7
2508121170E1F,VIX FUTURES - CBOE FUTURES EXCHANGE,2025-08-12T00:00:00.000,2025 Report Week 32,VIX FUTURES,1170E1,E   ,CHI,117 ,VOLATILITY/VARIANCE INDEX,492591,114816,56754,32228,88238,62884,67932,79438,160419,72127,1320,6523,8938,465037,467805,27554,24786,100.0,23.3,11.5,6.5,17.9,12.8,13.8,16.1,32.6,14.6,0.3,1.3,1.8,94.4,95.0,5.6,5.0,193,26,28,43,52,6,12,157,157,41.7,17.6,53.2,28.3,36.5,12.3,42.6,20.4,($1000 X INDEX),F90,VOLATILITY/VARIANCE INDEX,OTHER FINANCIAL INSTRUMENTS,FINANCIAL INSTRUMENTS,FutOnly,41108,6857,10871,3936,4352,967,5599,12005,13406,6631,595,786,1017,40992,43213,116,-2105,13,21,17,16,60,8
2508191170E1F,VIX FUTURES - CBOE FUTURES EXCHANGE,2025-08-19T00:00:00.000,2025 Report Week 33,VIX FUTURES,1170E1,E   ,CHI,117 ,VOLATILITY/VARIANCE INDEX,507099,121333,60149,39823,94423,57393,76091,81385,170437,57470,357,10105,9669,480551,481137,26548,25962,100.0,23.9,11.9,7.9,18.6,11.3,15.0,16.0,33.6,11.3,0.1,2.0,1.9,94.8,94.9,5.2,5.1,199,26,25,46,51,,15,154,163,43.0,17.9,55.9,28.3,39.7,12.4,45.4,20.1,($1000 X INDEX),F90,VOLATILITY/VARIANCE INDEX,OTHER FINANCIAL INSTRUMENTS,FINANCIAL INSTRUMENTS,FutOnly,14508,6517,3395,7595,6185,-5491,8159,1947,10018,-14657,-963,3582,731,15514,13332,-1006,1176,12,22,21,17,56,14
2508261170E1F,VIX FUTURES - CBOE FUTURES EXCHANGE,2025-08-26T00:00:00.000,2025 Report Week 34,VIX FUTURES,1170E1,E   ,CHI,117 ,VOLATILITY/VARIANCE INDEX,469056,124169,45218,30383,89740,59904,79054,51916,157748,59368,665,7252,6123,441418,445050,27638,24006,100.0,26.5,9.6,6.5,19.1,12.8,16.9,11.1,33.6,12.7,0.1,1.5,1.3,94.1,94.9,5.9,5.1,186,26,24,38,51,5,13,142,156,43.8,18.6,55.2,29.4,38.5,12.6,44.0,19.8,($1000 X INDEX),F90,VOLATILITY/VARIANCE INDEX,OTHER FINANCIAL INSTRUMENTS,FINANCIAL INSTRUMENTS,FutOnly,-38043,2836,-14931,-9440,-4683,2511,2963,-29469,-12689,1898,308,-2853,-3546,-39133,-36087,1090,-1956,13,20,17,14,55,9
2509021170E1F,VIX FUTURES - CBOE FUTURES EXCHANGE,2025-09-02T00:00:00.000,2025 Report Week 35,VIX FUTURES,1170E1,E   ,CHI,117 ,VOLATILITY/VARIANCE INDEX,479739,127340,41951,30704,85252,63997,78935,53844,157916,67273,864,5067,7864,452076,453707,27663,26032,100.0,26.5,8.7,6.4,17.8,13.3,16.5,11.2,32.9,14.0,0.2,1.1,1.6,94.2,94.6,5.8,5.4,193,25,24,39,58,6,15,152,159,42.0,19.1,53.9,29.7,37.3,12.8,43.9,20.2,($1000 X INDEX),F90,VOLATILITY/VARIANCE INDEX,OTHER FINANCIAL INSTRUMENTS,FINANCIAL INSTRUMENTS,FutOnly,10683,3171,-3267,321,-4488,4093,-119,1928,168,7905,199,-2185,1741,10658,8657,25,2026,14,19,14,14,60,9
2509091170E1F,VIX FUTURES - CBOE FUTURES EXCHANGE,2025-09-09T00:00:00.000,2025 Report Week 36,VIX FUTURES,1170E1,E   ,CHI,117 ,VOLATILITY/VARIANCE INDEX,509393,130214,47950,36597,77908,75077,78501,80461,165670,66842,1503,4952,9099,481125,484688,28268,24705,100.0,25.6,9.4,7.2,15.3,14.7,15.4,15.8,32.5,13.1,0.3,1.0,1.8,94.5,95.2,5.5,4.8,200,27,26,45,51,9,15,160,159,40.1,17.9,53.5,28.4,34.7,12.9,42.8,20.3,($1000 X INDEX),F90,VOLATILITY/VARIANCE INDEX,OTHER FINANCIAL INSTRUMENTS,FINANCIAL INSTRUMENTS,FutOnly,29654,2874,5999,5893,-7344,11080,-434,26617,7754,-431,639,-115,1235,29049,30981,605,-1327,13,23,19,15,55,8
2509161170E1F,VIX FUTURES - CBOE FUTURES EXCHANGE,2025-09-16T00:00:00.000,2025 Report Week 37,VIX FUTURES,1170E1,E   ,CHI,117 ,VOLATILITY/VARIANCE INDEX,522273,135324,50332,46108,82788,77782,81283,70068,160698,67156,3209,3700,10436,496372,497495,25901,24778,100.0,25.9,9.6,8.8,15.9,14.9,15.6,13.4,30.8,12.9,0.6,0.7,2.0,95.0,95.3,5.0,4.7,196,27,23,37,51,11,14,157,156,39.2,18.0,52.1,29.2,35.1,11.8,42.8,19.6,($1000 X INDEX),F90,VOLATILITY/VARIANCE INDEX,OTHER FINANCIAL INSTRUMENTS,FINANCIAL INSTRUMENTS,FutOnly,12880,5110,2382,9511,4880,2705,2782,-10393,-4972,314,1706,-1252,1337,15247,12807,-2367,73,15,23,20,16,57,9
2509231170E1F,VIX FUTURES - CBOE FUTURES EXCHANGE,2025-09-23T00:00:00.000,2025 Report Week 38,VIX FUTURES,1170E1,E   ,CHI,117 ,VOLATILITY/VARIANCE INDEX,472633,129662,42526,26062,85456,77869,74950,56324,149218,67855,1436,3128,6303,448048,447911,24585,24722,100.0,27.4,9.0,5.5,18.1,16.5,15.9,11.9,31.6,14.4,0.3,0.7,1.3,94.8,94.8,5.2,5.2,190,29,24,35,55,7,10,143,153,43.2,17.9,55.9,29.2,37.9,11.5,45.3,20.3,($1000 X INDEX),F90,VOLATILITY/VARIANCE INDEX,OTHER FINANCIAL INSTRUMENTS,FINANCIAL INSTRUMENTS,FutOnly,-49640,-5662,-7806,-20046,2668,87,-6333,-13744,-11480,699,-1773,-572,-4133,-48324,-49584,-1316,-56,17,21,15,13,51,8
2509301170E1F,VIX FUTURES - CBOE FUTURES EXCHANGE,2025-09-30T00:00:00.000,2025 Report Week 39,VIX FUTURES,1170E1,E   ,CHI,117 ,VOLATILITY/VARIANCE INDEX,483764,129850,47358,27813,81640,83051,78298,59800,141005,74172,1886,1574,5604,459063,458875,24701,24889,100.0,26.8,9.8,5.7,16.9,17.2,16.2,12.4,29.1,15.3,0.4,0.3,1.2,94.9,94.9,5.1,5.1,187,27,24,30,54,8,10,146,150,42.6,18.2,55.1,30.6,37.8,12.2,45.3,21.3,($1000 X INDEX),F90,VOLATILITY/VARIANCE INDEX,OTHER FINANCIAL INSTRUMENTS,FINANCIAL INSTRUMENTS,FutOnly,11131,188,4832,1751,-3816,5182,3348,3476,-8213,6317,450,-1554,-699,11015,10964,116,167,15,22,18,15,53,7
2510071170E1F,VIX FUTURES - CBOE FUTURES EXCHANGE,2025-10-07T00:00:00.000,2025 Report Week 40,VIX FUTURES,1170E1,E   ,CHI,117 ,VOLATILITY/VARIANCE INDEX,504886,140355,49660,31690,80396,91162,75774,64138,158864,78496,1755,1615,6770,479374,494031,25512,10855,100.0,27.8,9.8,6.3,15.9,18.1,15.0,12.7,31.5,15.5,0.3,0.3,1.3,94.9,97.8,5.1,2.1,188,30,26,32,52,8,12,144,153,41.1,20.1,54.0,33.6,37.5,15.4,46.0,24.3,($1000 X INDEX),F90,VOLATILITY/VARIANCE INDEX,OTHER FINANCIAL INSTRUMENTS,FINANCIAL INSTRUMENTS,FutOnly,21122,10505,2302,3877,-1244,8111,-2524,4338,17859,4324,-131,41,1166,20311,35156,811,-14034,15,20,15,14,51,8
2510141170E1F,VIX FUTURES - CBOE FUTURES EXCHANGE,2025-10-14T00:00:00.000,2025 Report Week 41,VIX FUTURES,1170E1,E   ,CHI,117 ,VOLATILITY/VARIANCE INDEX,491863,130385,46240,33036,81063,85095,72845,60556,135773,79108,1146,1878,8958,467097,462933,24766,28930,100.0,26.5,9.4,6.7,16.5,17.3,14.8,12.3,27.6,16.1,0.2,0.4,1.8,95.0,94.1,5.0,5.9,181,27,25,35,49,6,12,133,151,39.9,19.2,53.6,32.1,35.3,14.4,43.1,23.6,($1000 X INDEX),F90,VOLATILITY/VARIANCE INDEX,OTHER FINANCIAL INSTRUMENTS,FINANCIAL INSTRUMENTS,FutOnly,-13023,-9970,-3420,1346,667,-6067,-2929,-3582,-23091,612,-609,263,2188,-12277,-31098,-746,18075,14,20,16,15,46,9
2510211170E1F,VIX FUTURES - CBOE FUTURES EXCHANGE,2025-10-21T00:00:00.000,2025 Report Week 42,VIX FUTURES,1170E1,E   ,CHI,117 ,VOLATILITY/VARIANCE INDEX,495118,125065,61517,37493,88646,71145,73874,55759,130377,77031,1296,4511,11001,470165,466949,24953,28169,100.0,25.3,12.4,7.6,17.9,14.4,14.9,11.3,26.3,15.6,0.3,0.9,2.2,95.0,94.3,5.0,5.7,180,26,25,33,48,5,11,136,150,37.6,15.8,51.3,27.9,33.1,12.0,40.5,21.4,($1000 X INDEX),F90,VOLATILITY/VARIANCE INDEX,OTHER FINANCIAL INSTRUMENTS,FINANCIAL INSTRUMENTS,FutOnly,3255,-5320,15277,4457,7583,-13950,1029,-4797,-5396,-2077,150,2633,2043,3068,4016,187,-761,11,22,21,18,48,6
2510281170E1F,VIX FUTURES - CBOE FUTURES EXCHANGE,2025-10-28T00:00:00.000,2025 Report Week 43,VIX FUTURES,1170E1,E   ,CHI,117 ,VOLATILITY/VARIANCE INDEX,440335,114952,49695,27911,78787,74419,55063,57843,125781,73379,700,1205,7186,415821,414639,24514,25696,100.0,26.1,11.3,6.3,17.9,16.9,12.5,13.1,28.6,16.7,0.2,0.3,1.6,94.4,94.2,5.6,5.8,177,26,22,38,46,,12,129,147,40.8,16.9,54.3,29.6,36.1,13.7,45.2,24.9,($1000 X INDEX),F90,VOLATILITY/VARIANCE INDEX,OTHER FINANCIAL INSTRUMENTS,FINANCIAL INSTRUMENTS,FutOnly,-54783,-10113,-11822,-9582,-9859,3274,-18811,2084,-4596,-3652,-596,-3306,-3815,-54344,-52310,-439,-2473,9,18,21,14,47,5
2511041170E1F,VIX FUTURES - CBOE FUTURES EXCHANGE,2025-11-04T00:00:00.000,2025 Report Week 44,VIX FUTURES,1170E1,E   ,CHI,117 ,VOLATILITY/VARIANCE INDEX,458712,124208,45326,30100,77001,72867,59718,56972,135098,78770,1068,2385,6689,434526,430953,24186,27759,100.0,27.1,9.9,6.6,16.8,15.9,13.0,12.4,29.5,17.2,0.2,0.5,1.5,94.7,93.9,5.3,6.1,186,28,23,35,55,5,12,139,157,40.4,17.2,54.8,29.3,36.1,14.3,44.2,24.3,($1000 X INDEX),F90,VOLATILITY/VARIANCE INDEX,OTHER FINANCIAL INSTRUMENTS,FINANCIAL INSTRUMENTS,FutOnly,18377,9256,-4369,2189,-1786,-1552,4655,-871,9317,5391,368,1180,-497,18705,16314,-328,2063,13,20,18,12,55,7
2511101170E1F,VIX FUTURES - CBOE FUTURES EXCHANGE,2025-11-10T00:00:00.000,2025 Report Week 45,VIX FUTURES,1170E1,E   ,CHI,117 ,VOLATILITY/VARIANCE INDEX,435756,109859,48579,30446,73864,64736,54301,55670,123742,77524,1230,1482,7386,410280,408196,25476,27560,100.0,25.2,11.1,7.0,17.0,14.9,12.5,12.8,28.4,17.8,0.3,0.3,1.7,94.2,93.7,5.8,6.3,184,27,23,37,52,5,12,142,159,38.7,16.8,52.8,28.9,34.4,14.9,43.0,24.3,($1000 X INDEX),F90,VOLATILITY/VARIANCE INDEX,OTHER FINANCIAL INSTRUMENTS,FINANCIAL INSTRUMENTS,FutOnly,-22956,-14349,3253,346,-3137,-8131,-5417,-1302,-11356,-1246,162,-903,697,-24246,-22757,1290,-199,10,21,19,12,61,6
2511181170E1F,VIX FUTURES - CBOE FUTURES EXCHANGE,2025-11-18T00:00:00.000,2025 Report Week 46,VIX FUTURES,1170E1,E   ,CHI,117 ,VOLATILITY/VARIANCE INDEX,476717,116397,42232,29156,78613,58658,71858,46093,133390,102020,1986,3696,8108,454231,449118,22486,27599,100.0,24.4,8.9,6.1,16.5,12.3,15.1,9.7,28.0,21.4,0.4,0.8,1.7,95.3,94.2,4.7,5.8,204,23,23,36,59,8,12,157,166,35.0,17.3,49.0,30.6,30.1,12.5,37.6,20.9,($1000 X INDEX),F90,VOLATILITY/VARIANCE INDEX,OTHER FINANCIAL INSTRUMENTS,FINANCIAL INSTRUMENTS,FutOnly,40961,6538,-6347,-1290,4749,-6078,17557,-9577,9648,24496,756,2214,722,43951,40922,-2990,39,17,21,17,20,63,10
2511251170E1F,VIX FUTURES - CBOE FUTURES EXCHANGE,2025-11-25T00:00:00.000,2025 Report Week 47,VIX FUTURES,1170E1,E   ,CHI,117 ,VOLATILITY/VARIANCE INDEX,415610,80284,43044,27392,79847,57917,69106,55175,110285,69448,829,5460,7144,389225,389796,26385,25814,100.0,19.3,10.4,6.6,19.2,13.9,16.6,13.3,26.5,16.7,0.2,1.3,1.7,93.7,93.8,6.3,6.2,180,25,21,35,52,5,11,127,152,36.1,19.0,50.9,32.8,27.9,14.3,36.6,24.1,($1000 X INDEX),F90,VOLATILITY/VARIANCE INDEX,OTHER FINANCIAL INSTRUMENTS,FINANCIAL INSTRUMENTS,FutOnly,-61107,-36113,812,-1764,1234,-741,-2752,9082,-23105,-32572,-1157,1764,-964,-65006,-59322,3899,-1785,10,17,18,14,50,12
2512021170E1F,VIX FUTURES - CBOE FUTURES EXCHANGE,2025-12-02T00:00:00.000,2025 Report Week 48,VIX FUTURES,1170E1,E   ,CHI,117 ,VOLATILITY/VARIANCE INDEX,423342,93416,48535,27302,66556,61683,65645,61347,107307,73006,1196,2941,6697,395165,393116,28177,30226,100.0,22.1,11.5,6.4,15.7,14.6,15.5,14.5,25.3,17.2,0.3,0.7,1.6,93.3,92.9,6.7,7.1,181,25,20,38,50,6,12,135,151,38.0,17.8,51.5,31.0,30.6,14.2,38.5,23.2,($1000 X INDEX),F90,VOLATILITY/VARIANCE INDEX,OTHER FINANCIAL INSTRUMENTS,FINANCIAL INSTRUMENTS,FutOnly,7732,13132,5491,-90,-13291,3766,-3461,6172,-2978,3558,367,-2519,-447,5940,3320,1792,4412,9,20,20,11,53,11
2512091170E1F,VIX FUTURES - CBOE FUTURES EXCHANGE,2025-12-09T00:00:00.000,2025 Report Week 49,VIX FUTURES,1170E1,E   ,CHI,117 ,VOLATILITY/VARIANCE INDEX,408744,94012,51141,28586,64210,64454,48639,62306,105826,74352,2621,2414,6096,380822,381508,27922,27236,100.0,23.0,12.5,7.0,15.7,15.8,11.9,15.2,25.9,18.2,0.6,0.6,1.5,93.2,93.3,6.8,6.7,190,28,29,36,49,8,12,147,155,37.5,17.6,47.0,29.0,32.4,14.6,39.0,23.5,($1000 X INDEX),F90,VOLATILITY/VARIANCE INDEX,OTHER FINANCIAL INSTRUMENTS,FINANCIAL INSTRUMENTS,FutOnly,-14598,596,2606,1284,-2346,2771,-17006,959,-1481,1346,1425,-527,-601,-14343,-11608,-255,-2990,11,20,19,15,51,10
2512161170E1F,VIX FUTURES - CBOE FUTURES EXCHANGE,2025-12-16T00:00:00.000,2025 Report Week 50,VIX FUTURES,1170E1,E   ,CHI,117 ,VOLATILITY/VARIANCE INDEX,407195,87921,52108,36065,54677,64001,57916,59115,84711,78608,2228,1617,6692,383222,381718,23973,25477,100.0,21.6,12.8,8.9,13.4,15.7,14.2,14.5,20.8,19.3,0.5,0.4,1.6,94.1,93.7,5.9,6.3,179,28,25,41,46,4,12,139,147,38.1,17.2,48.2,29.0,31.4,13.7,36.9,21.4,($1000 X INDEX),F90,VOLATILITY/VARIANCE INDEX,OTHER FINANCIAL INSTRUMENTS,FINANCIAL INSTRUMENTS,FutOnly,-1549,-6091,967,7479,-9533,-453,9277,-3191,-21115,4256,-393,-797,596,2400,210,-3949,-1759,10,19,19,12,51,7
2512231170E1F,VIX FUTURES - CBOE FUTURES EXCHANGE,2025-12-23T00:00:00.000,2025 Report Week 51,VIX FUTURES,1170E1,E   ,CHI,117 ,VOLATILITY/VARIANCE INDEX,378125,89630,36132,24826,48367,77079,54049,54273,79302,78416,1929,540,3873,355363,354217,22762,23908,100.0,23.7,9.6,6.6,12.8,20.4,14.3,14.4,21.0,20.7,0.5,0.1,1.0,94.0,93.7,6.0,6.3,173,32,22,46,42,,8,132,145,37.7,18.2,50.3,33.4,30.1,13.9,36.2,22.4,($1000 X INDEX),F90,VOLATILITY/VARIANCE INDEX,OTHER FINANCIAL INSTRUMENTS,FINANCIAL INSTRUMENTS,FutOnly,-29070,1709,-15976,-11239,-6310,13078,-3867,-4842,-5409,-192,-299,-1077,-2819,-27859,-27501,-1211,-1569,13,20,16,6,54,
2512301170E1F,VIX FUTURES - CBOE FUTURES EXCHANGE,2025-12-30T00:00:00.000,2025 Report Week 52,VIX FUTURES,1170E1,E   ,CHI,117 ,VOLATILITY/VARIANCE INDEX,401915,95654,34615,25490,47109,83700,56432,56684,83675,88424,3212,702,4343,377348,377381,24567,24534,100.0,23.8,8.6,6.3,11.7,20.8,14.0,14.1,20.8,22.0,0.8,0.2,1.1,93.9,93.9,6.1,6.1,172,32,24,40,45,,8,130,148,35.5,18.8,49.3,32.8,28.4,14.5,35.0,22.3,($1000 X INDEX),F90,VOLATILITY/VARIANCE INDEX,OTHER FINANCIAL INSTRUMENTS,FINANCIAL INSTRUMENTS,FutOnly,23790,6024,-1517,664,-1258,6621,2383,2411,4373,10008,1283,162,470,21985,23164,1805,626,14,22,17,6,52,4
2601061170E1F,VIX FUTURES - CBOE FUTURES EXCHANGE,2026-01-06T00:00:00.000,2026 Report Week 01,VIX FUTURES,1170E1,E   ,CHI,117 ,VOLATILITY/VARIANCE INDEX,408257,96360,35254,24379,48776,90206,55580,65134,89579,85213,3807,1157,3572,382821,384940,25436,23317,100.0,23.6,8.6,6.0,11.9,22.1,13.6,16.0,21.9,20.9,0.9,0.3,0.9,93.8,94.3,6.2,5.7,177,32,27,42,44,,9,142,148,33.7,18.6,46.9,32.1,28.8,15.6,35.5,24.0,($1000 X INDEX),F90,VOLATILITY/VARIANCE INDEX,OTHER FINANCIAL INSTRUMENTS,FINANCIAL INSTRUMENTS,FutOnly,6342,706,639,-1111,1667,6506,-852,8450,5904,-3211,595,455,-771,5473,7559,869,-1217,16,23,16,9,54,6
2601131170E1F,VIX FUTURES - CBOE FUTURES EXCHANGE,2026-01-13T00:00:00.000,2026 Report Week 02,VIX FUTURES,1170E1,E   ,CHI,117 ,VOLATILITY/VARIANCE INDEX,404046,101522,33134,26318,48382,98565,49198,66312,89969,75954,3623,760,6014,377323,379912,26723,24134,100.0,25.1,8.2,6.5,12.0,24.4,12.2,16.4,22.3,18.8,0.9,0.2,1.5,93.4,94.0,6.6,6.0,186,31,29,47,43,4,10,151,151,33.6,19.1,45.5,31.8,29.1,17.1,35.9,25.8,($1000 X INDEX),F90,VOLATILITY/VARIANCE INDEX,OTHER FINANCIAL INSTRUMENTS,FINANCIAL INSTRUMENTS,FutOnly,-4211,5162,-2120,1939,-394,8359,-6382,1178,390,-9259,-184,-397,2442,-5498,-5028,1287,817,18,25,14,12,52,4
2601201170E1F,VIX FUTURES - CBOE FUTURES EXCHANGE,2026-01-20T00:00:00.000,2026 Report Week 03,VIX FUTURES,1170E1,E   ,CHI,117 ,VOLATILITY/VARIANCE INDEX,397483,109507,31233,23970,52031,94679,51425,49673,86899,77225,3174,1470,5702,372707,372603,24776,24880,100.0,27.6,7.9,6.0,13.1,23.8,12.9,12.5,21.9,19.4,0.8,0.4,1.4,93.8,93.7,6.2,6.3,196,28,26,46,48,8,11,154,160,34.7,20.6,46.3,34.0,30.1,17.9,36.9,26.6,($1000 X INDEX),F90,VOLATILITY/VARIANCE INDEX,OTHER FINANCIAL INSTRUMENTS,FINANCIAL INSTRUMENTS,FutOnly,-6563,7985,-1901,-2348,3649,-3886,2227,-16639,-3070,1271,-449,710,-312,-4616,-7309,-1947,746,19,20,14,16,61,7
2601271170E1F,VIX FUTURES - CBOE FUTURES EXCHANGE,2026-01-27T00:00:00.000,2026 Report Week 04,VIX FUTURES,1170E1,E   ,CHI,117 ,VOLATILITY/VARIANCE INDEX,362402,94841,36259,19652,50800,94984,44195,57816,76594,61912,1185,1904,4420,334821,339920,27581,22482,100.0,26.2,10.0,5.4,14.0,26.2,12.2,16.0,21.1,17.1,0.3,0.5,1.2,92.4,93.8,7.6,6.2,178,31,25,41,40,4,10,138,145,36.4,18.5,48.3,31.1,32.1,16.0,38.4,25.7,($1000 X INDEX),F90,VOLATILITY/VARIANCE INDEX,OTHER FINANCIAL INSTRUMENTS,FINANCIAL INSTRUMENTS,FutOnly,-35081,-14666,5026,-4318,-1231,305,-7230,8143,-10305,-15313,-1989,434,-1282,-37886,-32683,2805,-2398,16,22,15,16,48,7
2602031170E1F,VIX FUTURES - CBOE FUTURES EXCHANGE,2026-02-03T00:00:00.000,2026 Report Week 05,VIX FUTURES,1170E1,E   ,CHI,117 ,VOLATILITY/VARIANCE INDEX,364584,92918,32865,20876,50997,91767,43832,61447,81148,66057,1067,1575,2799,339993,340919,24591,23665,100.0,25.5,9.0,5.7,14.0,25.2,12.0,16.9,22.3,18.1,0.3,0.4,0.8,93.3,93.5,6.7,6.5,170,29,25,38,40,,8,135,138,35.3,18.1,46.2,31.3,31.2,15.7,38.3,26.1,($1000 X INDEX),F90,VOLATILITY/VARIANCE INDEX,OTHER FINANCIAL INSTRUMENTS,FINANCIAL INSTRUMENTS,FutOnly,2182,-1923,-3394,1224,197,-3217,-363,3631,4554,4145,-118,-329,-1621,5172,999,-2990,1183,15,23,15,16,47,4
2602101170E1F,VIX FUTURES - CBOE FUTURES EXCHANGE,2026-02-10T00:00:00.000,2026 Report Week 06,VIX FUTURES,1170E1,E   ,CHI,117 ,VOLATILITY/VARIANCE INDEX,371911,95754,39680,24162,53779,83402,44527,58053,80526,66984,813,4142,2487,346559,345910,25352,26001,100.0,25.7,10.7,6.5,14.5,22.4,12.0,15.6,21.7,18.0,0.2,1.1,0.7,93.2,93.0,6.8,7.0,177,26,25,37,45,4,8,142,141,35.1,17.9,46.0,30.9,30.9,15.4,37.7,25.2,($1000 X INDEX),F90,VOLATILITY/VARIANCE INDEX,OTHER FINANCIAL INSTRUMENTS,FINANCIAL INSTRUMENTS,FutOnly,7327,2836,6815,3286,2782,-8365,695,-3394,-622,927,-254,2567,-312,6566,4991,761,2336,14,21,17,20,52,6
2602171170E1F,VIX FUTURES - CBOE FUTURES EXCHANGE,2026-02-17T00:00:00.000,2026 Report Week 07,VIX FUTURES,1170E1,E   ,CHI,117 ,VOLATILITY/VARIANCE INDEX,373919,97896,40851,25280,52188,78005,45680,48861,76025,75267,2418,5207,3172,350762,349487,23157,24432,100.0,26.2,10.9,6.8,14.0,20.9,12.2,13.1,20.3,20.1,0.6,1.4,0.8,93.8,93.5,6.2,6.5,190,28,25,34,46,6,10,147,154,31.9,18.2,43.6,31.0,28.0,15.1,36.0,24.4,($1000 X INDEX),F90,VOLATILITY/VARIANCE INDEX,OTHER FINANCIAL INSTRUMENTS,FINANCIAL INSTRUMENTS,FutOnly,2008,2142,1171,1118,-1591,-5397,1153,-9192,-4501,8283,1605,1065,685,4203,3577,-2195,-1569,17,23,19,21,53,9
2602241170E1F,VIX FUTURES - CBOE FUTURES EXCHANGE,2026-02-24T00:00:00.000,2026 Report Week 08,VIX FUTURES,1170E1,E   ,CHI,117 ,VOLATILITY/VARIANCE INDEX,359373,92690,37253,17742,55602,72982,42224,57593,86973,63633,2610,6536,3653,335747,330996,23626,28377,100.0,25.8,10.4,4.9,15.5,20.3,11.7,16.0,24.2,17.7,0.7,1.8,1.0,93.4,92.1,6.6,7.9,188,28,23,41,41,7,12,148,148,33.6,18.6,44.0,30.8,30.1,15.8,37.8,24.8,($1000 X INDEX),F90,VOLATILITY/VARIANCE INDEX,OTHER FINANCIAL INSTRUMENTS,FINANCIAL INSTRUMENTS,FutOnly,-14546,-5206,-3598,-7538,3414,-5023,-3456,8732,10948,-11634,192,1329,481,-15015,-18491,469,3945,16,17,16,22,56,9
2603031170E1F,VIX FUTURES - CBOE FUTURES EXCHANGE,2026-03-03T00:00:00.000,2026 Report Week 09,VIX FUTURES,1170E1,E   ,CHI,117 ,VOLATILITY/VARIANCE INDEX,390306,99313,36247,19962,52954,77427,45677,76336,107548,59340,1481,4727,6732,361795,357660,28511,32646,100.0,25.4,9.3,5.1,13.6,19.8,11.7,19.6,27.6,15.2,0.4,1.2,1.7,92.7,91.6,7.3,8.4,193,30,25,48,40,5,10,153,149,29.6,21.0,41.5,32.2,26.1,17.0,35.7,25.6,($1000 X INDEX),F90,VOLATILITY/VARIANCE INDEX,OTHER FINANCIAL INSTRUMENTS,FINANCIAL INSTRUMENTS,FutOnly,30933,6623,-1006,2220,-2648,4445,3453,18743,20575,-4293,-1129,-1809,3079,26048,26664,4885,4269,16,19,17,22,55,8
2603101170E1F,VIX FUTURES - CBOE FUTURES EXCHANGE,2026-03-10T00:00:00.000,2026 Report Week 10,VIX FUTURES,1170E1,E   ,CHI,117 ,VOLATILITY/VARIANCE INDEX,388129,98803,39852,25280,67894,57733,43429,64308,129111,56254,1596,6447,6283,363847,364389,24282,23740,100.0,25.5,10.3,6.5,17.5,14.9,11.2,16.6,33.3,14.5,0.4,1.7,1.6,93.7,93.9,6.3,6.1,200,25,30,37,50,6,11,167,156,28.8,21.3,42.5,32.9,24.5,16.4,36.0,25.5,($1000 X INDEX),F90,VOLATILITY/VARIANCE INDEX,OTHER FINANCIAL INSTRUMENTS,FINANCIAL INSTRUMENTS,FutOnly,-2177,-510,3605,5318,14940,-19694,-2248,-12028,21563,-3086,115,1720,-449,2052,6729,-4229,-8906,17,23,19,28,59,9
2603171170E1F,VIX FUTURES - CBOE FUTURES EXCHANGE,2026-03-17T00:00:00.000,2026 Report Week 11,VIX FUTURES,1170E1,E   ,CHI,117 ,VOLATILITY/VARIANCE INDEX,390595,83279,36467,38336,61562,43154,51239,53142,117767,68018,2477,6811,7423,365476,369215,25119,21380,100.0,21.3,9.3,9.8,15.8,11.0,13.1,13.6,30.2,17.4,0.6,1.7,1.9,93.6,94.5,6.4,5.5,202,24,23,40,50,8,13,166,160,26.9,19.6,38.9,31.7,20.5,13.4,29.5,20.5,($1000 X INDEX),F90,VOLATILITY/VARIANCE INDEX,OTHER FINANCIAL INSTRUMENTS,FINANCIAL INSTRUMENTS,FutOnly,2466,-15524,-3385,13056,-6332,-14579,7810,-11166,-11344,11764,881,364,1140,1629,4826,837,-2360,18,30,22,23,58,8
2603241170E1F,VIX FUTURES - CBOE FUTURES EXCHANGE,2026-03-24T00:00:00.000,2026 Report Week 12,VIX FUTURES,1170E1,E   ,CHI,117 ,VOLATILITY/VARIANCE INDEX,342684,69001,32679,29663,52306,48395,45718,61060,101520,49467,3082,5872,7656,317953,320970,24731,21714,100.0,20.1,9.5,8.7,15.3,14.1,13.3,17.8,29.6,14.4,0.9,1.7,2.2,92.8,93.7,7.2,6.3,195,26,26,40,42,8,13,158,153,27.0,19.9,39.2,32.5,20.5,14.7,29.4,24.1,($1000 X INDEX),F90,VOLATILITY/VARIANCE INDEX,OTHER FINANCIAL INSTRUMENTS,FINANCIAL INSTRUMENTS,FutOnly,-47911,-14278,-3788,-8673,-9256,5241,-5521,7918,-16247,-18551,605,-939,233,-47523,-48245,-388,334,18,23,18,23,54,10
2603311170E1F,VIX FUTURES - CBOE FUTURES EXCHANGE,2026-03-31T00:00:00.000,2026 Report Week 13,VIX FUTURES,1170E1,E   ,CHI,117 ,VOLATILITY/VARIANCE INDEX,348816,67930,32645,36587,49667,38281,46996,58211,100457,54177,1405,3017,6472,321445,318632,27371,30184,100.0,19.5,9.4,10.5,14.2,11.0,13.5,16.7,28.8,15.5,0.4,0.9,1.9,92.2,91.3,7.8,8.7,182,23,23,37,43,5,12,149,144,26.4,18.8,40.1,31.5,20.9,14.3,29.8,21.6,($1000 X INDEX),F90,VOLATILITY/VARIANCE INDEX,OTHER FINANCIAL INSTRUMENTS,FINANCIAL INSTRUMENTS,FutOnly,6132,-1071,-34,6924,-2639,-10114,1278,-2849,-1063,4710,-1677,-2855,-1184,3492,-2338,2640,8470,17,24,17,21,52,8
2604071170E1F,VIX FUTURES - CBOE FUTURES EXCHANGE,2026-04-07T00:00:00.000,2026 Report Week 14,VIX FUTURES,1170E1,E   ,CHI,117 ,VOLATILITY/VARIANCE INDEX,346605,68838,36037,36734,51483,35913,46811,55648,100607,49748,1253,2487,7523,318038,315860,28567,30745,100.0,19.9,10.4,10.6,14.9,10.4,13.5,16.1,29.0,14.4,0.4,0.7,2.2,91.8,91.1,8.2,8.9,181,22,26,44,37,4,14,156,142,28.0,18.7,40.5,32.0,22.2,15.0,29.7,23.3,($1000 X INDEX),F90,VOLATILITY/VARIANCE INDEX,OTHER FINANCIAL INSTRUMENTS,FINANCIAL INSTRUMENTS,FutOnly,-2211,908,3392,147,1816,-2368,-185,-2563,150,-4429,-152,-530,1051,-3407,-2772,1196,561,18,24,16,22,53,6
2604141170E1F,VIX FUTURES - CBOE FUTURES EXCHANGE,2026-04-14T00:00:00.000,2026 Report Week 15,VIX FUTURES,1170E1,E   ,CHI,117 ,VOLATILITY/VARIANCE INDEX,365168,77943,51710,42301,48923,47654,47402,65256,95078,48646,2556,1518,6311,339338,340620,25830,24548,100.0,21.3,14.2,11.6,13.4,13.0,13.0,17.9,26.0,13.3,0.7,0.4,1.7,92.9,93.3,7.1,6.7,185,21,30,42,43,7,12,161,145,32.6,18.2,46.7,29.9,25.7,14.8,34.8,24.1,($1000 X INDEX),F90,VOLATILITY/VARIANCE INDEX,OTHER FINANCIAL INSTRUMENTS,FINANCIAL INSTRUMENTS,FutOnly,18563,9105,15673,5567,-2560,11741,591,9608,-5529,-1102,1303,-969,-1212,21300,24760,-2737,-6197,15,26,18,26,53,6
2604211170E1F,VIX FUTURES - CBOE FUTURES EXCHANGE,2026-04-21T00:00:00.000,2026 Report Week 16,VIX FUTURES,1170E1,E   ,CHI,117 ,VOLATILITY/VARIANCE INDEX,338391,82615,39623,25801,56605,57803,43720,49672,92055,46136,2734,1160,5913,313196,312211,25195,26180,100.0,24.4,11.7,7.6,16.7,17.1,12.9,14.7,27.2,13.6,0.8,0.3,1.7,92.6,92.3,7.4,7.7,175,24,25,34,43,7,11,141,139,37.8,18.6,48.3,32.8,31.4,16.8,38.5,26.5,($1000 X INDEX),F90,VOLATILITY/VARIANCE INDEX,OTHER FINANCIAL INSTRUMENTS,FINANCIAL INSTRUMENTS,FutOnly,-26777,4672,-12087,-16500,7682,10149,-3682,-15584,-3023,-2510,178,-358,-398,-26142,-28409,-635,1632,15,21,18,20,48,4
2604281170E1F,VIX FUTURES - CBOE FUTURES EXCHANGE,2026-04-28T00:00:00.000,2026 Report Week 17,VIX FUTURES,1170E1,E   ,CHI,117 ,VOLATILITY/VARIANCE INDEX,362343,88618,42449,25282,57703,63482,40861,60287,100608,55966,1450,987,4064,334231,333699,28112,28644,100.0,24.5,11.7,7.0,15.9,17.5,11.3,16.6,27.8,15.4,0.4,0.3,1.1,92.2,92.1,7.8,7.9,177,23,25,43,42,6,10,143,139,34.8,17.2,45.6,30.5,29.7,15.7,37.4,24.5,($1000 X INDEX),F90,VOLATILITY/VARIANCE INDEX,OTHER FINANCIAL INSTRUMENTS,FINANCIAL INSTRUMENTS,FutOnly,23952,6003,2826,-519,1098,5679,-2859,10615,8553,9830,-1284,-173,-1849,21035,21488,2917,2464,18,17,15,20,53,
2605051170E1F,VIX FUTURES - CBOE FUTURES EXCHANGE,2026-05-05T00:00:00.000,2026 Report Week 18,VIX FUTURES,1170E1,E   ,CHI,117 ,VOLATILITY/VARIANCE INDEX,387090,97972,47797,26640,57825,67874,46863,77895,116698,48011,2109,1631,3267,360582,358781,26508,28309,100.0,25.3,12.3,6.9,14.9,17.5,12.1,20.1,30.1,12.4,0.5,0.4,0.8,93.2,92.7,6.8,7.3,183,22,30,41,46,6,10,154,145,34.0,18.9,45.4,32.4,29.6,15.8,38.7,26.6,($1000 X INDEX),F90,VOLATILITY/VARIANCE INDEX,OTHER FINANCIAL INSTRUMENTS,FINANCIAL INSTRUMENTS,FutOnly,24747,9354,5348,1358,122,4392,6002,17608,16090,-7955,659,644,-797,26351,25082,-1604,-335,17,18,17,22,58,5
2605121170E1F,VIX FUTURES - CBOE FUTURES EXCHANGE,2026-05-12T00:00:00.000,2026 Report Week 19,VIX FUTURES,1170E1,E   ,CHI,117 ,VOLATILITY/VARIANCE INDEX,403191,101757,51668,27162,65802,67684,54401,71913,119492,50114,1938,2473,3982,377069,376976,26122,26215,100.0,25.2,12.8,6.7,16.3,16.8,13.5,17.8,29.6,12.4,0.5,0.6,1.0,93.5,93.5,6.5,6.5,179,25,29,38,46,7,13,148,149,38.0,19.3,49.8,32.0,33.9,15.6,42.4,26.1,($1000 X INDEX),F90,VOLATILITY/VARIANCE INDEX,OTHER FINANCIAL INSTRUMENTS,FINANCIAL INSTRUMENTS,FutOnly,16101,3785,3871,522,7977,-190,7538,-5982,2794,2103,-171,842,715,16487,18195,-386,-2094,17,20,15,18,56,7
2605191170E1F,VIX FUTURES - CBOE FUTURES EXCHANGE,2026-05-19T00:00:00.000,2026 Report Week 20,VIX FUTURES,1170E1,E   ,CHI,117 ,VOLATILITY/VARIANCE INDEX,440161,109466,58669,34189,67076,68963,56304,76102,128006,62343,2231,1755,3502,411213,413731,28948,26430,100.0,24.9,13.3,7.8,15.2,15.7,12.8,17.3,29.1,14.2,0.5,0.4,0.8,93.4,94.0,6.6,6.0,182,24,27,41,45,8,12,154,144,36.4,19.3,47.2,31.8,32.1,15.7,41.1,26.0,($1000 X INDEX),F90,VOLATILITY/VARIANCE INDEX,OTHER FINANCIAL INSTRUMENTS,FINANCIAL INSTRUMENTS,FutOnly,36970,7709,7001,7027,1274,1279,1903,4189,8514,12229,293,-718,-480,34144,36755,2826,215,15,23,18,18,54,5
2605261170E1F,VIX FUTURES - CBOE FUTURES EXCHANGE,2026-05-26T00:00:00.000,2026 Report Week 21,VIX FUTURES,1170E1,E   ,CHI,117 ,VOLATILITY/VARIANCE INDEX,384562,94566,42916,25083,67044,66677,54569,65926,115262,50121,1411,1346,3008,361728,358982,22834,25580,100.0,24.6,11.2,6.5,17.4,17.3,14.2,17.1,30.0,13.0,0.4,0.3,0.8,94.1,93.3,5.9,6.7,176,22,27,35,47,5,8,141,140,37.1,18.1,48.1,31.6,32.3,15.0,40.6,25.8,($1000 X INDEX),F90,VOLATILITY/VARIANCE INDEX,OTHER FINANCIAL INSTRUMENTS,FINANCIAL INSTRUMENTS,FutOnly,-55599,-14900,-15753,-9106,-32,-2286,-1735,-10176,-12744,-12222,-820,-409,-494,-49485,-54749,-6114,-850,14,21,18,23,49,
2606021170E1F,VIX FUTURES - CBOE FUTURES EXCHANGE,2026-06-02T00:00:00.000,2026 Report Week 22,VIX FUTURES,1170E1,E   ,CHI,117 ,VOLATILITY/VARIANCE INDEX,410614,93958,44621,26854,64339,76855,55823,80763,113796,59106,1344,2411,2922,385109,382388,25505,28226,100.0,22.9,10.9,6.5,15.7,18.7,13.6,19.7,27.7,14.4,0.3,0.6,0.7,93.8,93.1,6.2,6.9,184,23,27,44,46,4,9,150,146,34.7,18.6,45.7,32.0,30.5,15.1,38.1,23.7,($1000 X INDEX),F90,VOLATILITY/VARIANCE INDEX,OTHER FINANCIAL INSTRUMENTS,FINANCIAL INSTRUMENTS,FutOnly,26052,-608,1705,1771,-2705,10178,1254,14837,-1466,8985,-67,1065,-86,23381,23406,2671,2646,17,21,15,19,55,7
2606091170E1F,VIX FUTURES - CBOE FUTURES EXCHANGE,2026-06-09T00:00:00.000,2026 Report Week 23,VIX FUTURES,1170E1,E   ,CHI,117 ,VOLATILITY/VARIANCE INDEX,410407,98659,39646,27803,57458,83852,49640,67684,102974,75915,2580,1870,4077,383816,385777,26591,24630,100.0,24.0,9.7,6.8,14.0,20.4,12.1,16.5,25.1,18.5,0.6,0.5,1.0,93.5,94.0,6.5,6.0,190,25,26,44,49,7,9,149,153,33.0,20.7,46.6,34.1,28.2,16.9,35.0,25.9,($1000 X INDEX),F90,VOLATILITY/VARIANCE INDEX,OTHER FINANCIAL INSTRUMENTS,FINANCIAL INSTRUMENTS,FutOnly,-207,4701,-4975,949,-6881,6997,-6183,-13079,-10822,16809,1236,-541,1155,-1293,3389,1086,-3596,18,21,15,19,56,6
2606161170E1F,VIX FUTURES - CBOE FUTURES EXCHANGE,2026-06-16T00:00:00.000,2026 Report Week 24,VIX FUTURES,1170E1,E   ,CHI,117 ,VOLATILITY/VARIANCE INDEX,408302,88443,44611,41600,43380,73687,56501,86619,99914,62011,1344,2056,5481,385379,385861,22923,22441,100.0,21.7,10.9,10.2,10.6,18.0,13.8,21.2,24.5,15.2,0.3,0.5,1.3,94.4,94.5,5.6,5.5,182,24,25,39,43,6,12,150,149,28.5,19.5,42.4,32.1,23.2,15.9,32.2,25.6,($1000 X INDEX),F90,VOLATILITY/VARIANCE INDEX,OTHER FINANCIAL INSTRUMENTS,FINANCIAL INSTRUMENTS,FutOnly,-2105,-10216,4965,13797,-14078,-10165,6861,18935,-3060,-13904,-1236,186,1404,1563,84,-3668,-2189,20,25,15,18,55,10
2606231170E1F,VIX FUTURES - CBOE FUTURES EXCHANGE,2026-06-23T00:00:00.000,2026 Report Week 25,VIX FUTURES,1170E1,E   ,CHI,117 ,VOLATILITY/VARIANCE INDEX,353236,81181,35494,22789,45448,70067,48294,71314,90177,58414,2413,2549,3555,333408,331339,19828,21897,100.0,23.0,10.0,6.5,12.9,19.8,13.7,20.2,25.5,16.5,0.7,0.7,1.0,94.4,93.8,5.6,6.2,192,25,25,42,46,7,9,151,154,32.1,20.7,45.2,33.1,27.5,16.2,35.4,25.5,($1000 X INDEX),F90,VOLATILITY/VARIANCE INDEX,OTHER FINANCIAL INSTRUMENTS,FINANCIAL INSTRUMENTS,FutOnly,-55066,-7262,-9117,-18811,2068,-3620,-8207,-15305,-9737,-3597,1069,493,-1926,-51971,-54522,-3095,-544,20,22,15,19,57,9
2606301170E1F,VIX FUTURES - CBOE FUTURES EXCHANGE,2026-06-30T00:00:00.000,2026 Report Week 26,VIX FUTURES,1170E1,E   ,CHI,117 ,VOLATILITY/VARIANCE INDEX,354497,74221,37072,29097,40440,73098,45559,73565,75582,65528,1053,1307,3609,333072,330852,21425,23645,100.0,20.9,10.5,8.2,11.4,20.6,12.9,20.8,21.3,18.5,0.3,0.4,1.0,94.0,93.3,6.0,6.7,177,25,24,43,41,4,8,141,142,29.5,18.7,41.4,31.2,22.5,15.3,31.7,25.2,($1000 X INDEX),F90,VOLATILITY/VARIANCE INDEX,OTHER FINANCIAL INSTRUMENTS,FINANCIAL INSTRUMENTS,FutOnly,1261,-6960,1578,6308,-5008,3031,-2735,2251,-14595,7114,-1360,-1242,54,-336,-487,1597,1748,19,21,15,17,53,5
2607071170E1F,VIX FUTURES - CBOE FUTURES EXCHANGE,2026-07-07T00:00:00.000,2026 Report Week 27,VIX FUTURES,1170E1,E   ,CHI,117 ,VOLATILITY/VARIANCE INDEX,372859,75152,38373,32939,42096,80934,42388,85768,80656,60820,1815,1467,3767,344745,341344,28114,31515,100.0,20.2,10.3,8.8,11.3,21.7,11.4,23.0,21.6,16.3,0.5,0.4,1.0,92.5,91.5,7.5,8.5,183,26,23,48,39,8,10,146,142,28.4,17.7,40.3,29.7,22.6,14.8,32.2,23.9,($1000 X INDEX),F90,VOLATILITY/VARIANCE INDEX,OTHER FINANCIAL INSTRUMENTS,FINANCIAL INSTRUMENTS,FutOnly,18362,931,1301,3842,1656,7836,-3171,12203,5074,-4708,762,160,158,11673,10492,6689,7870,19,22,14,17,50,6
2607141170E1F,VIX FUTURES - CBOE FUTURES EXCHANGE,2026-07-14T00:00:00.000,2026 Report Week 28,VIX FUTURES,1170E1,E,CHI,117,VOLATILITY/VARIANCE INDEX,389088,75704,41369,34505,44022,87351,49578,100776,90587,55731,2059,1930,3745,366120,364796,22968,24292,100.0,19.5,10.6,8.9,11.3,22.5,12.7,25.9,23.3,14.3,0.5,0.5,1.0,94.1,93.8,5.9,6.2,192,25,23,46,41,9,10,156,145,26.0,20.2,38.4,31.8,21.1,15.7,31.1,25.1,($1000 X INDEX),F90,VOLATILITY/VARIANCE INDEX,OTHER FINANCIAL INSTRUMENTS,FINANCIAL INSTRUMENTS,FutOnly,16229,552,2996,1566,1926,6417,7190,15008,9931,-5089,244,463,-22,21375,23452,-5146,-7223,20,22,13,20,54,7
2607211170E1F,VIX FUTURES - CBOE FUTURES EXCHANGE,2026-07-21T00:00:00.000,2026 Report Week 29,VIX FUTURES,1170E1,E   ,CHI,117 ,VOLATILITY/VARIANCE INDEX,396485,80571,43931,35874,45770,87309,52927,96868,93770,53457,2200,1862,3165,370832,372295,25653,24190,100.0,20.3,11.1,9.0,11.5,22.0,13.3,24.4,23.7,13.5,0.6,0.5,0.8,93.5,93.9,6.5,6.1,192,24,24,58,36,8,7,160,143,25.9,20.6,38.7,32.7,21.2,17.2,31.6,27.0,($1000 X INDEX),F90,VOLATILITY/VARIANCE INDEX,OTHER FINANCIAL INSTRUMENTS,FINANCIAL INSTRUMENTS,FutOnly,7397,4867,2562,1369,1748,-42,3349,-3908,3183,-2274,141,-68,-580,4712,7499,2685,-102,17,23,16,20,57,6
2607281170E1F,VIX FUTURES - CBOE FUTURES EXCHANGE,2026-07-28T00:00:00.000,2026 Report Week 30,VIX FUTURES,1170E1,E   ,CHI,117 ,VOLATILITY/VARIANCE INDEX,343094,75824,29442,21407,48684,79998,45938,79888,92177,44405,2396,1199,3768,322310,318334,20784,24760,100.0,22.1,8.6,6.2,14.2,23.3,13.4,23.3,26.9,12.9,0.7,0.3,1.1,93.9,92.8,6.1,7.2,185,24,23,45,42,6,7,159,136,29.1,21.0,40.3,34.7,24.7,19.6,33.8,30.0,($1000 X INDEX),F90,VOLATILITY/VARIANCE INDEX,OTHER FINANCIAL INSTRUMENTS,FINANCIAL INSTRUMENTS,FutOnly,-53391,-4747,-14489,-14467,2914,-7311,-6989,-16980,-1593,-9052,196,-663,603,-48522,-53961,-4869,570,20,24,14,21,56,
2608041170E1F,VIX FUTURES - CBOE FUTURES EXCHANGE,2026-08-04T00:00:00.000,2026 Report Week 31,VIX FUTURES,1170E1,E   ,CHI,117 ,VOLATILITY/VARIANCE INDEX,369655,72193,39097,26262,44514,78214,45872,94849,91076,54347,2762,1450,4408,345207,340726,24448,28929,100.0,19.5,10.6,7.1,12.0,21.2,12.4,25.7,24.6,14.7,0.7,0.4,1.2,93.4,92.2,6.6,7.8,182,24,25,44,41,4,7,156,137,30.3,18.8,40.3,31.3,26.3,17.2,34.5,27.2,($1000 X INDEX),F90,VOLATILITY/VARIANCE INDEX,OTHER FINANCIAL INSTRUMENTS,FINANCIAL INSTRUMENTS,FutOnly,26561,-3631,9655,4855,-4170,-1784,-66,14961,-1101,9942,366,251,640,22897,22392,3664,4169,18,24,17,20,55,4
2608111170E1F,VIX FUTURES - CBOE FUTURES EXCHANGE,2026-08-11T00:00:00.000,2026 Report Week 32,VIX FUTURES,1170E1,E   ,CHI,117 ,VOLATILITY/VARIANCE INDEX,382010,79670,39502,28486,49073,76177,51591,83434,95561,58734,2762,1336,4683,358433,356070,23577,25940,100.0,20.9,10.3,7.5,12.8,19.9,13.5,21.8,25.0,15.4,0.7,0.3,1.2,93.8,93.2,6.2,6.8,194,25,29,41,51,4,10,166,153,30.0,15.8,39.9,28.0,25.7,14.1,33.9,22.8,($1000 X INDEX),F90,VOLATILITY/VARIANCE INDEX,OTHER FINANCIAL INSTRUMENTS,FINANCIAL INSTRUMENTS,FutOnly,12355,7477,405,2224,4559,-2037,5719,-11415,4485,4387,0,-114,275,13226,15344,-871,-2989,20,26,17,18,60,5
2608181170E1F,VIX FUTURES - CBOE FUTURES EXCHANGE,2026-08-18T00:00:00.000,2026 Report Week 33,VIX FUTURES,1170E1,E   ,CHI,117 ,VOLATILITY/VARIANCE INDEX,417768,87632,42954,33137,53725,80887,61265,95147,114240,56261,3037,1584,4397,394601,394725,23167,23043,100.0,21.0,10.3,7.9,12.9,19.4,14.7,22.8,27.3,13.5,0.7,0.4,1.1,94.5,94.5,5.5,5.5,200,26,29,46,51,5,9,170,153,28.8,17.3,39.8,28.9,24.1,14.6,32.6,23.6,($1000 X INDEX),F90,VOLATILITY/VARIANCE INDEX,OTHER FINANCIAL INSTRUMENTS,FINANCIAL INSTRUMENTS,FutOnly,35758,7962,3452,4651,4652,4710,9674,11713,18679,-2473,275,248,-286,36168,38655,-410,-2897,18,24,16,21,61,6
2608251170E1F,VIX FUTURES - CBOE FUTURES EXCHANGE,2026-08-25T00:00:00.000,2026 Report Week 34,VIX FUTURES,1170E1,E   ,CHI,117 ,VOLATILITY/VARIANCE INDEX,378681,84654,32864,23506,49710,72598,54289,78872,109015,55739,3311,1654,3774,353855,353439,24826,25242,100.0,22.4,8.7,6.2,13.1,19.2,14.3,20.8,28.8,14.7,0.9,0.4,1.0,93.4,93.3,6.6,6.7,180,22,27,44,44,6,7,151,137,32.2,17.3,42.4,29.4,26.6,15.3,34.2,24.2,($1000 X INDEX),F90,VOLATILITY/VARIANCE INDEX,OTHER FINANCIAL INSTRUMENTS,FINANCIAL INSTRUMENTS,FutOnly,-39087,-2978,-10090,-9631,-4015,-8289,-6976,-16275,-5225,-522,274,70,-623,-40746,-41286,1659,2199,18,19,13,18,55,6
2609011170E1F,VIX FUTURES - CBOE FUTURES EXCHANGE,2026-09-01T00:00:00.000,2026 Report Week 35,VIX FUTURES,1170E1,E   ,CHI,117 ,VOLATILITY/VARIANCE INDEX,410574,89558,40696,23673,53917,84942,50198,86075,112333,62291,5244,1665,4021,374977,379819,35597,30755,100.0,21.8,9.9,5.8,13.1,20.7,12.2,21.0,27.4,15.2,1.3,0.4,1.0,91.3,92.5,8.7,7.5,203,25,26,50,51,11,7,170,150,30.5,16.8,39.2,28.7,26.2,14.6,33.3,24.3,($1000 X INDEX),F90,VOLATILITY/VARIANCE INDEX,OTHER FINANCIAL INSTRUMENTS,FINANCIAL INSTRUMENTS,FutOnly,31893,4904,7832,167,4207,12344,-4091,7203,3318,6552,1933,11,247,21122,26380,10771,5513,18,20,13,21,64,7
2609081170E1F,VIX FUTURES - CBOE FUTURES EXCHANGE,2026-09-08T00:00:00.000,2026 Report Week 36,VIX FUTURES,1170E1,E   ,CHI,117 ,VOLATILITY/VARIANCE INDEX,431671,97201,44307,25026,52955,90368,55521,91185,114455,71040,5430,2270,4456,402814,407443,28857,24228,100.0,22.5,10.3,5.8,12.3,20.9,12.9,21.1,26.5,16.5,1.3,0.5,1.0,93.3,94.4,6.7,5.6,204,24,30,44,52,11,9,170,156,29.3,17.7,38.7,29.5,25.4,14.2,33.0,24.2,($1000 X INDEX),F90,VOLATILITY/VARIANCE INDEX,OTHER FINANCIAL INSTRUMENTS,FINANCIAL INSTRUMENTS,FutOnly,21097,7643,3611,1353,-962,5426,5323,5110,2122,8749,186,605,435,27837,27624,-6740,-6527,19,22,14,23,61,8
2609151170E1F,VIX FUTURES - CBOE FUTURES EXCHANGE,2026-09-15T00:00:00.000,2026 Report Week 37,VIX FUTURES,1170E1,E   ,CHI,117 ,VOLATILITY/VARIANCE INDEX,446060,106302,43501,25589,50344,103002,57326,90002,106506,81503,3222,1455,6361,420649,425243,25411,20817,100.0,23.8,9.8,5.7,11.3,23.1,12.9,20.2,23.9,18.3,0.7,0.3,1.4,94.3,95.3,5.7,4.7,207,22,28,56,46,9,9,175,158,27.2,19.5,37.4,32.8,22.6,15.1,30.5,25.9,($1000 X INDEX),F90,VOLATILITY/VARIANCE INDEX,OTHER FINANCIAL INSTRUMENTS,FINANCIAL INSTRUMENTS,FutOnly,14389,9101,-806,563,-2611,12634,1805,-1183,-7949,10463,-2208,-815,1905,17835,17800,-3446,-3411,22,22,12,25,67,5
